target,origin,forecast_date,horizon,actual,sarimax_pred,tbats_prophet_pred,var_pred,bilstm_pred,train_end_date,ensemble_pred,residual,lag1,lag2,lag3,resid_lag1,resid_lag2,month,rf_residual,final_forecast
theta,2022-12-01,2023-04-01,4,0.7772277227722773,0.7504852227957982,0.8176555058310405,0.6729135000655283,0.3975443697351347,2022-12-01,0.64541239531081,0.1318153274614673,0.7323665678280208,0.6820395877040956,0.7273968810556427,0.08275455597688786,0.0482603323496511,4,0.1207625245674018,0.7661749198782117
theta,2022-12-01,2023-05-01,5,0.731134707099793,0.7371716623225801,0.8204252195013519,0.632816649817699,0.3902770830567841,2022-12-01,0.6261942425403374,0.1049404645594556,0.7772277227722773,0.7323665678280208,0.6820395877040956,0.1318153274614673,0.08275455597688786,5,0.1023888778069735,0.7285831203473109
theta,2022-12-01,2023-06-01,6,0.6758671522719389,0.7233651704958355,0.8200906252426835,0.6135187981441056,0.3836425446532671,2022-12-01,0.6138374794518291,0.06202967282010985,0.731134707099793,0.7772277227722773,0.7323665678280208,0.1049404645594556,0.1318153274614673,6,0.05888380049337238,0.6727212799452015
theta,2022-12-01,2023-07-01,7,0.6331939941989422,0.7295747020152803,0.8237997980039623,0.5922524598419204,0.378346055319802,2022-12-01,0.6074033148700265,0.025790679328915656,0.6758671522719389,0.731134707099793,0.7772277227722773,0.06202967282010985,0.1049404645594556,7,0.020648916672832356,0.6280522315428588
theta,2022-12-01,2023-08-01,8,0.6369666008414184,0.7305404083546808,0.8291443950998215,0.6001543858478626,0.3739186133587242,2022-12-01,0.6099820078396132,0.026984593001805224,0.6331939941989422,0.6758671522719389,0.731134707099793,0.025790679328915656,0.06202967282010985,8,0.018166867703975565,0.6281488755435888
theta,2022-12-01,2023-09-01,9,0.5873963094633485,0.7479644474725262,0.8430541457526304,0.6036165556564279,0.3700401559289669,2022-12-01,0.6169411751287888,-0.029544865665440234,0.6369666008414184,0.6331939941989422,0.6758671522719389,0.026984593001805224,0.025790679328915656,9,-0.027480154956077554,0.5894610201727112
theta,2022-12-01,2023-10-01,10,0.5760417509507242,0.74922871488162,0.8422199903513674,0.5865275470003596,0.3678883486815684,2022-12-01,0.6107509066553093,-0.034709155704585104,0.5873963094633485,0.6369666008414184,0.6331939941989422,-0.029544865665440234,0.026984593001805224,10,-0.03800735154166561,0.5727435551136437
theta,2022-12-01,2023-11-01,11,0.5238689858772839,0.7182527587041111,0.8333895569596594,0.5578725377449288,0.3657994581634116,2022-12-01,0.5902704295661148,-0.06640144368883083,0.5760417509507242,0.5873963094633485,0.6369666008414184,-0.034709155704585104,-0.029544865665440234,11,-0.06183234486765682,0.528438084698458
theta,2022-12-01,2023-12-01,12,0.423118024222275,0.6834235609305611,0.8224251988918792,0.5316993153665475,0.3638583685680525,2022-12-01,0.569317170556196,-0.146199146333921,0.5238689858772839,0.5760417509507242,0.5873963094633485,-0.06640144368883083,-0.034709155704585104,12,-0.14574929742840065,0.42356787312779537
theta,2023-01-01,2023-02-01,1,0.6820395877040956,0.7057341711673912,0.7525393274626433,0.7099077095180037,0.4404300916783962,2023-01-01,0.6480010992783527,0.03403848842574286,0.423118024222275,0.5238689858772839,0.5760417509507242,-0.146199146333921,-0.06640144368883083,2,-0.04642573536599053,0.6015753639123622
theta,2023-01-01,2023-03-01,2,0.7323665678280208,0.7570854061120047,0.7639648734710734,0.7253216268999308,0.4354988936513371,2023-01-01,0.6683825882299074,0.06398397959811342,0.6820395877040956,0.423118024222275,0.5238689858772839,0.03403848842574286,-0.146199146333921,3,0.037750417996552724,0.7061330062264601
theta,2023-01-01,2023-04-01,3,0.7772277227722773,0.7653977040231074,0.790754078393018,0.7000798626268403,0.4307102114591898,2023-01-01,0.6640515768525845,0.11317614591969272,0.7323665678280208,0.6820395877040956,0.423118024222275,0.06398397959811342,0.03403848842574286,4,0.10461105775187249,0.768662634604457
theta,2023-01-01,2023-05-01,4,0.731134707099793,0.7543681028274475,0.7934754960231024,0.6570625582239197,0.4261443334500592,2023-01-01,0.645134862376652,0.08599984472314104,0.7772277227722773,0.7323665678280208,0.6820395877040956,0.11317614591969272,0.06398397959811342,5,0.09213479087471121,0.7372696532513632
theta,2023-01-01,2023-06-01,5,0.6758671522719389,0.7420113634821266,0.7930694872394308,0.642750116139561,0.4218254983623973,2023-01-01,0.6354852436592848,0.040381908612654116,0.731134707099793,0.7772277227722773,0.7323665678280208,0.08599984472314104,0.11317614591969272,6,0.04627284028464186,0.6817580839439267
theta,2023-01-01,2023-07-01,6,0.6331939941989422,0.7496123267227941,0.79667588254804,0.6336567101821592,0.4177709441758601,2023-01-01,0.6339703784070735,-0.0007763842081313088,0.6758671522719389,0.731134707099793,0.7772277227722773,0.040381908612654116,0.08599984472314104,7,0.006292844758490985,0.6402632231655645
theta,2023-01-01,2023-08-01,7,0.6369666008414184,0.7516093788109638,0.8017931192199995,0.6412718579143264,0.413298365663948,2023-01-01,0.6367101377883151,0.0002564630531033396,0.6331939941989422,0.6758671522719389,0.731134707099793,-0.0007763842081313088,0.040381908612654116,8,-0.0010877441725541859,0.6356223936157609
theta,2023-01-01,2023-09-01,8,0.5873963094633485,0.7701568465309413,0.8153207459293983,0.6482577244382567,0.408588074033691,2023-01-01,0.6449692401775401,-0.05757293071419156,0.6369666008414184,0.6331939941989422,0.6758671522719389,0.0002564630531033396,-0.0007763842081313088,9,-0.04605029482004423,0.5989189453574959
theta,2023-01-01,2023-10-01,9,0.5760417509507242,0.7718756911038274,0.8146671103195259,0.6227794531562836,0.4042232817998485,2023-01-01,0.6354799492453798,-0.059438198294655575,0.5873963094633485,0.6369666008414184,0.6331939941989422,-0.05757293071419156,0.0002564630531033396,10,-0.07414197693501166,0.5613379723103681
theta,2023-01-01,2023-11-01,10,0.5238689858772839,0.7405748478296327,0.8060710633945432,0.6002069811694242,0.4001926452354428,2023-01-01,0.6165706619321227,-0.09270167605483881,0.5760417509507242,0.5873963094633485,0.6369666008414184,-0.059438198294655575,-0.05757293071419156,11,-0.08567533020567568,0.5308953317264471
theta,2023-01-01,2023-12-01,11,0.423118024222275,0.7051818737780708,0.7955164599560033,0.5843422172177014,0.3964648411382258,2023-01-01,0.5986450110325852,-0.17552698681031015,0.5238689858772839,0.5760417509507242,0.5873963094633485,-0.09270167605483881,-0.059438198294655575,12,-0.16130079507200695,0.4373442159605782
theta,2023-01-01,2024-01-01,12,0.481831675224647,0.7101106893344152,0.8110498185022251,0.5956940845941912,0.3932045403949994,2023-01-01,0.6050680218642417,-0.12323634663959471,0.423118024222275,0.5238689858772839,0.5760417509507242,-0.17552698681031015,-0.09270167605483881,1,-0.09982826942470265,0.505239752439539
theta,2023-02-01,2023-03-01,1,0.7323665678280208,0.7343935616246382,0.7545202878079973,0.7002684375618861,0.4665736759515269,2023-02-01,0.6595735933065321,0.0727929745214887,0.481831675224647,0.423118024222275,0.5238689858772839,-0.12323634663959471,-0.17552698681031015,3,-0.0270920102705368,0.6324815830359953
theta,2023-02-01,2023-04-01,2,0.7772277227722773,0.7390924564118736,0.7803519038739789,0.6728169980525834,0.4508048003206151,2023-02-01,0.650634702362288,0.1265930204099892,0.7323665678280208,0.481831675224647,0.423118024222275,0.0727929745214887,-0.12323634663959471,4,0.11632092363310653,0.7669556259953946
theta,2023-02-01,2023-05-01,3,0.731134707099793,0.7277475485393219,0.7827038513250856,0.6299523404855979,0.4381676095007845,2023-02-01,0.6296654759164882,0.10146923118330475,0.7772277227722773,0.7323665678280208,0.481831675224647,0.1265930204099892,0.0727929745214887,5,0.09920728290314157,0.7288727588196298
theta,2023-02-01,2023-06-01,4,0.6758671522719389,0.7147588493531656,0.7824435973435893,0.6144348853868262,0.4281806646920535,2023-02-01,0.6180483636269992,0.05781878864493972,0.731134707099793,0.7772277227722773,0.7323665678280208,0.10146923118330475,0.1265930204099892,6,0.05744367810546441,0.6754920417324637
theta,2023-02-01,2023-07-01,5,0.6331939941989422,0.7213158389411661,0.7859802157435067,0.6027952786766222,0.4201251414834049,2023-02-01,0.6143623805983902,0.018831613600551966,0.6758671522719389,0.731134707099793,0.7772277227722773,0.05781878864493972,0.10146923118330475,7,0.0185081850516234,0.6328705656500137
theta,2023-02-01,2023-08-01,6,0.6369666008414184,0.7225830175416491,0.7911910714547566,0.6057997928926094,0.4131992461743276,2023-02-01,0.6147026465570249,0.02226395428439354,0.6331939941989422,0.6758671522719389,0.731134707099793,0.018831613600551966,0.05781878864493972,8,0.016186312818338017,0.6308889593753629
theta,2023-02-01,2023-09-01,7,0.5873963094633485,0.7398476153869205,0.8043709528733897,0.6118502752503071,0.4068368075550364,2023-02-01,0.6218207818689343,-0.03442447240558577,0.6369666008414184,0.6331939941989422,0.6758671522719389,0.02226395428439354,0.018831613600551966,9,-0.029511686887094508,0.5923090949818398
theta,2023-02-01,2023-10-01,8,0.5760417509507242,0.7409885054992551,0.8037154922904386,0.5856899697830723,0.4004365603175843,2023-02-01,0.6114302919599677,-0.03538854100924349,0.5873963094633485,0.6369666008414184,0.6331939941989422,-0.03442447240558577,0.02226395428439354,10,-0.03944529973577557,0.5719849922241921
theta,2023-02-01,2023-11-01,9,0.5238689858772839,0.7106057155488087,0.7956013301148036,0.5668033327606374,0.3936038263845904,2023-02-01,0.5934397583581345,-0.06957077248085053,0.5760417509507242,0.5873963094633485,0.6369666008414184,-0.03538854100924349,-0.03442447240558577,11,-0.06244715962613988,0.5309925987319946
theta,2023-02-01,2023-12-01,10,0.423118024222275,0.6763913350572591,0.7851073286792044,0.5509874357700978,0.3854443771073728,2023-02-01,0.5747979268639143,-0.15167990264163927,0.5238689858772839,0.5760417509507242,0.5873963094633485,-0.06957077248085053,-0.03538854100924349,12,-0.14782699658429335,0.42697093027962096
theta,2023-02-01,2024-01-01,11,0.481831675224647,0.6809518437767565,0.7998592654296032,0.5568622129643637,0.3764344434686197,2023-02-01,0.5777165389283028,-0.09588486370365579,0.423118024222275,0.5238689858772839,0.5760417509507242,-0.15167990264163927,-0.06957077248085053,1,-0.0898819259031263,0.4878346130251765
theta,2023-02-01,2024-02-01,12,0.452356061188408,0.6745212302209108,0.7980489890577208,0.5635105399212553,0.3655833769457947,2023-02-01,0.5752973276892168,-0.12294126650080883,0.481831675224647,0.423118024222275,0.5238689858772839,-0.09588486370365579,-0.15167990264163927,2,-0.1111071043765425,0.46419022331267434
theta,2023-03-01,2023-04-01,1,0.7772277227722773,0.7415218285627716,0.7992879412992907,0.7110899277351518,0.4469306514340794,2023-03-01,0.6659340326345624,0.11129369013771484,0.452356061188408,0.481831675224647,0.423118024222275,-0.12294126650080883,-0.09588486370365579,4,-0.05770989481281655,0.6082241378217459
theta,2023-03-01,2023-05-01,2,0.731134707099793,0.7282821814731744,0.8018320169807184,0.6688623998821932,0.4321528134065963,2023-03-01,0.6441375459349935,0.0869971611647995,0.7772277227722773,0.452356061188408,0.481831675224647,0.11129369013771484,-0.12294126650080883,5,0.09305822063969343,0.7371957665746869
theta,2023-03-01,2023-06-01,3,0.6758671522719389,0.7151157180189388,0.8012178613084786,0.6618089685687052,0.4183223577226269,2023-03-01,0.634426577442917,0.04144057482902197,0.731134707099793,0.7772277227722773,0.452356061188408,0.0869971611647995,0.11129369013771484,6,0.041528704365484496,0.6759552818084015
theta,2023-03-01,2023-07-01,4,0.6331939941989422,0.7207679820644572,0.804717833804489,0.6574201765720498,0.4055850023990932,2023-03-01,0.6318482344413763,0.0013457597575659008,0.6758671522719389,0.731134707099793,0.7772277227722773,0.04144057482902197,0.0869971611647995,7,0.006478331796792731,0.638326566238169
theta,2023-03-01,2023-08-01,5,0.6369666008414184,0.7215083454792096,0.8098562907595043,0.660456573233021,0.3932502154698462,2023-03-01,0.6307180828911784,0.006248517950240062,0.6331939941989422,0.6758671522719389,0.731134707099793,0.0013457597575659008,0.04144057482902197,8,0.002321788488617218,0.6330398713797956
theta,2023-03-01,2023-09-01,6,0.5873963094633485,0.738026760640884,0.8236220803029722,0.6595463084529,0.3790782642315415,2023-03-01,0.6333674959140103,-0.04597118645066178,0.6369666008414184,0.6331939941989422,0.6758671522719389,0.006248517950240062,0.0013457597575659008,9,-0.04257851790531377,0.5907889780086966
theta,2023-03-01,2023-10-01,7,0.5760417509507242,0.7386147124221776,0.8230442169230687,0.6347643019560215,0.3644372850588048,2023-03-01,0.6212930220728915,-0.045251271122167314,0.5873963094633485,0.6369666008414184,0.6331939941989422,-0.04597118645066178,0.006248517950240062,10,-0.06264727626553751,0.5586457458073539
theta,2023-03-01,2023-11-01,8,0.5238689858772839,0.7083024543852148,0.8145068096165833,0.6154643509095575,0.3482512594604955,2023-03-01,0.6008459493605989,-0.07697696348331495,0.5760417509507242,0.5873963094633485,0.6369666008414184,-0.045251271122167314,-0.04597118645066178,11,-0.07370354990869184,0.527142399451907
theta,2023-03-01,2023-12-01,9,0.423118024222275,0.6742824682334194,0.8039972931626332,0.6014923109099695,0.3307209447752312,2023-03-01,0.5806112408679363,-0.15749321664566124,0.5238689858772839,0.5760417509507242,0.5873963094633485,-0.07697696348331495,-0.045251271122167314,12,-0.15290181767618732,0.4277094231917489
theta,2023-03-01,2024-01-01,10,0.481831675224647,0.6786889094738787,0.8200863126014486,0.5970756512488389,0.3115154644388598,2023-03-01,0.577583597194179,-0.09575192196953197,0.423118024222275,0.5238689858772839,0.5760417509507242,-0.15749321664566124,-0.07697696348331495,1,-0.09765386346432385,0.4799297337298551
theta,2023-03-01,2024-02-01,11,0.452356061188408,0.6721402410544672,0.8180810078350068,0.6008338545784091,0.2922964884505665,2023-03-01,0.5720612090789645,-0.11970514789055653,0.481831675224647,0.423118024222275,0.5238689858772839,-0.09575192196953197,-0.15749321664566124,2,-0.11077531410938878,0.4612858949695757
theta,2023-03-01,2024-03-01,12,0.440676836492891,0.7081800638186655,0.8422800983420358,0.6139928606586662,0.2765584956139297,2023-03-01,0.5861093460152393,-0.14543250952234832,0.452356061188408,0.481831675224647,0.423118024222275,-0.11970514789055653,-0.09575192196953197,3,-0.1049503304119351,0.4811590156033042
theta,2023-04-01,2023-05-01,1,0.731134707099793,0.7560586975099701,0.7946989951688933,0.7284596810877887,0.4029083052165223,2023-04-01,0.6648814405050514,0.06625326659474162,0.440676836492891,0.452356061188408,0.481831675224647,-0.14543250952234832,-0.11970514789055653,5,-0.05897988485868743,0.6059015556463639
theta,2023-04-01,2023-06-01,2,0.6758671522719389,0.7483969355153333,0.794375711583337,0.7278736848180318,0.3958642549941986,2023-04-01,0.6607009569311306,0.01516619534080832,0.731134707099793,0.440676836492891,0.452356061188408,0.06625326659474162,-0.14543250952234832,6,0.030007635242942008,0.6907085921740727
theta,2023-04-01,2023-07-01,3,0.6331939941989422,0.7555893217284356,0.7978696753243892,0.7306068717029457,0.3889459701419016,2023-04-01,0.6624605037026418,-0.029266509503699578,0.6758671522719389,0.731134707099793,0.440676836492891,0.01516619534080832,0.06625326659474162,7,-0.020428883923017983,0.6420316197796238
theta,2023-04-01,2023-08-01,4,0.6369666008414184,0.758498459835776,0.803145889533717,0.741224945888621,0.3819180848100065,2023-04-01,0.6659020060529619,-0.028935405211543475,0.6331939941989422,0.6758671522719389,0.731134707099793,-0.029266509503699578,0.01516619534080832,8,-0.041066003267982765,0.6248360027849791
theta,2023-04-01,2023-09-01,5,0.5873963094633485,0.7772942204995941,0.816482979877797,0.7457585287641587,0.3739831204817581,2023-04-01,0.6725719822799132,-0.08517567281656468,0.6369666008414184,0.6331939941989422,0.6758671522719389,-0.028935405211543475,-0.029266509503699578,9,-0.07114648117210534,0.6014255011078079
theta,2023-04-01,2023-10-01,6,0.5760417509507242,0.7789967384643683,0.8156781971118195,0.723022258227825,0.3655911026369434,2023-04-01,0.6630287207035873,-0.08698696975286313,0.5873963094633485,0.6369666008414184,0.6331939941989422,-0.08517567281656468,-0.028935405211543475,10,-0.09019416157387068,0.5728345591297166
theta,2023-04-01,2023-11-01,7,0.5238689858772839,0.7476688880548681,0.807616394191239,0.7030050380519767,0.3569387192321109,2023-04-01,0.643934095046936,-0.12006510916965207,0.5760417509507242,0.5873963094633485,0.6369666008414184,-0.08698696975286313,-0.08517567281656468,11,-0.10329563218685682,0.5406384628600792
theta,2023-04-01,2023-12-01,8,0.423118024222275,0.712173408452165,0.79713476348648,0.6917972100219566,0.3486666466741296,2023-04-01,0.6264947100061607,-0.20337668578388574,0.5238689858772839,0.5760417509507242,0.5873963094633485,-0.12006510916965207,-0.08698696975286313,12,-0.1859644189980156,0.4405302910081451
theta,2023-04-01,2024-01-01,9,0.481831675224647,0.7174378506650461,0.8124569995595537,0.6837645661419968,0.3410856578894657,2023-04-01,0.6252065106026701,-0.1433748353780231,0.423118024222275,0.5238689858772839,0.5760417509507242,-0.20337668578388574,-0.12006510916965207,1,-0.1276257095678099,0.4975808010348602
theta,2023-04-01,2024-02-01,10,0.452356061188408,0.710841813933844,0.8107937357405639,0.6834944708152833,0.3326723209196708,2023-04-01,0.6209504605229534,-0.16859439933454545,0.481831675224647,0.423118024222275,0.5238689858772839,-0.1433748353780231,-0.20337668578388574,2,-0.12350015001040837,0.49745031051254507
theta,2023-04-01,2024-03-01,11,0.440676836492891,0.7495377053749204,0.8342297254756093,0.7074702404363012,0.3243333003248668,2023-04-01,0.6412376502185574,-0.20056081372566636,0.452356061188408,0.481831675224647,0.423118024222275,-0.16859439933454545,-0.1433748353780231,3,-0.14841971451981611,0.49281793569874127
theta,2023-04-01,2024-04-01,12,0.4724459797148317,0.7693265489117903,0.8479744065247452,0.7083302278321623,0.3157075634017658,2023-04-01,0.6468000638516228,-0.1743540841367911,0.440676836492891,0.452356061188408,0.481831675224647,-0.20056081372566636,-0.16859439933454545,4,-0.13588325576043078,0.510916808091192
theta,2023-05-01,2023-06-01,1,0.6758671522719389,0.7215052640395205,0.7756281132569752,0.7290396588924172,0.4711571276239127,2023-05-01,0.6694613576227137,0.006405794649225194,0.4724459797148317,0.440676836492891,0.452356061188408,-0.1743540841367911,-0.20056081372566636,6,-0.05294291575425551,0.6165184418684583
theta,2023-05-01,2023-07-01,2,0.6331939941989422,0.7273470545791381,0.7789266962138242,0.732129324246254,0.4551710991736797,2023-05-01,0.6687168056171483,-0.035522811418206124,0.6758671522719389,0.4724459797148317,0.440676836492891,0.006405794649225194,-0.1743540841367911,7,-0.02795377189483586,0.6407630337223125
theta,2023-05-01,2023-08-01,3,0.6369666008414184,0.7299450085176741,0.7839944585890491,0.7420790764722309,0.4392466729278262,2023-05-01,0.6696397748999122,-0.03267317405849379,0.6331939941989422,0.6758671522719389,0.4724459797148317,-0.035522811418206124,0.006405794649225194,8,-0.04061664392706998,0.6290231309728422
theta,2023-05-01,2023-09-01,4,0.5873963094633485,0.7478145660973137,0.796900715459375,0.7459966333874235,0.4229129355694186,2023-05-01,0.6737262402567152,-0.0863299307933667,0.6369666008414184,0.6331939941989422,0.6758671522719389,-0.03267317405849379,-0.035522811418206124,9,-0.07336087206091614,0.6003653681957991
theta,2023-05-01,2023-10-01,5,0.5760417509507242,0.7493384390293201,0.7960971618181547,0.723889505334759,0.4064776781555905,2023-05-01,0.6623864700566836,-0.08634471910595942,0.5873963094633485,0.6369666008414184,0.6331939941989422,-0.0863299307933667,-0.03267317405849379,10,-0.09151695169175213,0.5708695183649315
theta,2023-05-01,2023-11-01,6,0.5238689858772839,0.7190629520928872,0.7883030410698808,0.7056955240548811,0.3896629943084089,2023-05-01,0.6422690589532158,-0.11840007307593192,0.5760417509507242,0.5873963094633485,0.6369666008414184,-0.08634471910595942,-0.0863299307933667,11,-0.10275845029368982,0.539510608659526
theta,2023-05-01,2023-12-01,7,0.423118024222275,0.6848158813639924,0.778260140543767,0.694085918476267,0.3721869264299974,2023-05-01,0.6228574498279004,-0.19973942560562535,0.5238689858772839,0.5760417509507242,0.5873963094633485,-0.11840007307593192,-0.08634471910595942,12,-0.18319415827629526,0.4396632915516051
theta,2023-05-01,2024-01-01,8,0.481831675224647,0.6897926451672057,0.7933419383740031,0.6864118820052596,0.354643963055497,2023-05-01,0.6191501102979708,-0.13731843507332386,0.423118024222275,0.5238689858772839,0.5760417509507242,-0.19973942560562535,-0.11840007307593192,1,-0.12324271919521639,0.49590739110275445
theta,2023-05-01,2024-02-01,9,0.452356061188408,0.6834025758042079,0.7919547039232506,0.6851592042185705,0.3348149646933691,2023-05-01,0.6118590601656484,-0.1595029989772404,0.481831675224647,0.423118024222275,0.5238689858772839,-0.13731843507332386,-0.19973942560562535,2,-0.12924335850331936,0.48261570166232903
theta,2023-05-01,2024-03-01,10,0.440676836492891,0.7205937123163481,0.8144692097912671,0.7105414380787028,0.3144641899985751,2023-05-01,0.629156834655905,-0.18847999816301397,0.452356061188408,0.481831675224647,0.423118024222275,-0.1595029989772404,-0.13731843507332386,3,-0.15547527574544984,0.47368155891045516
theta,2023-05-01,2024-04-01,11,0.4724459797148317,0.7395759786036312,0.8277139274875055,0.7130590448485777,0.292958615871805,2023-05-01,0.6318575658214518,-0.1594115861066201,0.440676836492891,0.452356061188408,0.481831675224647,-0.18847999816301397,-0.1595029989772404,4,-0.12915385369114657,0.5027037121303053
theta,2023-05-01,2024-05-01,12,0.4465886868979503,0.7298886280609047,0.8274011397804558,0.7044075536070916,0.2727272287678055,2023-05-01,0.6210730699117344,-0.1744843830137841,0.4724459797148317,0.440676836492891,0.452356061188408,-0.1594115861066201,-0.18847999816301397,5,-0.13693556592109896,0.48413750399063543
theta,2023-06-01,2023-07-01,1,0.6331939941989422,0.6820610234009507,0.7488980511625755,0.6780350732999879,0.4422803500362449,2023-06-01,0.6300987555666366,0.0030952386323055414,0.4465886868979503,0.4724459797148317,0.440676836492891,-0.1744843830137841,-0.1594115861066201,7,-0.06087573473655934,0.5692230208300773
theta,2023-06-01,2023-08-01,2,0.6369666008414184,0.6805553216732513,0.7534926255091695,0.6820688551990542,0.4361297880277058,2023-06-01,0.6301089766837371,0.006857624157681319,0.6331939941989422,0.4465886868979503,0.4724459797148317,0.0030952386323055414,-0.1744843830137841,8,-0.0072672481202185725,0.6228417285635185
theta,2023-06-01,2023-09-01,3,0.5873963094633485,0.696693443117374,0.7658022258159544,0.6775485150869244,0.428928072177387,2023-06-01,0.6329230097052039,-0.045526700241855345,0.6369666008414184,0.6331939941989422,0.4465886868979503,0.006857624157681319,0.0030952386323055414,9,-0.03830987966999905,0.5946131300352049
theta,2023-06-01,2023-10-01,4,0.5760417509507242,0.6972441761103895,0.7649375812557297,0.6504077139030828,0.4211951324342138,2023-06-01,0.6216710180717255,-0.04562926712100135,0.5873963094633485,0.6369666008414184,0.6331939941989422,-0.045526700241855345,0.006857624157681319,10,-0.05861567722953197,0.5630553408421936
theta,2023-06-01,2023-11-01,5,0.5238689858772839,0.6682716626704496,0.7570620305934468,0.6310200899256458,0.4130498371219781,2023-06-01,0.6036231031662624,-0.07975411728897852,0.5760417509507242,0.5873963094633485,0.6369666008414184,-0.04562926712100135,-0.045526700241855345,11,-0.07602020890171497,0.5276028942645474
theta,2023-06-01,2023-12-01,6,0.423118024222275,0.6357320610047911,0.7473264871548051,0.62007484039156,0.404848046422036,2023-06-01,0.5872370584729388,-0.16411903425066382,0.5238689858772839,0.5760417509507242,0.5873963094633485,-0.07975411728897852,-0.04562926712100135,12,-0.15431262385450606,0.4329244346184328
theta,2023-06-01,2024-01-01,7,0.481831675224647,0.6397836955297105,0.7622165399496353,0.6109756629495322,0.3968071349285214,2023-06-01,0.5850636132474284,-0.10323193802278141,0.423118024222275,0.5238689858772839,0.5760417509507242,-0.16411903425066382,-0.07975411728897852,1,-0.10028934038151584,0.48477427286591257
theta,2023-06-01,2024-02-01,8,0.452356061188408,0.6335887032351285,0.7607526420647506,0.6066355808058036,0.3876929525282948,2023-06-01,0.5793636602617229,-0.12700759907331494,0.481831675224647,0.423118024222275,0.5238689858772839,-0.10323193802278141,-0.16411903425066382,2,-0.10739848001651128,0.4719651802452116
theta,2023-06-01,2024-03-01,9,0.440676836492891,0.66804673158931,0.7825429341687562,0.6298833302155722,0.3783105177747499,2023-06-01,0.5977199075364905,-0.1570430710435995,0.452356061188408,0.481831675224647,0.423118024222275,-0.12700759907331494,-0.10323193802278141,3,-0.1218358540719426,0.47588405346454793
theta,2023-06-01,2024-04-01,10,0.4724459797148317,0.6853398674563712,0.7946049677160274,0.638410863576024,0.3681711983590136,2023-06-01,0.6046510203981815,-0.13220504068334982,0.440676836492891,0.452356061188408,0.481831675224647,-0.1570430710435995,-0.12700759907331494,4,-0.11499833410509677,0.4896526862930848
theta,2023-06-01,2024-05-01,11,0.4465886868979503,0.6760681255230475,0.7940776217857984,0.6262080649340063,0.3572209243602602,2023-06-01,0.5949940825810358,-0.14840539568308553,0.4724459797148317,0.440676836492891,0.452356061188408,-0.13220504068334982,-0.1570430710435995,5,-0.1297052298154509,0.4652888527655849
theta,2023-06-01,2024-06-01,12,0.4115390021082221,0.6647367476855646,0.800845431382514,0.6221072004028801,0.3463150650927846,2023-06-01,0.5884329663614528,-0.17689396425323073,0.4465886868979503,0.4724459797148317,0.440676836492891,-0.14840539568308553,-0.13220504068334982,6,-0.13069908780314765,0.45773387855830516
theta,2023-07-01,2023-08-01,1,0.6369666008414184,0.637823062920914,0.7441735513433709,0.6379519635615417,0.4430284530861363,2023-07-01,0.6029919523684164,0.03397464847300202,0.4115390021082221,0.4465886868979503,0.4724459797148317,-0.17689396425323073,-0.14840539568308553,8,-0.03674031503005768,0.5662516373383587
theta,2023-07-01,2023-09-01,2,0.5873963094633485,0.6459556524140004,0.756391434732536,0.6290135150796181,0.4370972593807254,2023-07-01,0.6022528743374513,-0.014856564874102807,0.6369666008414184,0.4115390021082221,0.4465886868979503,0.03397464847300202,-0.17689396425323073,9,-0.018086552723393937,0.5841663216140573
theta,2023-07-01,2023-10-01,3,0.5760417509507242,0.644734383846335,0.7553595458665564,0.5987266422686603,0.431366154151194,2023-07-01,0.5898643024276834,-0.01382255147695921,0.5873963094633485,0.6369666008414184,0.4115390021082221,-0.014856564874102807,0.03397464847300202,10,-0.027098598735612607,0.5627657036920708
theta,2023-07-01,2023-11-01,4,0.5238689858772839,0.6157319436550417,0.7467337574177039,0.5761882573293462,0.4257260139387628,2023-07-01,0.5712361454656114,-0.04736715958832749,0.5760417509507242,0.5873963094633485,0.6369666008414184,-0.01382255147695921,-0.014856564874102807,11,-0.04670472802331415,0.5245314174422973
theta,2023-07-01,2023-12-01,5,0.423118024222275,0.5844396037912184,0.7369364260884484,0.5632872895082182,0.4204460252986964,2023-07-01,0.5552383309139642,-0.13212030669168923,0.5238689858772839,0.5760417509507242,0.5873963094633485,-0.04736715958832749,-0.01382255147695921,12,-0.12854142290986845,0.42669690800409577
theta,2023-07-01,2024-01-01,6,0.481831675224647,0.5870191776613842,0.7523529667464567,0.5529070389882329,0.4155380610377171,2023-07-01,0.5530213029968379,-0.07118962777219096,0.423118024222275,0.5238689858772839,0.5760417509507242,-0.13212030669168923,-0.04736715958832749,1,-0.08081887366190467,0.4722024293349333
theta,2023-07-01,2024-02-01,7,0.452356061188408,0.5803373567324297,0.7505171427965476,0.5474398761770127,0.4103794359687374,2023-07-01,0.5477103265017641,-0.09535426531335611,0.481831675224647,0.423118024222275,0.5238689858772839,-0.07118962777219096,-0.13212030669168923,2,-0.09452847481797022,0.4531818516837939
theta,2023-07-01,2024-03-01,8,0.440676836492891,0.6109153104540674,0.7729087804397402,0.5653560270485508,0.4053958174036597,2023-07-01,0.5642374518633458,-0.12356061537045482,0.452356061188408,0.481831675224647,0.423118024222275,-0.09535426531335611,-0.07118962777219096,3,-0.10229627749733804,0.4619411743660078
theta,2023-07-01,2024-04-01,9,0.4724459797148317,0.6261183369126494,0.7835975303959825,0.5745843515026774,0.4007167094295918,2023-07-01,0.5719756039507949,-0.09952962423596323,0.440676836492891,0.452356061188408,0.481831675224647,-0.12356061537045482,-0.09535426531335611,4,-0.08192378510945392,0.490051818841341
theta,2023-07-01,2024-05-01,10,0.4465886868979503,0.6172018546121502,0.7825345511358608,0.5669367149410374,0.3962670685771919,2023-07-01,0.5655256539338264,-0.11893696703587608,0.4724459797148317,0.440676836492891,0.452356061188408,-0.09952962423596323,-0.12356061537045482,5,-0.1088313357619221,0.45669431817190426
theta,2023-07-01,2024-06-01,11,0.4115390021082221,0.6065749172329973,0.7893721245853776,0.5581248815260091,0.3919322509646586,2023-07-01,0.5591455890346126,-0.14760658692639056,0.4465886868979503,0.4724459797148317,0.440676836492891,-0.11893696703587608,-0.09952962423596323,6,-0.11010935816178552,0.4490362308728271
theta,2023-07-01,2024-07-01,12,0.3965370552664885,0.6032561118187534,0.7935036690056431,0.5609259709831801,0.3875817595502913,2023-07-01,0.5585869908056086,-0.16204993553912006,0.4115390021082221,0.4465886868979503,0.4724459797148317,-0.14760658692639056,-0.11893696703587608,7,-0.10447256913466575,0.45411442167094285
theta,2023-08-01,2023-09-01,1,0.5873963094633485,0.6470750178993055,0.7586830353034085,0.6301085432363742,0.4709485676824886,2023-08-01,0.6114930958999734,-0.02409678643662483,0.3965370552664885,0.4115390021082221,0.4465886868979503,-0.16204993553912006,-0.14760658692639056,9,-0.07316193220900312,0.5383311636909702
theta,2023-08-01,2023-10-01,2,0.5760417509507242,0.6448855325771767,0.7572564378074356,0.5995932053315828,0.4630473508299074,2023-08-01,0.5981680467336157,-0.022126295782891492,0.5873963094633485,0.3965370552664885,0.4115390021082221,-0.02409678643662483,-0.16204993553912006,10,-0.03708687747138289,0.5610811692622328
theta,2023-08-01,2023-11-01,3,0.5238689858772839,0.6156783600520163,0.7486429939496911,0.578198649912044,0.4554840485204309,2023-08-01,0.5794096703228176,-0.05554068444553373,0.5760417509507242,0.5873963094633485,0.3965370552664885,-0.022126295782891492,-0.02409678643662483,11,-0.049571851461992875,0.5298378188608248
theta,2023-08-01,2023-12-01,4,0.423118024222275,0.5840591243243658,0.7383430189985127,0.5662724300252674,0.4484632078272267,2023-08-01,0.5631707000694299,-0.14005267584715492,0.5238689858772839,0.5760417509507242,0.5873963094633485,-0.05554068444553373,-0.022126295782891492,12,-0.13592942680342648,0.4272412732660035
theta,2023-08-01,2024-01-01,5,0.481831675224647,0.5864260477239839,0.7529156044089216,0.5552649077490577,0.4420163697927338,2023-08-01,0.5601981573578244,-0.07836648213317743,0.423118024222275,0.5238689858772839,0.5760417509507242,-0.14005267584715492,-0.05554068444553373,1,-0.080406755956668,0.4797914014011564
theta,2023-08-01,2024-02-01,6,0.452356061188408,0.5795512637120189,0.7512271346452207,0.5475629283499098,0.4358397164310794,2023-08-01,0.5538246215603497,-0.10146856037194174,0.481831675224647,0.423118024222275,0.5238689858772839,-0.07836648213317743,-0.14005267584715492,2,-0.09763356469212386,0.45619105686822586
theta,2023-08-01,2024-03-01,7,0.440676836492891,0.6099077532491657,0.7738964066002246,0.5659401847499764,0.4300706101973382,2023-08-01,0.5702890071632599,-0.1296121706703689,0.452356061188408,0.481831675224647,0.423118024222275,-0.10146856037194174,-0.07836648213317743,3,-0.10422527255680772,0.46606373460645223
theta,2023-08-01,2024-04-01,8,0.4724459797148317,0.6249614963020518,0.7850197560626601,0.5747928165006426,0.4249950049149794,2023-08-01,0.5778085150897165,-0.10536253537488482,0.440676836492891,0.452356061188408,0.481831675224647,-0.1296121706703689,-0.10146856037194174,4,-0.09744567119210734,0.4803628438976092
theta,2023-08-01,2024-05-01,9,0.4465886868979503,0.6159688189415762,0.7837954545339887,0.5683470634026196,0.4205972155898572,2023-08-01,0.5717471197384952,-0.12515843284054495,0.4724459797148317,0.440676836492891,0.452356061188408,-0.10536253537488482,-0.1296121706703689,5,-0.10875501416090523,0.46299210557759
theta,2023-08-01,2024-06-01,10,0.4115390021082221,0.6052988969811164,0.7899578404547495,0.557594509309779,0.4166195844206067,2023-08-01,0.5646876906107893,-0.1531486885025672,0.4465886868979503,0.4724459797148317,0.440676836492891,-0.12515843284054495,-0.10536253537488482,6,-0.11448039037753258,0.4502073002332567
theta,2023-08-01,2024-07-01,11,0.3965370552664885,0.6019093715056525,0.7936032692566265,0.5586393141106651,0.4127870299473202,2023-08-01,0.5635674816790942,-0.16703042641260568,0.4115390021082221,0.4465886868979503,0.4724459797148317,-0.1531486885025672,-0.12515843284054495,7,-0.11814986734882746,0.4454176143302667
theta,2023-08-01,2024-08-01,12,0.3888261078008355,0.603202880402809,0.8028512650228172,0.5672013609312964,0.409157489039451,2023-08-01,0.5671301232957235,-0.17830401549488806,0.3965370552664885,0.4115390021082221,0.4465886868979503,-0.16703042641260568,-0.1531486885025672,8,-0.10513855241001854,0.46199157088570497
theta,2023-09-01,2023-10-01,1,0.5760417509507242,0.5917158022612099,0.746154843270347,0.5630473178837867,0.4681565138273711,2023-09-01,0.5700067056591033,0.006035045291620911,0.3888261078008355,0.3965370552664885,0.4115390021082221,-0.17830401549488806,-0.16703042641260568,10,-0.0268178190112912,0.5431888866478121
theta,2023-09-01,2023-11-01,2,0.5238689858772839,0.5574680399413928,0.7373764261658039,0.5386521262215601,0.4528990779364745,2023-09-01,0.5468490724494006,-0.022980086572116698,0.5760417509507242,0.3888261078008355,0.3965370552664885,0.006035045291620911,-0.17830401549488806,11,-0.02792383869266022,0.5189252337567404
theta,2023-09-01,2023-12-01,3,0.423118024222275,0.5274213886591472,0.7267721375969978,0.5253512133562536,0.4408489644445317,2023-09-01,0.5293245433350653,-0.10620651911279028,0.5238689858772839,0.5760417509507242,0.3888261078008355,-0.022980086572116698,0.006035045291620911,12,-0.08826887341140652,0.44105566992365874
theta,2023-09-01,2024-01-01,4,0.481831675224647,0.5272144109990641,0.7406639183132399,0.5129999808079955,0.432057035071921,2023-09-01,0.5244865355745809,-0.04265486034993393,0.423118024222275,0.5238689858772839,0.5760417509507242,-0.10620651911279028,-0.022980086572116698,1,-0.0788208307700499,0.44566570480453105
theta,2023-09-01,2024-02-01,5,0.452356061188408,0.5192174705451359,0.7386985391328701,0.5024522120586278,0.4247683611025487,2023-09-01,0.5164957364806314,-0.06413967529222342,0.481831675224647,0.423118024222275,0.5238689858772839,-0.04265486034993393,-0.10620651911279028,2,-0.06038362175978396,0.45611211472084745
theta,2023-09-01,2024-03-01,6,0.440676836492891,0.5443834129780778,0.7618815057771207,0.5131386532892576,0.4191712485599792,2023-09-01,0.5288903392954141,-0.08821350280252305,0.452356061188408,0.481831675224647,0.423118024222275,-0.06413967529222342,-0.04265486034993393,3,-0.08290813270234067,0.4459822065930734
theta,2023-09-01,2024-04-01,7,0.4724459797148317,0.5567179486491084,0.7726173194011844,0.5203151865227819,0.4139522041227916,2023-09-01,0.5349592706238304,-0.06251329090899871,0.440676836492891,0.452356061188408,0.481831675224647,-0.08821350280252305,-0.06413967529222342,4,-0.07974225161456693,0.4552170190092635
theta,2023-09-01,2024-05-01,8,0.4465886868979503,0.5479280723318237,0.771009788206522,0.5110607267087129,0.4081790674303532,2023-09-01,0.527600300314229,-0.08101161341627872,0.4724459797148317,0.440676836492891,0.452356061188408,-0.06251329090899871,-0.08821350280252305,5,-0.08379690288866913,0.44380339742555985
theta,2023-09-01,2024-06-01,9,0.4115390021082221,0.5380015226343693,0.776517606170484,0.5047492688417752,0.4019474899885722,2023-09-01,0.5216695780745,-0.1101305759662779,0.4465886868979503,0.4724459797148317,0.440676836492891,-0.08101161341627872,-0.06251329090899871,6,-0.08989139373949737,0.4317781843350026
theta,2023-09-01,2024-07-01,10,0.3965370552664885,0.534084190195705,0.7796478040566954,0.5052199147486716,0.3947720268046307,2023-09-01,0.519319825595343,-0.12278277032885443,0.4115390021082221,0.4465886868979503,0.4724459797148317,-0.1101305759662779,-0.08101161341627872,7,-0.09710099859737795,0.422218826997965
theta,2023-09-01,2024-08-01,11,0.3888261078008355,0.5346669099501701,0.7884888643658139,0.5050848115397155,0.3862542225335259,2023-09-01,0.5184160224919807,-0.12958991469114522,0.3965370552664885,0.4115390021082221,0.4465886868979503,-0.12278277032885443,-0.1101305759662779,8,-0.09243590344927861,0.4259801190427021
theta,2023-09-01,2024-09-01,12,0.3940873319869071,0.5322180810455373,0.7968509017840618,0.5017094601412215,0.3758119155717819,2023-09-01,0.5149825937972851,-0.12089526181037796,0.3888261078008355,0.3965370552664885,0.4115390021082221,-0.12958991469114522,-0.12278277032885443,9,-0.09479269229570204,0.42018990150158303
theta,2023-10-01,2023-11-01,1,0.5238689858772839,0.5377115087492058,0.688856112365631,0.544312912645056,0.4062412890434451,2023-10-01,0.5259215050465349,-0.002052519169250977,0.3940873319869071,0.3888261078008355,0.3965370552664885,-0.12089526181037796,-0.12958991469114522,11,-0.08328607719672544,0.44263542784980947
theta,2023-10-01,2023-12-01,2,0.423118024222275,0.5095360577351848,0.6783772943560136,0.5324212199985435,0.3936549235985289,2023-10-01,0.5093121648152816,-0.08619414059300662,0.5238689858772839,0.3940873319869071,0.3888261078008355,-0.002052519169250977,-0.12089526181037796,12,-0.06568992501752499,0.4436222397977566
theta,2023-10-01,2024-01-01,3,0.481831675224647,0.5095077642769116,0.6906764687895415,0.5170076281530055,0.3809090612646916,2023-10-01,0.5023080348854977,-0.020476359660850707,0.423118024222275,0.5238689858772839,0.3940873319869071,-0.08619414059300662,-0.002052519169250977,1,-0.06212082704165142,0.44018720784384624
theta,2023-10-01,2024-02-01,4,0.452356061188408,0.5023015898505528,0.6876936086137222,0.5039469452332425,0.3685193376540891,2023-10-01,0.492307642448352,-0.039951581259944025,0.481831675224647,0.423118024222275,0.5238689858772839,-0.020476359660850707,-0.08619414059300662,2,-0.03618540194991316,0.45612224049843886
theta,2023-10-01,2024-03-01,5,0.440676836492891,0.5270875192496518,0.7104204569433388,0.5172069051278221,0.3562255928895566,2023-10-01,0.5037965329232412,-0.0631196964303502,0.452356061188408,0.481831675224647,0.423118024222275,-0.039951581259944025,-0.020476359660850707,3,-0.057200840802521795,0.4465956921207194
theta,2023-10-01,2024-04-01,6,0.4724459797148317,0.5392846239879767,0.7199871795735066,0.5329835923804918,0.3448024183490343,2023-10-01,0.5111571998871398,-0.0387112201723081,0.440676836492891,0.452356061188408,0.481831675224647,-0.0631196964303502,-0.039951581259944025,4,-0.06604432313620616,0.44511287675093364
theta,2023-10-01,2024-05-01,7,0.4465886868979503,0.5309564654697558,0.7181433044762642,0.5224290244018349,0.3353262573440963,2023-10-01,0.5025486347290119,-0.05595994783106162,0.4724459797148317,0.440676836492891,0.452356061188408,-0.0387112201723081,-0.0631196964303502,5,-0.0545256687765588,0.4480229659524531
theta,2023-10-01,2024-06-01,8,0.4115390021082221,0.5214439452561364,0.7231932210472719,0.5178722989860646,0.3272166427497309,2023-10-01,0.4968339467711665,-0.0852949446629444,0.4465886868979503,0.4724459797148317,0.440676836492891,-0.05595994783106162,-0.0387112201723081,6,-0.07889425793579374,0.41793968883537275
theta,2023-10-01,2024-07-01,9,0.3965370552664885,0.5178791350450404,0.7255872762194506,0.5142014391482631,0.3199251449573242,2023-10-01,0.4930326907090002,-0.09649563544251166,0.4115390021082221,0.4465886868979503,0.4724459797148317,-0.0852949446629444,-0.05595994783106162,7,-0.08358732545478612,0.40944536525421404
theta,2023-10-01,2024-08-01,10,0.3888261078008355,0.5185826164748675,0.7334037757637748,0.5199381196405151,0.3136174331003799,2023-10-01,0.4946194246935838,-0.10579331689274829,0.3965370552664885,0.4115390021082221,0.4465886868979503,-0.09649563544251166,-0.0852949446629444,8,-0.09495022032185854,0.39966920437172526
theta,2023-10-01,2024-09-01,11,0.3940873319869071,0.5164494564289853,0.740558407752827,0.5237614170947466,0.3099352783801085,2023-10-01,0.4952824078714568,-0.10119507588454968,0.3888261078008355,0.3965370552664885,0.4115390021082221,-0.10579331689274829,-0.09649563544251166,9,-0.09325826754109658,0.4020241403303602
theta,2023-10-01,2024-10-01,12,0.380092687248688,0.5200261142070789,0.7382202716073601,0.5287697558644829,0.3070942264090154,2023-10-01,0.4970847336795002,-0.11699204643081218,0.3940873319869071,0.3888261078008355,0.3965370552664885,-0.10119507588454968,-0.10579331689274829,10,-0.09415439375609651,0.40293033992340366
theta,2023-11-01,2023-12-01,1,0.423118024222275,0.4974331748596417,0.6710229962875853,0.5123126676870982,0.4328524298676934,2023-11-01,0.5075182714477805,-0.08440024722550549,0.380092687248688,0.3940873319869071,0.3888261078008355,-0.11699204643081218,-0.10119507588454968,12,-0.10442240109789619,0.4030958703498843
theta,2023-11-01,2024-01-01,2,0.481831675224647,0.495814198079268,0.6824506523879811,0.4954337961693603,0.4278583228408841,2023-11-01,0.5013330996227864,-0.0195014243981394,0.423118024222275,0.380092687248688,0.3940873319869071,-0.08440024722550549,-0.11699204643081218,1,-0.0663782362014639,0.4349548634213225
theta,2023-11-01,2024-02-01,3,0.452356061188408,0.4884307955687343,0.6791404812411325,0.4802810989223528,0.4222737187384845,2023-11-01,0.492177288719271,-0.039821227530863035,0.481831675224647,0.423118024222275,0.380092687248688,-0.0195014243981394,-0.08440024722550549,2,-0.03618564047224994,0.4559916482470211
theta,2023-11-01,2024-03-01,4,0.440676836492891,0.5120403310678519,0.700874382127548,0.4904054319145455,0.4167816347856675,2023-11-01,0.5037789530206829,-0.06310211652779185,0.452356061188408,0.481831675224647,0.423118024222275,-0.039821227530863035,-0.0195014243981394,3,-0.05719459967070251,0.44658435334998037
theta,2023-11-01,2024-04-01,5,0.4724459797148317,0.5235635212751147,0.710977408452472,0.5040608149805672,0.4108739076203146,2023-11-01,0.5116182778151561,-0.03917229810032441,0.440676836492891,0.452356061188408,0.481831675224647,-0.06310211652779185,-0.039821227530863035,4,-0.06605262253891046,0.44556565527624564
theta,2023-11-01,2024-05-01,6,0.4465886868979503,0.515132396725756,0.7094031021893128,0.4935379511250156,0.4044563107801439,2023-11-01,0.5037695877599375,-0.05718090086198724,0.4724459797148317,0.440676836492891,0.452356061188408,-0.03917229810032441,-0.06310211652779185,5,-0.05686696522673786,0.4469026225331997
theta,2023-11-01,2024-06-01,7,0.4115390021082221,0.5056342025282645,0.7141358573718088,0.4882348372585726,0.3980213114832428,2023-11-01,0.4981709383047636,-0.08663193619654153,0.4465886868979503,0.4724459797148317,0.440676836492891,-0.05718090086198724,-0.03917229810032441,6,-0.07895163609812723,0.4192193022066364
theta,2023-11-01,2024-07-01,8,0.3965370552664885,0.501956351675249,0.7160463904917677,0.4833757355204414,0.3916283272675533,2023-11-01,0.4940861938509069,-0.09754913858441838,0.4115390021082221,0.4465886868979503,0.4724459797148317,-0.08663193619654153,-0.05718090086198724,7,-0.08393760192621215,0.41014859192469477
theta,2023-11-01,2024-08-01,9,0.3888261078008355,0.5024785553437793,0.7230820517616586,0.4890877240042531,0.3853752422352758,2023-11-01,0.4955321455958884,-0.10670603779505289,0.3965370552664885,0.4115390021082221,0.4465886868979503,-0.09754913858441838,-0.08663193619654153,8,-0.09495022032185854,0.4005819252740298
theta,2023-11-01,2024-09-01,10,0.3940873319869071,0.5002594112276035,0.7295205574204957,0.4949097941633835,0.3789871593109563,2023-11-01,0.496118197869578,-0.10203086588267091,0.3888261078008355,0.3965370552664885,0.4115390021082221,-0.10670603779505289,-0.09754913858441838,9,-0.09382128026026028,0.40229691760931774
theta,2023-11-01,2024-10-01,11,0.380092687248688,0.5036224091382885,0.7269325742597493,0.4974959739859103,0.3730075799455439,2023-11-01,0.49622201437888,-0.11612932713019203,0.3940873319869071,0.3888261078008355,0.3965370552664885,-0.10203086588267091,-0.10670603779505289,10,-0.09424998716837617,0.40197202721050385
theta,2023-11-01,2024-11-01,12,0.3367218054754119,0.4827992727473659,0.7286344568434489,0.4916526959953122,0.3667396585058533,2023-11-01,0.4868353492076331,-0.1501135437322212,0.380092687248688,0.3940873319869071,0.3888261078008355,-0.11612932713019203,-0.10203086588267091,11,-0.09740744934478401,0.3894278998628491
theta,2023-12-01,2024-01-01,1,0.481831675224647,0.43298625982484,0.6734762888857038,0.416228082618204,0.4367415902265138,2023-12-01,0.4567412691130171,0.02509040611162988,0.3367218054754119,0.380092687248688,0.3940873319869071,-0.1501135437322212,-0.11612932713019203,1,-0.07927842417104157,0.3774628449419755
theta,2023-12-01,2024-02-01,2,0.452356061188408,0.4155875572969478,0.6695984855808251,0.3947595576500975,0.4309021045668747,2023-12-01,0.4423624671144056,0.00999359407400241,0.481831675224647,0.3367218054754119,0.380092687248688,0.02509040611162988,-0.1501135437322212,2,0.0006364963819842879,0.44299896349638984
theta,2023-12-01,2024-03-01,3,0.440676836492891,0.4338714997923105,0.6887685416847457,0.3968735020272165,0.4251101230112976,2023-12-01,0.4492624195128807,-0.008585583019989684,0.452356061188408,0.481831675224647,0.3367218054754119,0.00999359407400241,0.02509040611162988,3,-0.013538255900103354,0.4357241636127773
theta,2023-12-01,2024-04-01,4,0.4724459797148317,0.4396571567022532,0.6995648260783801,0.4019715726548313,0.4185646903229424,2023-12-01,0.4523965138068,0.020049465908031694,0.440676836492891,0.452356061188408,0.481831675224647,-0.008585583019989684,0.00999359407400241,4,-0.0027856163025012544,0.4496108975042988
theta,2023-12-01,2024-05-01,5,0.4465886868979503,0.4296171576854568,0.698616102062225,0.3859539885421321,0.4111329421114823,2023-12-01,0.4420015334396265,0.004587153458323778,0.4724459797148317,0.440676836492891,0.452356061188408,0.020049465908031694,-0.008585583019989684,5,-0.0009440253737415578,0.44105750806588495
theta,2023-12-01,2024-06-01,6,0.4115390021082221,0.4190187497942946,0.7034835719311731,0.3711073715073774,0.4034789977077961,2023-12-01,0.4324900594674498,-0.0209510573592277,0.4465886868979503,0.4724459797148317,0.440676836492891,0.004587153458323778,0.020049465908031694,6,-0.02086662140360747,0.41162343806384233
theta,2023-12-01,2024-07-01,7,0.3965370552664885,0.4141860050805965,0.7050260570486572,0.3653943183948825,0.3957443010974604,2023-12-01,0.4274030369935414,-0.03086598172705285,0.4115390021082221,0.4465886868979503,0.4724459797148317,-0.0209510573592277,0.004587153458323778,7,-0.03550541759283524,0.3918976194007061
theta,2023-12-01,2024-08-01,8,0.3888261078008355,0.4131574271459677,0.7112840323123485,0.3637434009782145,0.3880292339251729,2023-12-01,0.4253945356422129,-0.03656842784137743,0.3965370552664885,0.4115390021082221,0.4465886868979503,-0.03086598172705285,-0.0209510573592277,8,-0.03962811286775992,0.385766422774453
theta,2023-12-01,2024-09-01,9,0.3940873319869071,0.4102866873548509,0.716727305363604,0.3733946481260762,0.3799203039724679,2023-12-01,0.4265823847890685,-0.03249505280216142,0.3888261078008355,0.3965370552664885,0.4115390021082221,-0.03656842784137743,-0.03086598172705285,9,-0.04065208448768896,0.38593030030137954
theta,2023-12-01,2024-10-01,10,0.380092687248688,0.4122589861003479,0.7135584442876097,0.3761023997889439,0.3721871328660761,2023-12-01,0.4258283451389728,-0.045735657890284775,0.3940873319869071,0.3888261078008355,0.3965370552664885,-0.03249505280216142,-0.03656842784137743,10,-0.0408898330370638,0.384938512101909
theta,2023-12-01,2024-11-01,11,0.3367218054754119,0.3939358223805241,0.7145626309402364,0.3577003919449184,0.3640530031478577,2023-12-01,0.4122678127441416,-0.07554600726872968,0.380092687248688,0.3940873319869071,0.3888261078008355,-0.045735657890284775,-0.03249505280216142,11,-0.07278206591173024,0.33948574683241134
theta,2023-12-01,2024-12-01,12,0.2929488885931053,0.3632990586972012,0.7072911389656624,0.3440171477023543,0.3565580809558456,2023-12-01,0.3959486558643242,-0.1029997672712189,0.3367218054754119,0.380092687248688,0.3940873319869071,-0.07554600726872968,-0.045735657890284775,12,-0.10352480682998064,0.2924238490343436
theta,2024-01-01,2024-02-01,1,0.452356061188408,0.4556778705889544,0.6756513468342432,0.455739769473262,0.3875772252457251,2024-01-01,0.4652872018372357,-0.012931140648827721,0.2929488885931053,0.3367218054754119,0.380092687248688,-0.1029997672712189,-0.07554600726872968,2,-0.08662262332715125,0.37866457851008445
theta,2024-01-01,2024-03-01,2,0.440676836492891,0.4832213938060506,0.6921141297372024,0.465599240177971,0.3765621391119563,2024-01-01,0.4759601713471808,-0.035283334854289805,0.452356061188408,0.2929488885931053,0.3367218054754119,-0.012931140648827721,-0.1029997672712189,3,-0.028908706180274895,0.4470514651669059
theta,2024-01-01,2024-04-01,3,0.4724459797148317,0.4914841970633031,0.7035893343037275,0.4809993728829421,0.3668004899202339,2024-01-01,0.4826835684188844,-0.01023758870405267,0.440676836492891,0.452356061188408,0.2929488885931053,-0.035283334854289805,-0.012931140648827721,4,-0.023479805884689477,0.4592037625341949
theta,2024-01-01,2024-05-01,4,0.4465886868979503,0.4831146734107657,0.7033333978550708,0.4698086246204848,0.3582707911801938,2024-01-01,0.4742624294754564,-0.0276737425775061,0.4724459797148317,0.440676836492891,0.452356061188408,-0.01023758870405267,-0.035283334854289805,5,-0.025377875235534374,0.448884554239922
theta,2024-01-01,2024-06-01,5,0.4115390021082221,0.4731097467617121,0.7087839431404241,0.4576618538057703,0.3503681299561579,2024-01-01,0.465868769250078,-0.05432976714185589,0.4465886868979503,0.4724459797148317,0.440676836492891,-0.0276737425775061,-0.01023758870405267,6,-0.042189560949359856,0.42367920830071815
theta,2024-01-01,2024-07-01,6,0.3965370552664885,0.4690292585692227,0.7103755276509829,0.4545089287078498,0.3428840706865004,2024-01-01,0.461955313556498,-0.06541825829000947,0.4115390021082221,0.4465886868979503,0.4724459797148317,-0.05432976714185589,-0.0276737425775061,7,-0.07073778426875056,0.39121752928774745
theta,2024-01-01,2024-08-01,7,0.3888261078008355,0.4690555460126856,0.7163892265889593,0.4556763682792917,0.3360751755489727,2024-01-01,0.4614227156858844,-0.0725966078850489,0.3965370552664885,0.4115390021082221,0.4465886868979503,-0.06541825829000947,-0.05432976714185589,8,-0.07779120199556858,0.3836315136903158
theta,2024-01-01,2024-09-01,8,0.3940873319869071,0.4664855197137882,0.7212635416413443,0.4724808125602286,0.3306456880472935,2024-01-01,0.46576687033164,-0.0716795383447329,0.3888261078008355,0.3965370552664885,0.4115390021082221,-0.0725966078850489,-0.06541825829000947,9,-0.07965421378494043,0.3861126565466996
theta,2024-01-01,2024-10-01,9,0.380092687248688,0.4693736569607809,0.7175338374590009,0.4736028720533904,0.3259272087284741,2024-01-01,0.4653967174634377,-0.0853040302147497,0.3940873319869071,0.3888261078008355,0.3965370552664885,-0.0716795383447329,-0.0725966078850489,10,-0.08062844179975646,0.3847682756636812
theta,2024-01-01,2024-11-01,10,0.3367218054754119,0.4491571889926623,0.7179455549454449,0.4447882867436794,0.3217702041994362,2024-01-01,0.4485736583742728,-0.1118518528988609,0.380092687248688,0.3940873319869071,0.3888261078008355,-0.0853040302147497,-0.0716795383447329,11,-0.0871425577981138,0.361431100576159
theta,2024-01-01,2024-12-01,11,0.2929488885931053,0.414581721355113,0.710020996154241,0.4359218214754862,0.3178949995637302,2024-01-01,0.4335913919745033,-0.140642503381398,0.3367218054754119,0.380092687248688,0.3940873319869071,-0.1118518528988609,-0.0853040302147497,12,-0.1192521122838434,0.3143392796906599
theta,2024-01-01,2025-01-01,12,0.3168293987828529,0.428743101314545,0.7117310264582009,0.4463726832313388,0.3134750923172498,2024-01-01,0.4404456187803489,-0.123616219997496,0.2929488885931053,0.3367218054754119,0.380092687248688,-0.140642503381398,-0.1118518528988609,1,-0.09324933236876057,0.3471962864115883
theta,2024-02-01,2024-03-01,1,0.440676836492891,0.4732543421879707,0.6510491747508077,0.4575557379121699,0.4329824041225137,2024-02-01,0.4791600276087958,-0.03848319111590476,0.3168293987828529,0.2929488885931053,0.3367218054754119,-0.123616219997496,-0.140642503381398,3,-0.07218963374681674,0.40697039386197903
theta,2024-02-01,2024-04-01,2,0.4724459797148317,0.4838326486135115,0.6621055661880565,0.4723032335223769,0.4299281163223191,2024-02-01,0.4879148633825531,-0.015468883667721367,0.440676836492891,0.3168293987828529,0.2929488885931053,-0.03848319111590476,-0.123616219997496,4,-0.027874293836989025,0.46004056954556405
theta,2024-02-01,2024-05-01,3,0.4465886868979503,0.4761362151028571,0.6625591924916908,0.4580556599195448,0.4262138262511359,2024-02-01,0.4798875676916749,-0.03329888079372462,0.4724459797148317,0.440676836492891,0.3168293987828529,-0.015468883667721367,-0.03848319111590476,5,-0.02701997797622541,0.4528675897154495
theta,2024-02-01,2024-06-01,4,0.4115390021082221,0.467291275226515,0.6686228816585017,0.4431115838479949,0.4221966324788319,2024-02-01,0.471880377884763,-0.06034137577654092,0.4465886868979503,0.4724459797148317,0.440676836492891,-0.03329888079372462,-0.015468883667721367,6,-0.043859325874931875,0.42802105200983115
theta,2024-02-01,2024-07-01,5,0.3965370552664885,0.4639836002800108,0.6705491977422345,0.4408348998818225,0.417924561985423,2024-02-01,0.4693188223089329,-0.07278176704244438,0.4115390021082221,0.4465886868979503,0.4724459797148317,-0.06034137577654092,-0.03329888079372462,7,-0.07372477122298107,0.3955940510859518
theta,2024-02-01,2024-08-01,6,0.3888261078008355,0.4646149066724134,0.6763440283154017,0.4469971745083003,0.4137484268338305,2024-02-01,0.471311793136247,-0.08248568533541151,0.3965370552664885,0.4115390021082221,0.4465886868979503,-0.07278176704244438,-0.06034137577654092,8,-0.08157539565387106,0.38973639748237593
theta,2024-02-01,2024-09-01,7,0.3940873319869071,0.4626216162866482,0.6806408048265349,0.462007416735714,0.4095706599191548,2024-02-01,0.4754369226059333,-0.08134959061902619,0.3888261078008355,0.3965370552664885,0.4115390021082221,-0.08248568533541151,-0.07278176704244438,9,-0.08338833609311165,0.39204858651282165
theta,2024-02-01,2024-10-01,8,0.380092687248688,0.4659092202135147,0.6766919250677089,0.4635430863266506,0.405904040826739,2024-02-01,0.4755566765837584,-0.09546398933507039,0.3940873319869071,0.3888261078008355,0.3965370552664885,-0.08134959061902619,-0.08248568533541151,10,-0.08371801917223867,0.3918386574115197
theta,2024-02-01,2024-11-01,9,0.3367218054754119,0.446170453341301,0.6764569715272187,0.433020276129163,0.4018195894880977,2024-02-01,0.4582196881085946,-0.12149788263318267,0.380092687248688,0.3940873319869071,0.3888261078008355,-0.09546398933507039,-0.08134959061902619,11,-0.09473796148120396,0.36348172662739064
theta,2024-02-01,2024-12-01,10,0.2929488885931053,0.4121390372710009,0.6682568697174788,0.4292291481247619,0.3985804651553662,2024-02-01,0.4452791472723216,-0.1523302586792163,0.3367218054754119,0.380092687248688,0.3940873319869071,-0.12149788263318267,-0.09546398933507039,12,-0.12505037539519495,0.3202287718771266
theta,2024-02-01,2025-01-01,11,0.3168293987828529,0.4263244512524977,0.6693045511259178,0.4429035715657182,0.3974955899489582,2024-02-01,0.453994411016659,-0.13716501223380612,0.2929488885931053,0.3367218054754119,0.380092687248688,-0.1523302586792163,-0.12149788263318267,1,-0.10557908252958208,0.3484153284870769
theta,2024-02-01,2025-02-01,12,0.3191737430920609,0.4218657139402985,0.6771771660670933,0.4467516398547037,0.3958065740619317,2024-02-01,0.4545644726829561,-0.13539072959089515,0.3168293987828529,0.2929488885931053,0.3367218054754119,-0.13716501223380612,-0.1523302586792163,2,-0.10007803180436402,0.35448644087859205
theta,2024-03-01,2024-04-01,1,0.4724459797148317,0.4515798047825671,0.6386000039358833,0.45472820119343,0.3767022014540093,2024-03-01,0.4566797798939275,0.015766199820904214,0.3191737430920609,0.3168293987828529,0.2929488885931053,-0.13539072959089515,-0.13716501223380612,4,-0.06821618388335844,0.38846359601056907
theta,2024-03-01,2024-05-01,2,0.4465886868979503,0.441269990353163,0.6383549646928435,0.439276532479059,0.3676993567538293,2024-03-01,0.4461034404264767,0.00048524647147357713,0.4724459797148317,0.3191737430920609,0.3168293987828529,0.015766199820904214,-0.13539072959089515,5,-0.005848951686608209,0.4402544887398685
theta,2024-03-01,2024-06-01,3,0.4115390021082221,0.4325340148513089,0.6433545331689792,0.4225270844442688,0.3594037973933019,2024-03-01,0.4363300310199371,-0.02479102891171503,0.4465886868979503,0.4724459797148317,0.3191737430920609,0.00048524647147357713,0.015766199820904214,6,-0.02058889856400032,0.4157411324559368
theta,2024-03-01,2024-07-01,4,0.3965370552664885,0.4283495497895109,0.6446295348937172,0.4182329314959846,0.3514676733950871,2024-03-01,0.431842256567342,-0.03530520130085346,0.4115390021082221,0.4465886868979503,0.4724459797148317,-0.02479102891171503,0.00048524647147357713,7,-0.03717408978342565,0.39466816678391636
theta,2024-03-01,2024-08-01,5,0.3888261078008355,0.4282312691896904,0.649721156462366,0.4228352155311348,0.3445791745072253,2024-03-01,0.4323307654353977,-0.04350465763456224,0.3965370552664885,0.4115390021082221,0.4465886868979503,-0.03530520130085346,-0.02479102891171503,8,-0.04096674682520166,0.39136401861019604
theta,2024-03-01,2024-09-01,6,0.3940873319869071,0.4256328044370773,0.6537239340548713,0.4367586493146093,0.3406315165588182,2024-03-01,0.4359245033964645,-0.041837171409557394,0.3888261078008355,0.3965370552664885,0.4115390021082221,-0.04350465763456224,-0.03530520130085346,9,-0.054949620378783676,0.3809748830176808
theta,2024-03-01,2024-10-01,7,0.380092687248688,0.4280676400273295,0.6503049232300726,0.4373320062279415,0.3382485782544123,2024-03-01,0.4358397030700795,-0.05574701582139152,0.3940873319869071,0.3888261078008355,0.3965370552664885,-0.041837171409557394,-0.04350465763456224,10,-0.05569860880289246,0.38014109426718706
theta,2024-03-01,2024-11-01,8,0.3367218054754119,0.4097054529765552,0.6504468751364515,0.4075558757651337,0.3367209842067302,2024-03-01,0.4198296297825271,-0.08310782430711516,0.380092687248688,0.3940873319869071,0.3888261078008355,-0.05574701582139152,-0.041837171409557394,11,-0.07790663016146673,0.3419229996210603
theta,2024-03-01,2024-12-01,9,0.2929488885931053,0.3783439648267028,0.643050228514429,0.4042408107270671,0.3361973125928899,2024-03-01,0.4085862123326285,-0.11563732373952318,0.3367218054754119,0.380092687248688,0.3940873319869071,-0.08310782430711516,-0.05574701582139152,12,-0.10637892815060934,0.30220728418201914
theta,2024-03-01,2025-01-01,10,0.3168293987828529,0.391138763773009,0.6446674139135414,0.4190326435378829,0.3346051883731698,2024-03-01,0.4172306081929059,-0.10040120941005304,0.2929488885931053,0.3367218054754119,0.380092687248688,-0.11563732373952318,-0.08310782430711516,1,-0.0908640485266633,0.3263665596662426
theta,2024-03-01,2025-02-01,11,0.3191737430920609,0.3868544254129438,0.6528134455507859,0.4209998846844876,0.3370498176302951,2024-03-01,0.4182398943523893,-0.09906615126032836,0.3168293987828529,0.2929488885931053,0.3367218054754119,-0.10040120941005304,-0.11563732373952318,2,-0.09119530939972717,0.3270445849526621
theta,2024-03-01,2025-03-01,12,0.3376594765224253,0.3987654708608004,0.6614578104809725,0.4330483949712364,0.3378593781457166,2024-03-01,0.427099626543515,-0.08944015002108974,0.3191737430920609,0.3168293987828529,0.2929488885931053,-0.09906615126032836,-0.10040120941005304,3,-0.0899979066012777,0.3371017199422373
theta,2024-04-01,2024-05-01,1,0.4465886868979503,0.4575637975375917,0.6312913579601508,0.4540449286163148,0.3809933356395872,2024-04-01,0.4583523927261596,-0.011763705828209292,0.3376594765224253,0.3191737430920609,0.3168293987828529,-0.08944015002108974,-0.09906615126032836,5,-0.07516543017432363,0.38318696255183593
theta,2024-04-01,2024-06-01,2,0.4115390021082221,0.4519437823197543,0.6357358912394788,0.4384884862157696,0.3734076998660079,2024-04-01,0.4500027513170728,-0.038463749208850706,0.4465886868979503,0.3376594765224253,0.3191737430920609,-0.011763705828209292,-0.08944015002108974,6,-0.02994037722561987,0.4200623740914529
theta,2024-04-01,2024-07-01,3,0.3965370552664885,0.4482419374103938,0.6364279927414708,0.4352337344764675,0.3664282294583896,2024-04-01,0.4461796100906291,-0.049642554824140595,0.4115390021082221,0.4465886868979503,0.3376594765224253,-0.038463749208850706,-0.011763705828209292,7,-0.04413117180390419,0.40204843828672493
theta,2024-04-01,2024-08-01,4,0.3888261078008355,0.4493573425044758,0.6408682235702026,0.440811727737617,0.3602751520124879,2024-04-01,0.4474660206518009,-0.058639912850965425,0.3965370552664885,0.4115390021082221,0.4465886868979503,-0.049642554824140595,-0.038463749208850706,8,-0.06916569029610652,0.3783003303556944
theta,2024-04-01,2024-09-01,5,0.3940873319869071,0.4473551345613955,0.6445128300677545,0.4572444005567811,0.3556712206204589,2024-04-01,0.451900579186359,-0.05781324719945191,0.3888261078008355,0.3965370552664885,0.4115390021082221,-0.058639912850965425,-0.049642554824140595,9,-0.0738873486685828,0.3780132305177762
theta,2024-04-01,2024-10-01,6,0.380092687248688,0.450613511122123,0.6410974382870688,0.4610866471756765,0.3521054378236722,2024-04-01,0.4529006913468598,-0.07280800409817179,0.3940873319869071,0.3888261078008355,0.3965370552664885,-0.05781324719945191,-0.058639912850965425,10,-0.07514019582657042,0.37776049552028934
theta,2024-04-01,2024-11-01,7,0.3367218054754119,0.4317150994859999,0.6410185349768117,0.4299150924423367,0.3496330208350384,2024-04-01,0.4359939956976562,-0.09927219022224426,0.380092687248688,0.3940873319869071,0.3888261078008355,-0.07280800409817179,-0.05781324719945191,11,-0.08447910840287383,0.35151488729478236
theta,2024-04-01,2024-12-01,8,0.2929488885931053,0.3988730697064224,0.6337726496769843,0.4278460150997789,0.3471872123379595,2024-04-01,0.4243030365977062,-0.13135414800460088,0.3367218054754119,0.380092687248688,0.3940873319869071,-0.09927219022224426,-0.07280800409817179,12,-0.11765663544367354,0.30664640115403263
theta,2024-04-01,2025-01-01,9,0.3168293987828529,0.412812477306937,0.6360335829271075,0.4419668141398709,0.3444909136110216,2024-04-01,0.4328532168805983,-0.11602381809774542,0.2929488885931053,0.3367218054754119,0.380092687248688,-0.13135414800460088,-0.09927219022224426,1,-0.09335471197533403,0.3394985049052643
theta,2024-04-01,2025-02-01,10,0.3191737430920609,0.4085232726616705,0.6446433955120384,0.4444562480769033,0.3434023913832183,2024-04-01,0.4332351984542202,-0.11406145536215928,0.3168293987828529,0.2929488885931053,0.3367218054754119,-0.11602381809774542,-0.13135414800460088,2,-0.09179234900073142,0.3414428494534888
theta,2024-04-01,2025-03-01,11,0.3376594765224253,0.4213486656996481,0.6528580925380901,0.4612192938919527,0.3427491951703295,2024-04-01,0.4435879945350313,-0.105928518012606,0.3191737430920609,0.3168293987828529,0.2929488885931053,-0.11406145536215928,-0.11602381809774542,3,-0.08994389641184561,0.35364409812318565
theta,2024-04-01,2025-04-01,12,0.3603701319600901,0.435970125148434,0.667136234554126,0.4699339605838621,0.3425864958195088,2024-04-01,0.4525095166466305,-0.09213938468654043,0.3376594765224253,0.3191737430920609,0.3168293987828529,-0.105928518012606,-0.11406145536215928,4,-0.09061859174238857,0.36189092490424196
theta,2024-05-01,2024-06-01,1,0.4115390021082221,0.4410378402564303,0.6217872345796039,0.4294593856570358,0.4197274572085717,2024-05-01,0.4533541078294411,-0.04181510572121899,0.3603701319600901,0.3376594765224253,0.3191737430920609,-0.09213938468654043,-0.105928518012606,6,-0.08217583304202906,0.371178274787412
theta,2024-05-01,2024-07-01,2,0.3965370552664885,0.4365437139270925,0.6219950029068853,0.4255556422948807,0.4148438936828642,2024-05-01,0.4495301018016384,-0.05299304653514986,0.4115390021082221,0.3603701319600901,0.3376594765224253,-0.04181510572121899,-0.09213938468654043,7,-0.056936797320863354,0.392593304480775
theta,2024-05-01,2024-08-01,3,0.3888261078008355,0.4374555050647921,0.6257077901006687,0.4288051262743094,0.4103936564326297,2024-05-01,0.4502782546064619,-0.06145214680562644,0.3965370552664885,0.4115390021082221,0.3603701319600901,-0.05299304653514986,-0.04181510572121899,8,-0.07004419900808939,0.38023405559837253
theta,2024-05-01,2024-09-01,4,0.3940873319869071,0.4352736941352524,0.6286101080463822,0.4427089141188209,0.4061450441051583,2024-05-01,0.4537812680452992,-0.05969393605839213,0.3888261078008355,0.3965370552664885,0.4115390021082221,-0.06145214680562644,-0.05299304653514986,9,-0.07402037125795786,0.3797608967873414
theta,2024-05-01,2024-10-01,5,0.380092687248688,0.4382941729190888,0.6250485811680058,0.4462633407620504,0.4025927029228729,2024-05-01,0.454598437773883,-0.07450575052519498,0.3940873319869071,0.3888261078008355,0.3965370552664885,-0.05969393605839213,-0.06145214680562644,10,-0.0752667387740327,0.3793316989998503
theta,2024-05-01,2024-11-01,6,0.3367218054754119,0.4197479368318307,0.6246175855455857,0.4179559782020339,0.3994092744722894,2024-05-01,0.4385724389572891,-0.10185063348187717,0.380092687248688,0.3940873319869071,0.3888261078008355,-0.07450575052519498,-0.05969393605839213,11,-0.08524767215805726,0.35332476679923186
theta,2024-05-01,2024-12-01,7,0.2929488885931053,0.3877032780943657,0.6173243065932713,0.4150749848568006,0.3970961038394177,2024-05-01,0.4268573327928671,-0.13390844419976178,0.3367218054754119,0.380092687248688,0.3940873319869071,-0.10185063348187717,-0.07450575052519498,12,-0.11771282995996703,0.30914450283290007
theta,2024-05-01,2025-01-01,8,0.3168293987828529,0.4011452874161922,0.6200030449784978,0.4285054274048372,0.3964216520417311,2024-05-01,0.4355671159031456,-0.11873771712029274,0.2929488885931053,0.3367218054754119,0.380092687248688,-0.13390844419976178,-0.10185063348187717,1,-0.09388128347459584,0.3416858324285498
theta,2024-05-01,2025-02-01,9,0.3191737430920609,0.3969120502572877,0.6288920579584051,0.4300394275534264,0.3951852821999044,2024-05-01,0.4356308436952749,-0.11645710060321396,0.3168293987828529,0.2929488885931053,0.3367218054754119,-0.11873771712029274,-0.13390844419976178,2,-0.09105413106086223,0.34457671263441264
theta,2024-05-01,2025-03-01,10,0.3376594765224253,0.4093604603589246,0.6369787835014099,0.4491089437509238,0.3945831868844903,2024-05-01,0.4466722813429663,-0.10901280482054104,0.3191737430920609,0.3168293987828529,0.2929488885931053,-0.11645710060321396,-0.11873771712029274,3,-0.0904812370252217,0.3561910443177446
theta,2024-05-01,2025-04-01,11,0.3603701319600901,0.4235174552135747,0.6510657722093135,0.4583668224381704,0.3941969706210351,2024-05-01,0.4555704962464668,-0.09520036428637668,0.3376594765224253,0.3191737430920609,0.3168293987828529,-0.10901280482054104,-0.11645710060321396,4,-0.08893187205136015,0.3666386241951066
theta,2024-05-01,2025-05-01,12,0.3460407383831954,0.416062286048507,0.6502312323653896,0.4520128232241757,0.3933004536903044,2024-05-01,0.4508873507933669,-0.10484661241017151,0.3603701319600901,0.3376594765224253,0.3191737430920609,-0.09520036428637668,-0.10901280482054104,5,-0.08953914149064388,0.36134820930272304
theta,2024-06-01,2024-07-01,1,0.3965370552664885,0.408710715075898,0.5969925283938348,0.4077855633847307,0.4124911586610416,2024-06-01,0.4317468877334829,-0.035209832466994384,0.3460407383831954,0.3603701319600901,0.3376594765224253,-0.10484661241017151,-0.09520036428637668,7,-0.09087013198037033,0.3408767557531126
theta,2024-06-01,2024-08-01,2,0.3888261078008355,0.4065400148792648,0.6000335333241447,0.4090987269278541,0.4074371200862422,2024-06-01,0.430702675718685,-0.041876567917849494,0.3965370552664885,0.3460407383831954,0.3603701319600901,-0.035209832466994384,-0.10484661241017151,8,-0.04081552420481877,0.3898871515138662
theta,2024-06-01,2024-09-01,3,0.3940873319869071,0.4039448105154967,0.6023022132500006,0.4195078807565492,0.4024195922194639,2024-06-01,0.4326097335421094,-0.03852240155520231,0.3888261078008355,0.3965370552664885,0.3460407383831954,-0.041876567917849494,-0.035209832466994384,9,-0.05375491985988661,0.3788548136822228
theta,2024-06-01,2024-10-01,4,0.380092687248688,0.4057950082104865,0.5977839842612203,0.4206236991407635,0.3980741540846578,2024-06-01,0.4319338859348012,-0.0518411986861132,0.3940873319869071,0.3888261078008355,0.3965370552664885,-0.03852240155520231,-0.041876567917849494,10,-0.04824523766985793,0.38368864826494326
theta,2024-06-01,2024-11-01,5,0.3367218054754119,0.387936498698499,0.5968145995737147,0.39265275717152,0.3937660441260942,2024-06-01,0.4158851787162296,-0.07916337324081768,0.380092687248688,0.3940873319869071,0.3888261078008355,-0.0518411986861132,-0.03852240155520231,11,-0.07583164699683194,0.3400535317193977
theta,2024-06-01,2024-12-01,6,0.2929488885931053,0.3577075349162468,0.5898434986756493,0.3894897937803069,0.3905048286993627,2024-06-01,0.4044050735093342,-0.11145618491622888,0.3367218054754119,0.380092687248688,0.3940873319869071,-0.07916337324081768,-0.0518411986861132,12,-0.10540453548304451,0.2990005380262897
theta,2024-06-01,2025-01-01,7,0.3168293987828529,0.3697370475883059,0.591831975372468,0.4011827758055067,0.3894114327716931,2024-06-01,0.4119181368241641,-0.09508873804131124,0.2929488885931053,0.3367218054754119,0.380092687248688,-0.11145618491622888,-0.07916337324081768,1,-0.08973832913975498,0.3221798076844091
theta,2024-06-01,2025-02-01,8,0.3191737430920609,0.3655021033200017,0.6013275708487185,0.4013269742426188,0.3874993140951849,2024-06-01,0.4114062832304463,-0.09223254013838539,0.3168293987828529,0.2929488885931053,0.3367218054754119,-0.09508873804131124,-0.11145618491622888,2,-0.09054972935912813,0.3208565538713182
theta,2024-06-01,2025-03-01,9,0.3376594765224253,0.3767930779914058,0.6091248827342103,0.419484937392204,0.3860688472596305,2024-06-01,0.4215593847652935,-0.08389990824286819,0.3191737430920609,0.3168293987828529,0.2929488885931053,-0.09223254013838539,-0.09508873804131124,3,-0.08276454213401549,0.338794842631278
theta,2024-06-01,2025-04-01,10,0.3603701319600901,0.3896486782477424,0.6228712249601723,0.4303066122075185,0.3846828053510196,2024-06-01,0.4303388378964599,-0.06996870593636978,0.3376594765224253,0.3191737430920609,0.3168293987828529,-0.08389990824286819,-0.09223254013838539,4,-0.07888208195721938,0.35145675593924053
theta,2024-06-01,2025-05-01,11,0.3460407383831954,0.3825747235965048,0.6221425679277104,0.4222358779172359,0.3826038058446728,2024-06-01,0.424894187402991,-0.07885344901979563,0.3603701319600901,0.3376594765224253,0.3191737430920609,-0.06996870593636978,-0.08389990824286819,5,-0.07790768446052748,0.3469865029424635
theta,2024-06-01,2025-06-01,12,0.3377324980625161,0.3740978591019583,0.6235047576930904,0.4202142100243413,0.3809103099091865,2024-06-01,0.4214861388823851,-0.08375364081986902,0.3460407383831954,0.3603701319600901,0.3376594765224253,-0.07885344901979563,-0.06996870593636978,6,-0.08150366442596782,0.33998247445641727
theta,2024-07-01,2024-08-01,1,0.3888261078008355,0.3973295173876944,0.5983976060709353,0.4006451816367157,0.4122994260736762,2024-07-01,0.4260925345785805,-0.037266426777745,0.3377324980625161,0.3460407383831954,0.3603701319600901,-0.08375364081986902,-0.07885344901979563,8,-0.08105934758825815,0.3450331869903223
theta,2024-07-01,2024-09-01,2,0.3940873319869071,0.3925520075642404,0.6002281982312911,0.409642916390527,0.4096170862743473,2024-07-01,0.4273953892081568,-0.03330805722124969,0.3888261078008355,0.3377324980625161,0.3460407383831954,-0.037266426777745,-0.08375364081986902,9,-0.04035150107759387,0.3870438881305629
theta,2024-07-01,2024-10-01,3,0.380092687248688,0.3938771080620916,0.5952493437983819,0.4106748905711688,0.4077708014589851,2024-07-01,0.427093488534889,-0.04700080128620099,0.3940873319869071,0.3888261078008355,0.3377324980625161,-0.03330805722124969,-0.037266426777745,10,-0.0408555380117254,0.38623795052316356
theta,2024-07-01,2024-11-01,4,0.3367218054754119,0.3757854103772823,0.5935384759770661,0.3837439328726095,0.4061171208789267,2024-07-01,0.4118978088381695,-0.07517600336275759,0.380092687248688,0.3940873319869071,0.3888261078008355,-0.04700080128620099,-0.03330805722124969,11,-0.07479549088960948,0.33710231794856005
theta,2024-07-01,2024-12-01,5,0.2929488885931053,0.3460665554493802,0.5857888649386704,0.3792262505301759,0.4053135458766178,2024-07-01,0.4006023405266126,-0.10765345193350728,0.3367218054754119,0.380092687248688,0.3940873319869071,-0.07517600336275759,-0.04700080128620099,12,-0.10427871551624887,0.2963236250103637
theta,2024-07-01,2025-01-01,6,0.3168293987828529,0.3572810325201746,0.5875237742818695,0.3870638364910413,0.4056508017851207,2024-07-01,0.406860076462494,-0.09003067767964112,0.2929488885931053,0.3367218054754119,0.380092687248688,-0.10765345193350728,-0.07517600336275759,1,-0.08841782637114683,0.3184422500913472
theta,2024-07-01,2025-02-01,7,0.3191737430920609,0.3528649241211831,0.5970226052640103,0.3873784966951363,0.4061514734439051,2024-07-01,0.4069442499052417,-0.08777050681318077,0.3168293987828529,0.2929488885931053,0.3367218054754119,-0.09003067767964112,-0.10765345193350728,2,-0.08207782036803332,0.32486642953720835
theta,2024-07-01,2025-03-01,8,0.3376594765224253,0.3634680406359779,0.6054656324205434,0.4036876603466608,0.4068712362695203,2024-07-01,0.4168581724062289,-0.07919869588380363,0.3191737430920609,0.3168293987828529,0.2929488885931053,-0.08777050681318077,-0.09003067767964112,3,-0.08066882234246908,0.33618935006375983
theta,2024-07-01,2025-04-01,9,0.3603701319600901,0.3756321961935394,0.6194383855175911,0.4159870146681952,0.4075687449481479,2024-07-01,0.4264858343174091,-0.066115702357319,0.3376594765224253,0.3191737430920609,0.3168293987828529,-0.07919869588380363,-0.08777050681318077,4,-0.07900202414679561,0.34748381017061347
theta,2024-07-01,2025-05-01,10,0.3460407383831954,0.3686386297571264,0.6188765711367842,0.4065108152360644,0.4081997667212154,2024-07-01,0.4212579884984285,-0.07521725011523311,0.3603701319600901,0.3376594765224253,0.3191737430920609,-0.066115702357319,-0.07919869588380363,5,-0.07668312560152804,0.3445748628969004
theta,2024-07-01,2025-06-01,11,0.3377324980625161,0.3603373620662721,0.620365021109689,0.4008397977865604,0.4091453180154966,2024-07-01,0.4172932795238179,-0.0795607814613018,0.3460407383831954,0.3603701319600901,0.3376594765224253,-0.07521725011523311,-0.066115702357319,6,-0.08098338054038516,0.3363098989834327
theta,2024-07-01,2025-07-01,12,0.3244310532726457,0.3555492211648592,0.6207705809434163,0.3996240581934909,0.4098895496133822,2024-07-01,0.4157144274178397,-0.091283374145194,0.3377324980625161,0.3460407383831954,0.3603701319600901,-0.0795607814613018,-0.07521725011523311,7,-0.08176310159638803,0.3339513258214517
theta,2024-08-01,2024-09-01,1,0.3940873319869071,0.3822855397564813,0.5788093698492082,0.3943929727599054,0.4497341103741382,2024-08-01,0.4263684850262128,-0.03228115303930568,0.3244310532726457,0.3377324980625161,0.3460407383831954,-0.091283374145194,-0.0795607814613018,9,-0.08136715540340195,0.3450013296228108
theta,2024-08-01,2024-10-01,2,0.380092687248688,0.3836428734798998,0.5734233993455403,0.3941651257023382,0.4524559996223531,2024-08-01,0.4267051683188541,-0.04661248107016608,0.3940873319869071,0.3244310532726457,0.3377324980625161,-0.03228115303930568,-0.091283374145194,10,-0.040170512566946266,0.3865346557519078
theta,2024-08-01,2024-11-01,3,0.3367218054754119,0.3660431050035509,0.5711930357975149,0.364803710358539,0.4558453198336362,2024-08-01,0.4119773871371985,-0.07525558166178659,0.380092687248688,0.3940873319869071,0.3244310532726457,-0.04661248107016608,-0.03228115303930568,11,-0.07434056831094234,0.3376368188262562
theta,2024-08-01,2024-12-01,4,0.2929488885931053,0.3371823063546431,0.5630431983566048,0.357395372013563,0.4612895107749091,2024-08-01,0.4014044073994144,-0.1084555188063091,0.3367218054754119,0.380092687248688,0.3940873319869071,-0.07525558166178659,-0.04661248107016608,12,-0.10428513205123127,0.29711927534818316
theta,2024-08-01,2025-01-01,5,0.3168293987828529,0.3481653668568135,0.5640283743978183,0.3646342465936742,0.470838587985271,2024-08-01,0.4095464996178043,-0.09271710083495144,0.2929488885931053,0.3367218054754119,0.380092687248688,-0.1084555188063091,-0.07525558166178659,1,-0.08841782637114683,0.3211286732466575
theta,2024-08-01,2025-02-01,6,0.3191737430920609,0.3439170099470527,0.5733675998914088,0.3679863933639578,0.4797650954630883,2024-08-01,0.4127712790437265,-0.09359753595166559,0.3168293987828529,0.2929488885931053,0.3367218054754119,-0.09271710083495144,-0.1084555188063091,2,-0.08665944816013287,0.32611183088359363
theta,2024-08-01,2025-03-01,7,0.3376594765224253,0.3543035662453551,0.581713895423557,0.3819741694947712,0.4887211824978948,2024-08-01,0.4238155935049305,-0.0861561169825052,0.3191737430920609,0.3168293987828529,0.2929488885931053,-0.09359753595166559,-0.09271710083495144,3,-0.0850923334705614,0.3387232600343691
theta,2024-08-01,2025-04-01,8,0.3603701319600901,0.366197133304303,0.59534366049132,0.3931570439987725,0.4966529369779039,2024-08-01,0.4347022953724766,-0.07433216341238652,0.3376594765224253,0.3191737430920609,0.3168293987828529,-0.0861561169825052,-0.09359753595166559,4,-0.07993666235787508,0.3547656330146015
theta,2024-08-01,2025-05-01,9,0.3460407383831954,0.3594065099842807,0.595059308908254,0.3827403274806035,0.5021692713159096,2024-08-01,0.4304322940996049,-0.0843915557164095,0.3603701319600901,0.3376594765224253,0.3191737430920609,-0.07433216341238652,-0.0861561169825052,5,-0.08017080499624432,0.3502614891033605
theta,2024-08-01,2025-06-01,10,0.3377324980625161,0.351333282598232,0.5967484527883147,0.381850802387245,0.5067464089627369,2024-08-01,0.4291037102893733,-0.09137121222685718,0.3460407383831954,0.3603701319600901,0.3376594765224253,-0.0843915557164095,-0.07433216341238652,6,-0.08153070114382129,0.347573009145552
theta,2024-08-01,2025-07-01,11,0.3244310532726457,0.3466859953206453,0.5971510507807928,0.3818829700732544,0.5106149277844336,2024-08-01,0.4287610826781275,-0.1043300294054818,0.3377324980625161,0.3460407383831954,0.3603701319600901,-0.09137121222685718,-0.0843915557164095,7,-0.08466731567463454,0.344093767003493
theta,2024-08-01,2025-08-01,12,0.316052449531476,0.347606299670881,0.6011550436009491,0.3907875786229751,0.5139782224176677,2024-08-01,0.433416592992352,-0.11736414346087604,0.3244310532726457,0.3377324980625161,0.3460407383831954,-0.1043300294054818,-0.09137121222685718,8,-0.09214604656344957,0.3412705464289024
theta,2024-09-01,2024-10-01,1,0.380092687248688,0.3960580292044987,0.5836506914105986,0.3971185311478726,0.4064927079717541,2024-09-01,0.4213255831138929,-0.0412328958652049,0.316052449531476,0.3244310532726457,0.3377324980625161,-0.11736414346087604,-0.1043300294054818,10,-0.09240527238325819,0.3289203107306347
theta,2024-09-01,2024-11-01,2,0.3367218054754119,0.3786518690442071,0.580652568329461,0.367494363487271,0.4068906962155098,2024-09-01,0.4057410301293875,-0.06901922465397559,0.380092687248688,0.316052449531476,0.3244310532726457,-0.0412328958652049,-0.11736414346087604,11,-0.06441635953174613,0.3413246705976414
theta,2024-09-01,2024-12-01,3,0.2929488885931053,0.3489474770478064,0.5713866174690857,0.3618047967856988,0.4077151456336975,2024-09-01,0.3942596854255748,-0.10131079683246952,0.3367218054754119,0.380092687248688,0.316052449531476,-0.06901922465397559,-0.0412328958652049,12,-0.10036155845889078,0.29389812696668405
theta,2024-09-01,2025-01-01,4,0.3168293987828529,0.3604910400661892,0.5721638721888,0.3710128921207793,0.4094570787456131,2024-09-01,0.4013172226651821,-0.08448782388232923,0.2929488885931053,0.3367218054754119,0.380092687248688,-0.10131079683246952,-0.06901922465397559,1,-0.08675440091472493,0.3145628217504572
theta,2024-09-01,2025-02-01,5,0.3191737430920609,0.3562297861467058,0.580231654308907,0.3736987845620304,0.4111328634211573,2024-09-01,0.4023856551833499,-0.08321191209128898,0.3168293987828529,0.2929488885931053,0.3367218054754119,-0.08448782388232923,-0.10131079683246952,2,-0.08089050745443883,0.3214951477289111
theta,2024-09-01,2025-03-01,6,0.3376594765224253,0.3671485135857336,0.5897729499240452,0.3842063170630502,0.4131206096833372,2024-09-01,0.4108175379491384,-0.0731580614267131,0.3191737430920609,0.3168293987828529,0.2929488885931053,-0.08321191209128898,-0.08448782388232923,3,-0.07908626998055807,0.3317312679685803
theta,2024-09-01,2025-04-01,7,0.3603701319600901,0.3795595343028876,0.603637609616383,0.3963777453836496,0.4151381889149081,2024-09-01,0.4207816369657736,-0.060411505005683486,0.3376594765224253,0.3191737430920609,0.3168293987828529,-0.0731580614267131,-0.08321191209128898,4,-0.0776168382106568,0.3431647987551168
theta,2024-09-01,2025-05-01,8,0.3460407383831954,0.3725926836705794,0.6033706418709296,0.38538952322378,0.4166074005789859,2024-09-01,0.4152764144556949,-0.06923567607249953,0.3603701319600901,0.3376594765224253,0.3191737430920609,-0.060411505005683486,-0.0731580614267131,5,-0.07394940436964317,0.3413270100860517
theta,2024-09-01,2025-06-01,9,0.3377324980625161,0.3642732822980764,0.6051492707858579,0.3862777586490007,0.4180389360529412,2024-09-01,0.4137364566726669,-0.0760039586101508,0.3460407383831954,0.3603701319600901,0.3376594765224253,-0.06923567607249953,-0.060411505005683486,6,-0.07882154962251726,0.33491490705014965
theta,2024-09-01,2025-07-01,10,0.3244310532726457,0.3595215480871175,0.6057513822057081,0.3830665122242966,0.4195971910225078,2024-09-01,0.4116975999878217,-0.08726654671517597,0.3377324980625161,0.3460407383831954,0.3603701319600901,-0.0760039586101508,-0.06923567607249953,7,-0.08171252088072506,0.3299850791070966
theta,2024-09-01,2025-08-01,11,0.316052449531476,0.3605182208681483,0.6099560355000753,0.3892828797484946,0.4211786059926293,2024-09-01,0.4150310718532074,-0.09897862232173144,0.3244310532726457,0.3377324980625161,0.3460407383831954,-0.08726654671517597,-0.0760039586101508,8,-0.08205396131167011,0.33297711054153734
theta,2024-09-01,2025-09-01,12,0.3233193408934277,0.3594530357160227,0.6147517777044694,0.3952506675108969,0.4225570178374634,2024-09-01,0.4177019403039243,-0.09438259941049665,0.316052449531476,0.3244310532726457,0.3377324980625161,-0.09897862232173144,-0.08726654671517597,9,-0.09091396210914186,0.32678797819478245
theta,2024-10-01,2024-11-01,1,0.3367218054754119,0.3632157844125556,0.5620473792257119,0.3512184190761787,0.4779498332600266,2024-10-01,0.410748657669691,-0.07402685219427907,0.3233193408934277,0.316052449531476,0.3244310532726457,-0.09438259941049665,-0.09897862232173144,11,-0.08667150338083564,0.32407715428885536
theta,2024-10-01,2024-12-01,2,0.2929488885931053,0.3336198689188145,0.5527420048846231,0.3441714433674018,0.4938448745145789,2024-10-01,0.4025014813289975,-0.10955259273589218,0.3367218054754119,0.3233193408934277,0.316052449531476,-0.07402685219427907,-0.09438259941049665,12,-0.10107892457863778,0.3014225567503597
theta,2024-10-01,2025-01-01,3,0.3168293987828529,0.3444543891938242,0.5521215904819059,0.3501923247607542,0.5165401413704545,2024-10-01,0.4131953450661809,-0.09636594628332801,0.2929488885931053,0.3367218054754119,0.3233193408934277,-0.10955259273589218,-0.07402685219427907,1,-0.08775410626843558,0.32544123879774534
theta,2024-10-01,2025-02-01,4,0.3191737430920609,0.340036446305111,0.5601945391752194,0.3504675895900835,0.5320944495369031,2024-10-01,0.4167698953493329,-0.09759615225727197,0.3168293987828529,0.2929488885931053,0.3367218054754119,-0.09636594628332801,-0.10955259273589218,2,-0.0911885772442811,0.3255813181050518
theta,2024-10-01,2025-03-01,5,0.3376594765224253,0.3501876551867019,0.5686735670419041,0.3592781816454573,0.544056013128615,2024-10-01,0.4266984059394849,-0.0890389294170596,0.3191737430920609,0.3168293987828529,0.2929488885931053,-0.09759615225727197,-0.09636594628332801,3,-0.08853581010976624,0.33816259582971864
theta,2024-10-01,2025-04-01,6,0.3603701319600901,0.3618243090447705,0.5819131222157921,0.370812416064974,0.5514769255242333,2024-10-01,0.4374614691334951,-0.077091337173405,0.3376594765224253,0.3191737430920609,0.3168293987828529,-0.0890389294170596,-0.09759615225727197,4,-0.0782590743755681,0.359202394757927
theta,2024-10-01,2025-05-01,7,0.3460407383831954,0.3550342021145148,0.5818011114811953,0.3594950955628205,0.550956941987605,2024-10-01,0.4314261201625263,-0.08538538177933092,0.3603701319600901,0.3376594765224253,0.3191737430920609,-0.077091337173405,-0.0890389294170596,5,-0.08017080499624432,0.35125531516628195
theta,2024-10-01,2025-06-01,8,0.3377324980625161,0.3469949106057124,0.5838443553734989,0.3592012614931543,0.5490290736854406,2024-10-01,0.4287685058134499,-0.09103600775093379,0.3460407383831954,0.3603701319600901,0.3376594765224253,-0.08538538177933092,-0.077091337173405,6,-0.08214738761847544,0.34662111819497443
theta,2024-10-01,2025-07-01,9,0.3244310532726457,0.342351606061074,0.5846162799302197,0.3562144805278834,0.5485342770519557,2024-10-01,0.4263580686771364,-0.10192701540449067,0.3377324980625161,0.3460407383831954,0.3603701319600901,-0.09103600775093379,-0.08538538177933092,7,-0.08427368548903667,0.3420843831880997
theta,2024-10-01,2025-08-01,10,0.316052449531476,0.3432155779097271,0.5887927164082271,0.3643762668192395,0.5496341219365253,2024-10-01,0.4302074753752866,-0.1141550258438106,0.3244310532726457,0.3377324980625161,0.3460407383831954,-0.10192701540449067,-0.09103600775093379,8,-0.09208431418831893,0.33812316118696767
theta,2024-10-01,2025-09-01,11,0.3233193408934277,0.3421131008573057,0.5933812580413944,0.3685417982050485,0.5512401680371044,2024-10-01,0.432272830959628,-0.10895349006620031,0.316052449531476,0.3244310532726457,0.3377324980625161,-0.1141550258438106,-0.10192701540449067,9,-0.09258265371707373,0.33969017724255424
theta,2024-10-01,2025-10-01,12,0.3124621138840524,0.3420883319754632,0.59142848291567,0.3635896739231253,0.5527731829829656,2024-10-01,0.4306882267182852,-0.11822611283423284,0.3233193408934277,0.316052449531476,0.3244310532726457,-0.10895349006620031,-0.1141550258438106,10,-0.09268564892199481,0.3380025777962904
theta,2024-11-01,2024-12-01,1,0.2929488885931053,0.3075138541521351,0.5113854655132304,0.3259066598360268,0.4201727940101303,2024-11-01,0.3656895715280943,-0.07274068293498898,0.3124621138840524,0.3233193408934277,0.316052449531476,-0.11822611283423284,-0.10895349006620031,12,-0.09705530094276375,0.2686342705853305
theta,2024-11-01,2025-01-01,2,0.3168293987828529,0.3161583184670745,0.5108877907201586,0.3301126537052862,0.4223719770858686,2024-11-01,0.370130816687944,-0.05330141790509113,0.2929488885931053,0.3124621138840524,0.3233193408934277,-0.07274068293498898,-0.11822611283423284,1,-0.0698203058237226,0.3003105108642214
theta,2024-11-01,2025-02-01,3,0.3191737430920609,0.3118420764352186,0.5170930754760628,0.3256993752023191,0.4236488230686469,2024-11-01,0.368399805564143,-0.049226062472082055,0.3168293987828529,0.2929488885931053,0.3124621138840524,-0.05330141790509113,-0.07274068293498898,2,-0.06415010183363329,0.3042497037305097
theta,2024-11-01,2025-03-01,4,0.3376594765224253,0.3208432643862352,0.524917765275665,0.3295885152531618,0.426780885019535,2024-11-01,0.3740537398824603,-0.03639426336003504,0.3191737430920609,0.3168293987828529,0.2929488885931053,-0.049226062472082055,-0.05330141790509113,3,-0.06093323834138704,0.3131205015410733
theta,2024-11-01,2025-04-01,5,0.3603701319600901,0.3312984409739997,0.5370626086187936,0.3400597412263944,0.4315704513513348,2024-11-01,0.3833328839789675,-0.022962752018877375,0.3376594765224253,0.3191737430920609,0.3168293987828529,-0.03639426336003504,-0.049226062472082055,4,-0.02725026482538637,0.3560826191535811
theta,2024-11-01,2025-05-01,6,0.3460407383831954,0.3248700543207983,0.5367641849815703,0.3340209914787507,0.4355678619071398,2024-11-01,0.3803150155439184,-0.03427427716072301,0.3603701319600901,0.3376594765224253,0.3191737430920609,-0.022962752018877375,-0.03639426336003504,5,-0.03250514187551293,0.34780987366840543
theta,2024-11-01,2025-06-01,7,0.3377324980625161,0.3173444585447418,0.5385164182268948,0.3317588868210565,0.4407784470205698,2024-11-01,0.3788307448699748,-0.041098246807458716,0.3460407383831954,0.3603701319600901,0.3376594765224253,-0.03427427716072301,-0.022962752018877375,6,-0.03951692094741582,0.339313823922559
theta,2024-11-01,2025-07-01,8,0.3244310532726457,0.3129753455560499,0.5393296174925704,0.3284792770011864,0.4475091180141491,2024-11-01,0.3781666816928786,-0.053735628420232884,0.3377324980625161,0.3460407383831954,0.3603701319600901,-0.041098246807458716,-0.03427427716072301,7,-0.054956644673104155,0.32321003701977447
theta,2024-11-01,2025-08-01,9,0.316052449531476,0.3136701480817221,0.5434082898404093,0.3339006910985482,0.455093259109291,2024-11-01,0.3825869913907444,-0.06653454185926844,0.3244310532726457,0.3377324980625161,0.3460407383831954,-0.053735628420232884,-0.041098246807458716,8,-0.07014347596494243,0.312443515425802
theta,2024-11-01,2025-09-01,10,0.3233193408934277,0.3125904783777556,0.5479718688770827,0.3437638757534026,0.4627015544926874,2024-11-01,0.388098813397064,-0.0647794725036363,0.316052449531476,0.3244310532726457,0.3377324980625161,-0.06653454185926844,-0.053735628420232884,9,-0.07622006848946901,0.311878744907595
theta,2024-11-01,2025-10-01,11,0.3124621138840524,0.312511827427555,0.5463543004015409,0.3409757085709521,0.4699545247222081,2024-11-01,0.3886858808695025,-0.07622376698545014,0.3233193408934277,0.316052449531476,0.3244310532726457,-0.0647794725036363,-0.06653454185926844,10,-0.07646549735242694,0.3122203835170756
theta,2024-11-01,2025-11-01,12,0.3138688590875396,0.3007014343419215,0.5421854693373372,0.339217644876331,0.4774792260972935,2024-11-01,0.3859948598913441,-0.07212600080380449,0.3124621138840524,0.3233193408934277,0.316052449531476,-0.07622376698545014,-0.0647794725036363,11,-0.08115055001441482,0.30484430987692923
theta,2024-12-01,2025-01-01,1,0.3168293987828529,0.3088171853207423,0.5335406526928597,0.3048497334479904,0.393099718966257,2024-12-01,0.3547894741197969,-0.03796007533694401,0.3138688590875396,0.3124621138840524,0.3233193408934277,-0.07212600080380449,-0.07622376698545014,1,-0.0675550892183922,0.2872343849014047
theta,2024-12-01,2025-02-01,2,0.3191737430920609,0.3001663571380006,0.5389240707493762,0.2971799145670913,0.3912923106228093,2024-12-01,0.3498218319233375,-0.030648088831276565,0.3168293987828529,0.3138688590875396,0.3124621138840524,-0.03796007533694401,-0.07212600080380449,2,-0.028727139422897622,0.32109469250043987
theta,2024-12-01,2025-03-01,3,0.3376594765224253,0.3081072207154557,0.5467229166040061,0.3003566681821434,0.3899369355245605,2024-12-01,0.3538229450283572,-0.01616346850593192,0.3191737430920609,0.3168293987828529,0.3138688590875396,-0.030648088831276565,-0.03796007533694401,3,-0.02468600050365177,0.32913694452470543
theta,2024-12-01,2025-04-01,4,0.3603701319600901,0.3166383333984929,0.5594091934220787,0.3111144907978583,0.3887699313926968,2024-12-01,0.3612548428561685,-0.0008847108960783889,0.3376594765224253,0.3191737430920609,0.3168293987828529,-0.01616346850593192,-0.030648088831276565,4,-0.01805544606501416,0.34319939679115435
theta,2024-12-01,2025-05-01,5,0.3460407383831954,0.3092526206932799,0.55881375006171,0.3010856369326005,0.3877515721395427,2024-12-01,0.3553149732569159,-0.009274234873720533,0.3603701319600901,0.3376594765224253,0.3191737430920609,-0.0008847108960783889,-0.01616346850593192,5,-0.014979515157401051,0.3403354580995149
theta,2024-12-01,2025-06-01,6,0.3377324980625161,0.3009633604549478,0.5602668137463414,0.2892815379502932,0.3872875709714667,2024-12-01,0.348876591629599,-0.011144093567082902,0.3460407383831954,0.3603701319600901,0.3376594765224253,-0.009274234873720533,-0.0008847108960783889,6,-0.01994850358731285,0.3289280880422861
theta,2024-12-01,2025-07-01,7,0.3244310532726457,0.2959811736253824,0.5611269644830221,0.2871159423713615,0.3871354187518429,2024-12-01,0.3467471941829525,-0.022316140910306814,0.3377324980625161,0.3460407383831954,0.3603701319600901,-0.011144093567082902,-0.009274234873720533,7,-0.026865967962671763,0.31988122622028076
theta,2024-12-01,2025-08-01,8,0.316052449531476,0.2960413965578683,0.5655188188874934,0.288496984276851,0.3874584536696828,2024-12-01,0.3478461722046214,-0.0317937226731454,0.3244310532726457,0.3377324980625161,0.3460407383831954,-0.022316140910306814,-0.011144093567082902,8,-0.03539415968395077,0.3124520125206706
theta,2024-12-01,2025-09-01,9,0.3233193408934277,0.2945044744152114,0.5706780329898077,0.3021009835653385,0.3876320783653688,2024-12-01,0.352780264706547,-0.029460923813119322,0.316052449531476,0.3244310532726457,0.3377324980625161,-0.0317937226731454,-0.022316140910306814,9,-0.038246659139554315,0.31453360556699267
theta,2024-12-01,2025-10-01,10,0.3124621138840524,0.2940262626563398,0.5692891908578146,0.2953441247277068,0.3881652345439288,2024-12-01,0.3502610148722206,-0.03779890098816824,0.3233193408934277,0.316052449531476,0.3244310532726457,-0.029460923813119322,-0.0317937226731454,10,-0.03710644781526028,0.3131545670569603
theta,2024-12-01,2025-11-01,11,0.3138688590875396,0.282349366645108,0.5649307718701386,0.2838144565985165,0.38866250600232,2024-12-01,0.3424788742805896,-0.02861001519305001,0.3124621138840524,0.3233193408934277,0.316052449531476,-0.03779890098816824,-0.029460923813119322,11,-0.03825078780979196,0.30422808647079763
theta,2024-12-01,2025-12-01,12,0.2722659019140298,0.257866832242461,0.5533728561650418,0.272336839024438,0.3886118207532325,2024-12-01,0.3300141712971292,-0.057748269383099404,0.3138688590875396,0.3124621138840524,0.3233193408934277,-0.02861001519305001,-0.03779890098816824,12,-0.06404609494382182,0.2659680763533073
