month,vacancies_final,vacancies_final_source
1980-01-01,273345.0,HWI_scaled_to_CFIB_then_StatCan
1980-02-01,259678.0,HWI_scaled_to_CFIB_then_StatCan
1980-03-01,254211.0,HWI_scaled_to_CFIB_then_StatCan
1980-04-01,256944.0,HWI_scaled_to_CFIB_then_StatCan
1980-05-01,235077.0,HWI_scaled_to_CFIB_then_StatCan
1980-06-01,235077.0,HWI_scaled_to_CFIB_then_StatCan
1980-07-01,265145.0,HWI_scaled_to_CFIB_then_StatCan
1980-08-01,243277.0,HWI_scaled_to_CFIB_then_StatCan
1980-09-01,251477.0,HWI_scaled_to_CFIB_then_StatCan
1980-10-01,265145.0,HWI_scaled_to_CFIB_then_StatCan
1980-11-01,265145.0,HWI_scaled_to_CFIB_then_StatCan
1980-12-01,262411.0,HWI_scaled_to_CFIB_then_StatCan
1981-01-01,262411.0,HWI_scaled_to_CFIB_then_StatCan
1981-02-01,270039.0,HWI_scaled_to_CFIB_then_StatCan
1981-03-01,271565.0,HWI_scaled_to_CFIB_then_StatCan
1981-04-01,273091.0,HWI_scaled_to_CFIB_then_StatCan
1981-05-01,284279.0,HWI_scaled_to_CFIB_then_StatCan
1981-06-01,289746.0,HWI_scaled_to_CFIB_then_StatCan
1981-07-01,281545.0,HWI_scaled_to_CFIB_then_StatCan
1981-08-01,284279.0,HWI_scaled_to_CFIB_then_StatCan
1981-09-01,273345.0,HWI_scaled_to_CFIB_then_StatCan
1981-10-01,236475.0,HWI_scaled_to_CFIB_then_StatCan
1981-11-01,221219.0,HWI_scaled_to_CFIB_then_StatCan
1981-12-01,224143.0,HWI_scaled_to_CFIB_then_StatCan
1982-01-01,190706.0,HWI_scaled_to_CFIB_then_StatCan
1982-02-01,176975.0,HWI_scaled_to_CFIB_then_StatCan
1982-03-01,163244.0,HWI_scaled_to_CFIB_then_StatCan
1982-04-01,151039.0,HWI_scaled_to_CFIB_then_StatCan
1982-05-01,140359.0,HWI_scaled_to_CFIB_then_StatCan
1982-06-01,103871.0,HWI_scaled_to_CFIB_then_StatCan
1982-07-01,122052.0,HWI_scaled_to_CFIB_then_StatCan
1982-08-01,101138.0,HWI_scaled_to_CFIB_then_StatCan
1982-09-01,90204.0,HWI_scaled_to_CFIB_then_StatCan
1982-10-01,90204.0,HWI_scaled_to_CFIB_then_StatCan
1982-11-01,90204.0,HWI_scaled_to_CFIB_then_StatCan
1982-12-01,103871.0,HWI_scaled_to_CFIB_then_StatCan
1983-01-01,119000.0,HWI_scaled_to_CFIB_then_StatCan
1983-02-01,90204.0,HWI_scaled_to_CFIB_then_StatCan
1983-03-01,125103.0,HWI_scaled_to_CFIB_then_StatCan
1983-04-01,129680.0,HWI_scaled_to_CFIB_then_StatCan
1983-05-01,114805.0,HWI_scaled_to_CFIB_then_StatCan
1983-06-01,137308.0,HWI_scaled_to_CFIB_then_StatCan
1983-07-01,140359.0,HWI_scaled_to_CFIB_then_StatCan
1983-08-01,143411.0,HWI_scaled_to_CFIB_then_StatCan
1983-09-01,144936.0,HWI_scaled_to_CFIB_then_StatCan
1983-10-01,147988.0,HWI_scaled_to_CFIB_then_StatCan
1983-11-01,133939.0,HWI_scaled_to_CFIB_then_StatCan
1983-12-01,152565.0,HWI_scaled_to_CFIB_then_StatCan
1984-01-01,136672.0,HWI_scaled_to_CFIB_then_StatCan
1984-02-01,144873.0,HWI_scaled_to_CFIB_then_StatCan
1984-03-01,166295.0,HWI_scaled_to_CFIB_then_StatCan
1984-04-01,172398.0,HWI_scaled_to_CFIB_then_StatCan
1984-05-01,150340.0,HWI_scaled_to_CFIB_then_StatCan
1984-06-01,181552.0,HWI_scaled_to_CFIB_then_StatCan
1984-07-01,155807.0,HWI_scaled_to_CFIB_then_StatCan
1984-08-01,186129.0,HWI_scaled_to_CFIB_then_StatCan
1984-09-01,161274.0,HWI_scaled_to_CFIB_then_StatCan
1984-10-01,186129.0,HWI_scaled_to_CFIB_then_StatCan
1984-11-01,158540.0,HWI_scaled_to_CFIB_then_StatCan
1984-12-01,153073.0,HWI_scaled_to_CFIB_then_StatCan
1985-01-01,161274.0,HWI_scaled_to_CFIB_then_StatCan
1985-02-01,164007.0,HWI_scaled_to_CFIB_then_StatCan
1985-03-01,174941.0,HWI_scaled_to_CFIB_then_StatCan
1985-04-01,207488.0,HWI_scaled_to_CFIB_then_StatCan
1985-05-01,188608.0,HWI_scaled_to_CFIB_then_StatCan
1985-06-01,188608.0,HWI_scaled_to_CFIB_then_StatCan
1985-07-01,222744.0,HWI_scaled_to_CFIB_then_StatCan
1985-08-01,227321.0,HWI_scaled_to_CFIB_then_StatCan
1985-09-01,231898.0,HWI_scaled_to_CFIB_then_StatCan
1985-10-01,207742.0,HWI_scaled_to_CFIB_then_StatCan
1985-11-01,210476.0,HWI_scaled_to_CFIB_then_StatCan
1985-12-01,221409.0,HWI_scaled_to_CFIB_then_StatCan
1986-01-01,226876.0,HWI_scaled_to_CFIB_then_StatCan
1986-02-01,215943.0,HWI_scaled_to_CFIB_then_StatCan
1986-03-01,253257.0,HWI_scaled_to_CFIB_then_StatCan
1986-04-01,254783.0,HWI_scaled_to_CFIB_then_StatCan
1986-05-01,256309.0,HWI_scaled_to_CFIB_then_StatCan
1986-06-01,232343.0,HWI_scaled_to_CFIB_then_StatCan
1986-07-01,254211.0,HWI_scaled_to_CFIB_then_StatCan
1986-08-01,260886.0,HWI_scaled_to_CFIB_then_StatCan
1986-09-01,232343.0,HWI_scaled_to_CFIB_then_StatCan
1986-10-01,251477.0,HWI_scaled_to_CFIB_then_StatCan
1986-11-01,276078.0,HWI_scaled_to_CFIB_then_StatCan
1986-12-01,256944.0,HWI_scaled_to_CFIB_then_StatCan
1987-01-01,294450.0,HWI_scaled_to_CFIB_then_StatCan
1987-02-01,289746.0,HWI_scaled_to_CFIB_then_StatCan
1987-03-01,305129.0,HWI_scaled_to_CFIB_then_StatCan
1987-04-01,309706.0,HWI_scaled_to_CFIB_then_StatCan
1987-05-01,315809.0,HWI_scaled_to_CFIB_then_StatCan
1987-06-01,319814.0,HWI_scaled_to_CFIB_then_StatCan
1987-07-01,328014.0,HWI_scaled_to_CFIB_then_StatCan
1987-08-01,338948.0,HWI_scaled_to_CFIB_then_StatCan
1987-09-01,341745.0,HWI_scaled_to_CFIB_then_StatCan
1987-10-01,369016.0,HWI_scaled_to_CFIB_then_StatCan
1987-11-01,371749.0,HWI_scaled_to_CFIB_then_StatCan
1987-12-01,374483.0,HWI_scaled_to_CFIB_then_StatCan
1988-01-01,377216.0,HWI_scaled_to_CFIB_then_StatCan
1988-02-01,396350.0,HWI_scaled_to_CFIB_then_StatCan
1988-03-01,390883.0,HWI_scaled_to_CFIB_then_StatCan
1988-04-01,404551.0,HWI_scaled_to_CFIB_then_StatCan
1988-05-01,357001.0,HWI_scaled_to_CFIB_then_StatCan
1988-06-01,358527.0,HWI_scaled_to_CFIB_then_StatCan
1988-07-01,360053.0,HWI_scaled_to_CFIB_then_StatCan
1988-08-01,361578.0,HWI_scaled_to_CFIB_then_StatCan
1988-09-01,361578.0,HWI_scaled_to_CFIB_then_StatCan
1988-10-01,361578.0,HWI_scaled_to_CFIB_then_StatCan
1988-11-01,456486.0,HWI_scaled_to_CFIB_then_StatCan
1988-12-01,364629.0,HWI_scaled_to_CFIB_then_StatCan
1989-01-01,366155.0,HWI_scaled_to_CFIB_then_StatCan
1989-02-01,370732.0,HWI_scaled_to_CFIB_then_StatCan
1989-03-01,372258.0,HWI_scaled_to_CFIB_then_StatCan
1989-04-01,370732.0,HWI_scaled_to_CFIB_then_StatCan
1989-05-01,367681.0,HWI_scaled_to_CFIB_then_StatCan
1989-06-01,364629.0,HWI_scaled_to_CFIB_then_StatCan
1989-07-01,361578.0,HWI_scaled_to_CFIB_then_StatCan
1989-08-01,358527.0,HWI_scaled_to_CFIB_then_StatCan
1989-09-01,357001.0,HWI_scaled_to_CFIB_then_StatCan
1989-10-01,353950.0,HWI_scaled_to_CFIB_then_StatCan
1989-11-01,347847.0,HWI_scaled_to_CFIB_then_StatCan
1989-12-01,340219.0,HWI_scaled_to_CFIB_then_StatCan
1990-01-01,332591.0,HWI_scaled_to_CFIB_then_StatCan
1990-02-01,324963.0,HWI_scaled_to_CFIB_then_StatCan
1990-03-01,315809.0,HWI_scaled_to_CFIB_then_StatCan
1990-04-01,305129.0,HWI_scaled_to_CFIB_then_StatCan
1990-05-01,294450.0,HWI_scaled_to_CFIB_then_StatCan
1990-06-01,282245.0,HWI_scaled_to_CFIB_then_StatCan
1990-07-01,268514.0,HWI_scaled_to_CFIB_then_StatCan
1990-08-01,256309.0,HWI_scaled_to_CFIB_then_StatCan
1990-09-01,242578.0,HWI_scaled_to_CFIB_then_StatCan
1990-10-01,228847.0,HWI_scaled_to_CFIB_then_StatCan
1990-11-01,215116.0,HWI_scaled_to_CFIB_then_StatCan
1990-12-01,202911.0,HWI_scaled_to_CFIB_then_StatCan
1991-01-01,193757.0,HWI_scaled_to_CFIB_then_StatCan
1991-02-01,187654.0,HWI_scaled_to_CFIB_then_StatCan
1991-03-01,183078.0,HWI_scaled_to_CFIB_then_StatCan
1991-04-01,180026.0,HWI_scaled_to_CFIB_then_StatCan
1991-05-01,180026.0,HWI_scaled_to_CFIB_then_StatCan
1991-06-01,178501.0,HWI_scaled_to_CFIB_then_StatCan
1991-07-01,178501.0,HWI_scaled_to_CFIB_then_StatCan
1991-08-01,175449.0,HWI_scaled_to_CFIB_then_StatCan
1991-09-01,173924.0,HWI_scaled_to_CFIB_then_StatCan
1991-10-01,170872.0,HWI_scaled_to_CFIB_then_StatCan
1991-11-01,167821.0,HWI_scaled_to_CFIB_then_StatCan
1991-12-01,164770.0,HWI_scaled_to_CFIB_then_StatCan
1992-01-01,160193.0,HWI_scaled_to_CFIB_then_StatCan
1992-02-01,157142.0,HWI_scaled_to_CFIB_then_StatCan
1992-03-01,154090.0,HWI_scaled_to_CFIB_then_StatCan
1992-04-01,151039.0,HWI_scaled_to_CFIB_then_StatCan
1992-05-01,151039.0,HWI_scaled_to_CFIB_then_StatCan
1992-06-01,151039.0,HWI_scaled_to_CFIB_then_StatCan
1992-07-01,151039.0,HWI_scaled_to_CFIB_then_StatCan
1992-08-01,151039.0,HWI_scaled_to_CFIB_then_StatCan
1992-09-01,152565.0,HWI_scaled_to_CFIB_then_StatCan
1992-10-01,152565.0,HWI_scaled_to_CFIB_then_StatCan
1992-11-01,152565.0,HWI_scaled_to_CFIB_then_StatCan
1992-12-01,154090.0,HWI_scaled_to_CFIB_then_StatCan
1993-01-01,154090.0,HWI_scaled_to_CFIB_then_StatCan
1993-02-01,155616.0,HWI_scaled_to_CFIB_then_StatCan
1993-03-01,155616.0,HWI_scaled_to_CFIB_then_StatCan
1993-04-01,155616.0,HWI_scaled_to_CFIB_then_StatCan
1993-05-01,155616.0,HWI_scaled_to_CFIB_then_StatCan
1993-06-01,155616.0,HWI_scaled_to_CFIB_then_StatCan
1993-07-01,154090.0,HWI_scaled_to_CFIB_then_StatCan
1993-08-01,154090.0,HWI_scaled_to_CFIB_then_StatCan
1993-09-01,154090.0,HWI_scaled_to_CFIB_then_StatCan
1993-10-01,154090.0,HWI_scaled_to_CFIB_then_StatCan
1993-11-01,155616.0,HWI_scaled_to_CFIB_then_StatCan
1993-12-01,158667.0,HWI_scaled_to_CFIB_then_StatCan
1994-01-01,161719.0,HWI_scaled_to_CFIB_then_StatCan
1994-02-01,163244.0,HWI_scaled_to_CFIB_then_StatCan
1994-03-01,164770.0,HWI_scaled_to_CFIB_then_StatCan
1994-04-01,166295.0,HWI_scaled_to_CFIB_then_StatCan
1994-05-01,166295.0,HWI_scaled_to_CFIB_then_StatCan
1994-06-01,167821.0,HWI_scaled_to_CFIB_then_StatCan
1994-07-01,170872.0,HWI_scaled_to_CFIB_then_StatCan
1994-08-01,172398.0,HWI_scaled_to_CFIB_then_StatCan
1994-09-01,173924.0,HWI_scaled_to_CFIB_then_StatCan
1994-10-01,175449.0,HWI_scaled_to_CFIB_then_StatCan
1994-11-01,176975.0,HWI_scaled_to_CFIB_then_StatCan
1994-12-01,176975.0,HWI_scaled_to_CFIB_then_StatCan
1995-01-01,175449.0,HWI_scaled_to_CFIB_then_StatCan
1995-02-01,173924.0,HWI_scaled_to_CFIB_then_StatCan
1995-03-01,172398.0,HWI_scaled_to_CFIB_then_StatCan
1995-04-01,170872.0,HWI_scaled_to_CFIB_then_StatCan
1995-05-01,167821.0,HWI_scaled_to_CFIB_then_StatCan
1995-06-01,166295.0,HWI_scaled_to_CFIB_then_StatCan
1995-07-01,164770.0,HWI_scaled_to_CFIB_then_StatCan
1995-08-01,161719.0,HWI_scaled_to_CFIB_then_StatCan
1995-09-01,160193.0,HWI_scaled_to_CFIB_then_StatCan
1995-10-01,158667.0,HWI_scaled_to_CFIB_then_StatCan
1995-11-01,157142.0,HWI_scaled_to_CFIB_then_StatCan
1995-12-01,154090.0,HWI_scaled_to_CFIB_then_StatCan
1996-01-01,152565.0,HWI_scaled_to_CFIB_then_StatCan
1996-02-01,151039.0,HWI_scaled_to_CFIB_then_StatCan
1996-03-01,149513.0,HWI_scaled_to_CFIB_then_StatCan
1996-04-01,149513.0,HWI_scaled_to_CFIB_then_StatCan
1996-05-01,149513.0,HWI_scaled_to_CFIB_then_StatCan
1996-06-01,151039.0,HWI_scaled_to_CFIB_then_StatCan
1996-07-01,151039.0,HWI_scaled_to_CFIB_then_StatCan
1996-08-01,152565.0,HWI_scaled_to_CFIB_then_StatCan
1996-09-01,155616.0,HWI_scaled_to_CFIB_then_StatCan
1996-10-01,158667.0,HWI_scaled_to_CFIB_then_StatCan
1996-11-01,161719.0,HWI_scaled_to_CFIB_then_StatCan
1996-12-01,164770.0,HWI_scaled_to_CFIB_then_StatCan
1997-01-01,169347.0,HWI_scaled_to_CFIB_then_StatCan
1997-02-01,172398.0,HWI_scaled_to_CFIB_then_StatCan
1997-03-01,176975.0,HWI_scaled_to_CFIB_then_StatCan
1997-04-01,181552.0,HWI_scaled_to_CFIB_then_StatCan
1997-05-01,184603.0,HWI_scaled_to_CFIB_then_StatCan
1997-06-01,189180.0,HWI_scaled_to_CFIB_then_StatCan
1997-07-01,192231.0,HWI_scaled_to_CFIB_then_StatCan
1997-08-01,195283.0,HWI_scaled_to_CFIB_then_StatCan
1997-09-01,198334.0,HWI_scaled_to_CFIB_then_StatCan
1997-10-01,199860.0,HWI_scaled_to_CFIB_then_StatCan
1997-11-01,202911.0,HWI_scaled_to_CFIB_then_StatCan
1997-12-01,205962.0,HWI_scaled_to_CFIB_then_StatCan
1998-01-01,209014.0,HWI_scaled_to_CFIB_then_StatCan
1998-02-01,212065.0,HWI_scaled_to_CFIB_then_StatCan
1998-03-01,215116.0,HWI_scaled_to_CFIB_then_StatCan
1998-04-01,216642.0,HWI_scaled_to_CFIB_then_StatCan
1998-05-01,218167.0,HWI_scaled_to_CFIB_then_StatCan
1998-06-01,218167.0,HWI_scaled_to_CFIB_then_StatCan
1998-07-01,219693.0,HWI_scaled_to_CFIB_then_StatCan
1998-08-01,219693.0,HWI_scaled_to_CFIB_then_StatCan
1998-09-01,219693.0,HWI_scaled_to_CFIB_then_StatCan
1998-10-01,219693.0,HWI_scaled_to_CFIB_then_StatCan
1998-11-01,221219.0,HWI_scaled_to_CFIB_then_StatCan
1998-12-01,222744.0,HWI_scaled_to_CFIB_then_StatCan
1999-01-01,226253.0,HWI_scaled_to_CFIB_then_StatCan
1999-02-01,229762.0,HWI_scaled_to_CFIB_then_StatCan
1999-03-01,233882.0,HWI_scaled_to_CFIB_then_StatCan
1999-04-01,238001.0,HWI_scaled_to_CFIB_then_StatCan
1999-05-01,240900.0,HWI_scaled_to_CFIB_then_StatCan
1999-06-01,242730.0,HWI_scaled_to_CFIB_then_StatCan
1999-07-01,243493.0,HWI_scaled_to_CFIB_then_StatCan
1999-08-01,244561.0,HWI_scaled_to_CFIB_then_StatCan
1999-09-01,246392.0,HWI_scaled_to_CFIB_then_StatCan
1999-10-01,249138.0,HWI_scaled_to_CFIB_then_StatCan
1999-11-01,252800.0,HWI_scaled_to_CFIB_then_StatCan
1999-12-01,255851.0,HWI_scaled_to_CFIB_then_StatCan
2000-01-01,258292.0,HWI_scaled_to_CFIB_then_StatCan
2000-02-01,259055.0,HWI_scaled_to_CFIB_then_StatCan
2000-03-01,258750.0,HWI_scaled_to_CFIB_then_StatCan
2000-04-01,258444.0,HWI_scaled_to_CFIB_then_StatCan
2000-05-01,258750.0,HWI_scaled_to_CFIB_then_StatCan
2000-06-01,260275.0,HWI_scaled_to_CFIB_then_StatCan
2000-07-01,262869.0,HWI_scaled_to_CFIB_then_StatCan
2000-08-01,266530.0,HWI_scaled_to_CFIB_then_StatCan
2000-09-01,270039.0,HWI_scaled_to_CFIB_then_StatCan
2000-10-01,272175.0,HWI_scaled_to_CFIB_then_StatCan
2000-11-01,271870.0,HWI_scaled_to_CFIB_then_StatCan
2000-12-01,268514.0,HWI_scaled_to_CFIB_then_StatCan
2001-01-01,263479.0,HWI_scaled_to_CFIB_then_StatCan
2001-02-01,257682.0,HWI_scaled_to_CFIB_then_StatCan
2001-03-01,251884.0,HWI_scaled_to_CFIB_then_StatCan
2001-04-01,246087.0,HWI_scaled_to_CFIB_then_StatCan
2001-05-01,239984.0,HWI_scaled_to_CFIB_then_StatCan
2001-06-01,233424.0,HWI_scaled_to_CFIB_then_StatCan
2001-07-01,226406.0,HWI_scaled_to_CFIB_then_StatCan
2001-08-01,218930.0,HWI_scaled_to_CFIB_then_StatCan
2001-09-01,210997.0,HWI_scaled_to_CFIB_then_StatCan
2001-10-01,203674.0,HWI_scaled_to_CFIB_then_StatCan
2001-11-01,197571.0,HWI_scaled_to_CFIB_then_StatCan
2001-12-01,194062.0,HWI_scaled_to_CFIB_then_StatCan
2002-01-01,192537.0,HWI_scaled_to_CFIB_then_StatCan
2002-02-01,192842.0,HWI_scaled_to_CFIB_then_StatCan
2002-03-01,193605.0,HWI_scaled_to_CFIB_then_StatCan
2002-04-01,194215.0,HWI_scaled_to_CFIB_then_StatCan
2002-05-01,194215.0,HWI_scaled_to_CFIB_then_StatCan
2002-06-01,192994.0,HWI_scaled_to_CFIB_then_StatCan
2002-07-01,190553.0,HWI_scaled_to_CFIB_then_StatCan
2002-08-01,187044.0,HWI_scaled_to_CFIB_then_StatCan
2002-09-01,182620.0,HWI_scaled_to_CFIB_then_StatCan
2002-10-01,178348.0,HWI_scaled_to_CFIB_then_StatCan
2002-11-01,174839.0,HWI_scaled_to_CFIB_then_StatCan
2002-12-01,172245.0,HWI_scaled_to_CFIB_then_StatCan
2003-01-01,170720.0,HWI_scaled_to_CFIB_then_StatCan
2003-02-01,169957.0,HWI_scaled_to_CFIB_then_StatCan
2003-03-01,169194.0,HWI_scaled_to_CFIB_then_StatCan
2003-04-01,169042.0,HWI_scaled_to_CFIB_then_StatCan
2003-05-01,169042.0,HWI_scaled_to_CFIB_then_StatCan
2003-06-01,169042.0,HWI_scaled_to_CFIB_then_StatCan
2003-07-01,169042.0,HWI_scaled_to_CFIB_then_StatCan
2003-08-01,169042.0,HWI_scaled_to_CFIB_then_StatCan
2003-09-01,169042.0,HWI_scaled_to_CFIB_then_StatCan
2003-10-01,169042.0,HWI_scaled_to_CFIB_then_StatCan
2003-11-01,169042.0,HWI_scaled_to_CFIB_then_StatCan
2003-12-01,169042.0,HWI_scaled_to_CFIB_then_StatCan
2004-01-01,169042.0,CFIB_private_scaled
2004-02-01,169042.0,CFIB_private_scaled
2004-03-01,169042.0,CFIB_private_scaled
2004-04-01,170684.0,CFIB_private_scaled
2004-05-01,170684.0,CFIB_private_scaled
2004-06-01,170684.0,CFIB_private_scaled
2004-07-01,179184.0,CFIB_private_scaled
2004-08-01,179184.0,CFIB_private_scaled
2004-09-01,179184.0,CFIB_private_scaled
2004-10-01,192031.0,CFIB_private_scaled
2004-11-01,192031.0,CFIB_private_scaled
2004-12-01,192031.0,CFIB_private_scaled
2005-01-01,207197.0,CFIB_private_scaled
2005-02-01,207197.0,CFIB_private_scaled
2005-03-01,207197.0,CFIB_private_scaled
2005-04-01,225936.0,CFIB_private_scaled
2005-05-01,225936.0,CFIB_private_scaled
2005-06-01,225936.0,CFIB_private_scaled
2005-07-01,236079.0,CFIB_private_scaled
2005-08-01,236079.0,CFIB_private_scaled
2005-09-01,236079.0,CFIB_private_scaled
2005-10-01,241391.0,CFIB_private_scaled
2005-11-01,241391.0,CFIB_private_scaled
2005-12-01,241391.0,CFIB_private_scaled
2006-01-01,249699.0,CFIB_private_scaled
2006-02-01,249699.0,CFIB_private_scaled
2006-03-01,249699.0,CFIB_private_scaled
2006-04-01,272495.0,CFIB_private_scaled
2006-05-01,272495.0,CFIB_private_scaled
2006-06-01,272495.0,CFIB_private_scaled
2006-07-01,306303.0,CFIB_private_scaled
2006-08-01,306303.0,CFIB_private_scaled
2006-09-01,306303.0,CFIB_private_scaled
2006-10-01,334413.0,CFIB_private_scaled
2006-11-01,334413.0,CFIB_private_scaled
2006-12-01,334413.0,CFIB_private_scaled
2007-01-01,340498.0,CFIB_private_scaled
2007-02-01,340498.0,CFIB_private_scaled
2007-03-01,340498.0,CFIB_private_scaled
2007-04-01,334219.0,CFIB_private_scaled
2007-05-01,334219.0,CFIB_private_scaled
2007-06-01,334219.0,CFIB_private_scaled
2007-07-01,331901.0,CFIB_private_scaled
2007-08-01,331901.0,CFIB_private_scaled
2007-09-01,331901.0,CFIB_private_scaled
2007-10-01,333253.0,CFIB_private_scaled
2007-11-01,333253.0,CFIB_private_scaled
2007-12-01,333253.0,CFIB_private_scaled
2008-01-01,331322.0,CFIB_private_scaled
2008-02-01,331322.0,CFIB_private_scaled
2008-03-01,331322.0,CFIB_private_scaled
2008-04-01,322048.0,CFIB_private_scaled
2008-05-01,322048.0,CFIB_private_scaled
2008-06-01,322048.0,CFIB_private_scaled
2008-07-01,294229.0,CFIB_private_scaled
2008-08-01,294229.0,CFIB_private_scaled
2008-09-01,294229.0,CFIB_private_scaled
2008-10-01,259068.0,CFIB_private_scaled
2008-11-01,259068.0,CFIB_private_scaled
2008-12-01,259068.0,CFIB_private_scaled
2009-01-01,227675.0,CFIB_private_scaled
2009-02-01,227675.0,CFIB_private_scaled
2009-03-01,227675.0,CFIB_private_scaled
2009-04-01,196668.0,CFIB_private_scaled
2009-05-01,196668.0,CFIB_private_scaled
2009-06-01,196668.0,CFIB_private_scaled
2009-07-01,181116.0,CFIB_private_scaled
2009-08-01,181116.0,CFIB_private_scaled
2009-09-01,181116.0,CFIB_private_scaled
2009-10-01,177639.0,CFIB_private_scaled
2009-11-01,177639.0,CFIB_private_scaled
2009-12-01,177639.0,CFIB_private_scaled
2010-01-01,183531.0,CFIB_private_scaled
2010-02-01,183531.0,CFIB_private_scaled
2010-03-01,183531.0,CFIB_private_scaled
2010-04-01,193190.0,CFIB_private_scaled
2010-05-01,193190.0,CFIB_private_scaled
2010-06-01,193190.0,CFIB_private_scaled
2010-07-01,196281.0,CFIB_private_scaled
2010-08-01,196281.0,CFIB_private_scaled
2010-09-01,196281.0,CFIB_private_scaled
2010-10-01,204299.0,CFIB_private_scaled
2010-11-01,204299.0,CFIB_private_scaled
2010-12-01,204299.0,CFIB_private_scaled
2011-01-01,229800.0,CFIB_private_scaled (filled 2011-01/02)
2011-02-01,229800.0,CFIB_private_scaled (filled 2011-01/02)
2011-03-01,229800.0,StatCan_observed
2011-04-01,235500.0,StatCan_observed
2011-05-01,236600.0,StatCan_observed
2011-06-01,244700.0,StatCan_observed
2011-07-01,236000.0,StatCan_observed
2011-08-01,250400.0,StatCan_observed
2011-09-01,249800.0,StatCan_observed
2011-10-01,254900.0,StatCan_observed
2011-11-01,235200.0,StatCan_observed
2011-12-01,224100.0,StatCan_observed
2012-01-01,226100.0,StatCan_observed
2012-02-01,240000.0,StatCan_observed
2012-03-01,249800.0,StatCan_observed
2012-04-01,258400.0,StatCan_observed
2012-05-01,262200.0,StatCan_observed
2012-06-01,268400.0,StatCan_observed
2012-07-01,269200.0,StatCan_observed
2012-08-01,274600.0,StatCan_observed
2012-09-01,275200.0,StatCan_observed
2012-10-01,272500.0,StatCan_observed
2012-11-01,246800.0,StatCan_observed
2012-12-01,224400.0,StatCan_observed
2013-01-01,203300.0,StatCan_observed
2013-02-01,216000.0,StatCan_observed
2013-03-01,224800.0,StatCan_observed
2013-04-01,237300.0,StatCan_observed
2013-05-01,228100.0,StatCan_observed
2013-06-01,221600.0,StatCan_observed
2013-07-01,215100.0,StatCan_observed
2013-08-01,222700.0,StatCan_observed
2013-09-01,233300.0,StatCan_observed
2013-10-01,237200.0,StatCan_observed
2013-11-01,221000.0,StatCan_observed
2013-12-01,203500.0,StatCan_observed
2014-01-01,193000.0,StatCan_observed
2014-02-01,192900.0,StatCan_observed
2014-03-01,208700.0,StatCan_observed
2014-04-01,228200.0,StatCan_observed
2014-05-01,239900.0,StatCan_observed
2014-06-01,235100.0,StatCan_observed
2014-07-01,224500.0,StatCan_observed
2014-08-01,235900.0,StatCan_observed
2014-09-01,244600.0,StatCan_observed
2014-10-01,250100.0,StatCan_observed
2014-11-01,242700.0,StatCan_observed
2014-12-01,231500.0,StatCan_observed
2015-01-01,225400.0,StatCan_observed
2015-02-01,221200.0,StatCan_observed
2015-03-01,230500.0,StatCan_observed
2015-04-01,482925.0,StatCan_observed
2015-05-01,444495.0,StatCan_observed
2015-06-01,410685.0,StatCan_observed
2015-07-01,374735.0,StatCan_observed
2015-08-01,377900.0,StatCan_observed
2015-09-01,459785.0,StatCan_observed
2015-10-01,382545.0,StatCan_observed
2015-11-01,373980.0,StatCan_observed
2015-12-01,303040.0,StatCan_observed
2016-01-01,307740.0,StatCan_observed
2016-02-01,294535.0,StatCan_observed
2016-03-01,363255.0,StatCan_observed
2016-04-01,383555.0,StatCan_observed
2016-05-01,400140.0,StatCan_observed
2016-06-01,392755.0,StatCan_observed
2016-07-01,371465.0,StatCan_observed
2016-08-01,402370.0,StatCan_observed
2016-09-01,419725.0,StatCan_observed
2016-10-01,394395.0,StatCan_observed
2016-11-01,380140.0,StatCan_observed
2016-12-01,341000.0,StatCan_observed
2017-01-01,346495.0,StatCan_observed
2017-02-01,360685.0,StatCan_observed
2017-03-01,438375.0,StatCan_observed
2017-04-01,466590.0,StatCan_observed
2017-05-01,466515.0,StatCan_observed
2017-06-01,438060.0,StatCan_observed
2017-07-01,434595.0,StatCan_observed
2017-08-01,447225.0,StatCan_observed
2017-09-01,518780.0,StatCan_observed
2017-10-01,484955.0,StatCan_observed
2017-11-01,493215.0,StatCan_observed
2017-12-01,417505.0,StatCan_observed
2018-01-01,421415.0,StatCan_observed
2018-02-01,439290.0,StatCan_observed
2018-03-01,504255.0,StatCan_observed
2018-04-01,544450.0,StatCan_observed
2018-05-01,546210.0,StatCan_observed
2018-06-01,538105.0,StatCan_observed
2018-07-01,532090.0,StatCan_observed
2018-08-01,523525.0,StatCan_observed
2018-09-01,598025.0,StatCan_observed
2018-10-01,602505.0,StatCan_observed
2018-11-01,549800.0,StatCan_observed
2018-12-01,477705.0,StatCan_observed
2019-01-01,487375.0,StatCan_observed
2019-02-01,478310.0,StatCan_observed
2019-03-01,540840.0,StatCan_observed
2019-04-01,594825.0,StatCan_observed
2019-05-01,587490.0,StatCan_observed
2019-06-01,558715.0,StatCan_observed
2019-07-01,544120.0,StatCan_observed
2019-08-01,560090.0,StatCan_observed
2019-09-01,587795.0,StatCan_observed
2019-10-01,568835.0,StatCan_observed
2019-11-01,510525.0,StatCan_observed
2019-12-01,434340.0,StatCan_observed
2020-01-01,518485.0,StatCan_observed
2020-02-01,505665.0,StatCan_observed
2020-03-01,522630.0,StatCan_observed
2020-04-01,,
2020-05-01,,
2020-06-01,,
2020-07-01,,
2020-08-01,,
2020-09-01,,
2020-10-01,619265.0,StatCan_observed
2020-11-01,556570.0,StatCan_observed
2020-12-01,479335.0,StatCan_observed
2021-01-01,495540.0,StatCan_observed
2021-02-01,537390.0,StatCan_observed
2021-03-01,632075.0,StatCan_observed
2021-04-01,693955.0,StatCan_observed
2021-05-01,706345.0,StatCan_observed
2021-06-01,797800.0,StatCan_observed
2021-07-01,830450.0,StatCan_observed
2021-08-01,919835.0,StatCan_observed
2021-09-01,988655.0,StatCan_observed
2021-10-01,964130.0,StatCan_observed
2021-11-01,894550.0,StatCan_observed
2021-12-01,878040.0,StatCan_observed
2022-01-01,853450.0,StatCan_observed
2022-02-01,833725.0,StatCan_observed
2022-03-01,977565.0,StatCan_observed
2022-04-01,1034280.0,StatCan_observed
2022-05-01,1037195.0,StatCan_observed
2022-06-01,1020615.0,StatCan_observed
2022-07-01,999995.0,StatCan_observed
2022-08-01,974450.0,StatCan_observed
2022-09-01,987760.0,StatCan_observed
2022-10-01,933845.0,StatCan_observed
2022-11-01,854165.0,StatCan_observed
2022-12-01,752325.0,StatCan_observed
2023-01-01,788280.0,StatCan_observed
2023-02-01,747720.0,StatCan_observed
2023-03-01,790370.0,StatCan_observed
2023-04-01,839950.0,StatCan_observed
2023-05-01,812510.0,StatCan_observed
2023-06-01,779410.0,StatCan_observed
2023-07-01,742230.0,StatCan_observed
2023-08-01,741875.0,StatCan_observed
2023-09-01,693950.0,StatCan_observed
2023-10-01,711930.0,StatCan_observed
2023-11-01,656565.0,StatCan_observed
2023-12-01,534525.0,StatCan_observed
2024-01-01,600555.0,StatCan_observed
2024-02-01,588470.0,StatCan_observed
2024-03-01,595090.0,StatCan_observed
2024-04-01,642810.0,StatCan_observed
2024-05-01,616605.0,StatCan_observed
2024-06-01,585620.0,StatCan_observed
2024-07-01,563955.0,StatCan_observed
2024-08-01,567725.0,StatCan_observed
2024-09-01,565870.0,StatCan_observed
2024-10-01,557710.0,StatCan_observed
2024-11-01,525185.0,StatCan_observed
2024-12-01,440185.0,StatCan_observed
2025-01-01,473755.0,StatCan_observed
2025-02-01,473590.0,StatCan_observed
2025-03-01,513445.0,StatCan_observed
2025-04-01,559835.0,StatCan_observed
2025-05-01,543630.0,StatCan_observed
2025-06-01,522945.0,StatCan_observed
2025-07-01,506080.0,StatCan_observed
2025-08-01,502555.0,StatCan_observed
2025-09-01,516050.0,StatCan_observed
2025-10-01,484535.0,StatCan_observed
2025-11-01,465750.0,StatCan_observed
2025-12-01,422475.0,StatCan_observed
