"REF_DATE","GEO","DGUID","Labour force characteristics","Gender","Age group","Statistics","Data type","UOM","UOM_ID","SCALAR_FACTOR","SCALAR_ID","VECTOR","COORDINATE","VALUE","STATUS","SYMBOL","TERMINATED","DECIMALS"
"2015-04","Canada","2021A000011124","Population","Total - Gender","15 years and over","Estimate","Seasonally adjusted","Persons in thousands","428","thousands","3","v2062809","1.1.1.1.1.1","29000.4","","","","1"
"2015-05","Canada","2021A000011124","Population","Total - Gender","15 years and over","Estimate","Seasonally adjusted","Persons in thousands","428","thousands","3","v2062809","1.1.1.1.1.1","29020.2","","","","1"
"2015-06","Canada","2021A000011124","Population","Total - Gender","15 years and over","Estimate","Seasonally adjusted","Persons in thousands","428","thousands","3","v2062809","1.1.1.1.1.1","29048.8","","","","1"
"2015-07","Canada","2021A000011124","Population","Total - Gender","15 years and over","Estimate","Seasonally adjusted","Persons in thousands","428","thousands","3","v2062809","1.1.1.1.1.1","29074.3","","","","1"
"2015-08","Canada","2021A000011124","Population","Total - Gender","15 years and over","Estimate","Seasonally adjusted","Persons in thousands","428","thousands","3","v2062809","1.1.1.1.1.1","29099.5","","","","1"
"2015-09","Canada","2021A000011124","Population","Total - Gender","15 years and over","Estimate","Seasonally adjusted","Persons in thousands","428","thousands","3","v2062809","1.1.1.1.1.1","29129.5","","","","1"
"2015-10","Canada","2021A000011124","Population","Total - Gender","15 years and over","Estimate","Seasonally adjusted","Persons in thousands","428","thousands","3","v2062809","1.1.1.1.1.1","29152.4","","","","1"
"2015-11","Canada","2021A000011124","Population","Total - Gender","15 years and over","Estimate","Seasonally adjusted","Persons in thousands","428","thousands","3","v2062809","1.1.1.1.1.1","29173.1","","","","1"
"2015-12","Canada","2021A000011124","Population","Total - Gender","15 years and over","Estimate","Seasonally adjusted","Persons in thousands","428","thousands","3","v2062809","1.1.1.1.1.1","29193.6","","","","1"
"2016-01","Canada","2021A000011124","Population","Total - Gender","15 years and over","Estimate","Seasonally adjusted","Persons in thousands","428","thousands","3","v2062809","1.1.1.1.1.1","29218.7","","","","1"
"2016-02","Canada","2021A000011124","Population","Total - Gender","15 years and over","Estimate","Seasonally adjusted","Persons in thousands","428","thousands","3","v2062809","1.1.1.1.1.1","29249.3","","","","1"
"2016-03","Canada","2021A000011124","Population","Total - Gender","15 years and over","Estimate","Seasonally adjusted","Persons in thousands","428","thousands","3","v2062809","1.1.1.1.1.1","29274.3","","","","1"
"2016-04","Canada","2021A000011124","Population","Total - Gender","15 years and over","Estimate","Seasonally adjusted","Persons in thousands","428","thousands","3","v2062809","1.1.1.1.1.1","29298.9","","","","1"
"2016-05","Canada","2021A000011124","Population","Total - Gender","15 years and over","Estimate","Seasonally adjusted","Persons in thousands","428","thousands","3","v2062809","1.1.1.1.1.1","29333.5","","","","1"
"2016-06","Canada","2021A000011124","Population","Total - Gender","15 years and over","Estimate","Seasonally adjusted","Persons in thousands","428","thousands","3","v2062809","1.1.1.1.1.1","29366.1","","","","1"
"2016-07","Canada","2021A000011124","Population","Total - Gender","15 years and over","Estimate","Seasonally adjusted","Persons in thousands","428","thousands","3","v2062809","1.1.1.1.1.1","29400.7","","","","1"
"2016-08","Canada","2021A000011124","Population","Total - Gender","15 years and over","Estimate","Seasonally adjusted","Persons in thousands","428","thousands","3","v2062809","1.1.1.1.1.1","29436.7","","","","1"
"2016-09","Canada","2021A000011124","Population","Total - Gender","15 years and over","Estimate","Seasonally adjusted","Persons in thousands","428","thousands","3","v2062809","1.1.1.1.1.1","29465.7","","","","1"
"2016-10","Canada","2021A000011124","Population","Total - Gender","15 years and over","Estimate","Seasonally adjusted","Persons in thousands","428","thousands","3","v2062809","1.1.1.1.1.1","29492.9","","","","1"
"2016-11","Canada","2021A000011124","Population","Total - Gender","15 years and over","Estimate","Seasonally adjusted","Persons in thousands","428","thousands","3","v2062809","1.1.1.1.1.1","29518.3","","","","1"
"2016-12","Canada","2021A000011124","Population","Total - Gender","15 years and over","Estimate","Seasonally adjusted","Persons in thousands","428","thousands","3","v2062809","1.1.1.1.1.1","29542.6","","","","1"
"2017-01","Canada","2021A000011124","Population","Total - Gender","15 years and over","Estimate","Seasonally adjusted","Persons in thousands","428","thousands","3","v2062809","1.1.1.1.1.1","29575.4","","","","1"
"2017-02","Canada","2021A000011124","Population","Total - Gender","15 years and over","Estimate","Seasonally adjusted","Persons in thousands","428","thousands","3","v2062809","1.1.1.1.1.1","29601.2","","","","1"
"2017-03","Canada","2021A000011124","Population","Total - Gender","15 years and over","Estimate","Seasonally adjusted","Persons in thousands","428","thousands","3","v2062809","1.1.1.1.1.1","29632.8","","","","1"
"2017-04","Canada","2021A000011124","Population","Total - Gender","15 years and over","Estimate","Seasonally adjusted","Persons in thousands","428","thousands","3","v2062809","1.1.1.1.1.1","29664.6","","","","1"
"2017-05","Canada","2021A000011124","Population","Total - Gender","15 years and over","Estimate","Seasonally adjusted","Persons in thousands","428","thousands","3","v2062809","1.1.1.1.1.1","29705.0","","","","1"
"2017-06","Canada","2021A000011124","Population","Total - Gender","15 years and over","Estimate","Seasonally adjusted","Persons in thousands","428","thousands","3","v2062809","1.1.1.1.1.1","29739.5","","","","1"
"2017-07","Canada","2021A000011124","Population","Total - Gender","15 years and over","Estimate","Seasonally adjusted","Persons in thousands","428","thousands","3","v2062809","1.1.1.1.1.1","29776.2","","","","1"
"2017-08","Canada","2021A000011124","Population","Total - Gender","15 years and over","Estimate","Seasonally adjusted","Persons in thousands","428","thousands","3","v2062809","1.1.1.1.1.1","29821.4","","","","1"
"2017-09","Canada","2021A000011124","Population","Total - Gender","15 years and over","Estimate","Seasonally adjusted","Persons in thousands","428","thousands","3","v2062809","1.1.1.1.1.1","29855.7","","","","1"
"2017-10","Canada","2021A000011124","Population","Total - Gender","15 years and over","Estimate","Seasonally adjusted","Persons in thousands","428","thousands","3","v2062809","1.1.1.1.1.1","29889.3","","","","1"
"2017-11","Canada","2021A000011124","Population","Total - Gender","15 years and over","Estimate","Seasonally adjusted","Persons in thousands","428","thousands","3","v2062809","1.1.1.1.1.1","29921.7","","","","1"
"2017-12","Canada","2021A000011124","Population","Total - Gender","15 years and over","Estimate","Seasonally adjusted","Persons in thousands","428","thousands","3","v2062809","1.1.1.1.1.1","29953.3","","","","1"
"2018-01","Canada","2021A000011124","Population","Total - Gender","15 years and over","Estimate","Seasonally adjusted","Persons in thousands","428","thousands","3","v2062809","1.1.1.1.1.1","29996.8","","","","1"
"2018-02","Canada","2021A000011124","Population","Total - Gender","15 years and over","Estimate","Seasonally adjusted","Persons in thousands","428","thousands","3","v2062809","1.1.1.1.1.1","30027.7","","","","1"
"2018-03","Canada","2021A000011124","Population","Total - Gender","15 years and over","Estimate","Seasonally adjusted","Persons in thousands","428","thousands","3","v2062809","1.1.1.1.1.1","30065.1","","","","1"
"2018-04","Canada","2021A000011124","Population","Total - Gender","15 years and over","Estimate","Seasonally adjusted","Persons in thousands","428","thousands","3","v2062809","1.1.1.1.1.1","30112.8","","","","1"
"2018-05","Canada","2021A000011124","Population","Total - Gender","15 years and over","Estimate","Seasonally adjusted","Persons in thousands","428","thousands","3","v2062809","1.1.1.1.1.1","30152.1","","","","1"
"2018-06","Canada","2021A000011124","Population","Total - Gender","15 years and over","Estimate","Seasonally adjusted","Persons in thousands","428","thousands","3","v2062809","1.1.1.1.1.1","30193.1","","","","1"
"2018-07","Canada","2021A000011124","Population","Total - Gender","15 years and over","Estimate","Seasonally adjusted","Persons in thousands","428","thousands","3","v2062809","1.1.1.1.1.1","30241.0","","","","1"
"2018-08","Canada","2021A000011124","Population","Total - Gender","15 years and over","Estimate","Seasonally adjusted","Persons in thousands","428","thousands","3","v2062809","1.1.1.1.1.1","30273.2","","","","1"
"2018-09","Canada","2021A000011124","Population","Total - Gender","15 years and over","Estimate","Seasonally adjusted","Persons in thousands","428","thousands","3","v2062809","1.1.1.1.1.1","30305.2","","","","1"
"2018-10","Canada","2021A000011124","Population","Total - Gender","15 years and over","Estimate","Seasonally adjusted","Persons in thousands","428","thousands","3","v2062809","1.1.1.1.1.1","30337.3","","","","1"
"2018-11","Canada","2021A000011124","Population","Total - Gender","15 years and over","Estimate","Seasonally adjusted","Persons in thousands","428","thousands","3","v2062809","1.1.1.1.1.1","30366.4","","","","1"
"2018-12","Canada","2021A000011124","Population","Total - Gender","15 years and over","Estimate","Seasonally adjusted","Persons in thousands","428","thousands","3","v2062809","1.1.1.1.1.1","30393.7","","","","1"
"2019-01","Canada","2021A000011124","Population","Total - Gender","15 years and over","Estimate","Seasonally adjusted","Persons in thousands","428","thousands","3","v2062809","1.1.1.1.1.1","30427.8","","","","1"
"2019-02","Canada","2021A000011124","Population","Total - Gender","15 years and over","Estimate","Seasonally adjusted","Persons in thousands","428","thousands","3","v2062809","1.1.1.1.1.1","30450.9","","","","1"
"2019-03","Canada","2021A000011124","Population","Total - Gender","15 years and over","Estimate","Seasonally adjusted","Persons in thousands","428","thousands","3","v2062809","1.1.1.1.1.1","30479.8","","","","1"
"2019-04","Canada","2021A000011124","Population","Total - Gender","15 years and over","Estimate","Seasonally adjusted","Persons in thousands","428","thousands","3","v2062809","1.1.1.1.1.1","30519.6","","","","1"
"2019-05","Canada","2021A000011124","Population","Total - Gender","15 years and over","Estimate","Seasonally adjusted","Persons in thousands","428","thousands","3","v2062809","1.1.1.1.1.1","30554.4","","","","1"
"2019-06","Canada","2021A000011124","Population","Total - Gender","15 years and over","Estimate","Seasonally adjusted","Persons in thousands","428","thousands","3","v2062809","1.1.1.1.1.1","30593.1","","","","1"
"2019-07","Canada","2021A000011124","Population","Total - Gender","15 years and over","Estimate","Seasonally adjusted","Persons in thousands","428","thousands","3","v2062809","1.1.1.1.1.1","30649.4","","","","1"
"2019-08","Canada","2021A000011124","Population","Total - Gender","15 years and over","Estimate","Seasonally adjusted","Persons in thousands","428","thousands","3","v2062809","1.1.1.1.1.1","30694.3","","","","1"
"2019-09","Canada","2021A000011124","Population","Total - Gender","15 years and over","Estimate","Seasonally adjusted","Persons in thousands","428","thousands","3","v2062809","1.1.1.1.1.1","30747.6","","","","1"
"2019-10","Canada","2021A000011124","Population","Total - Gender","15 years and over","Estimate","Seasonally adjusted","Persons in thousands","428","thousands","3","v2062809","1.1.1.1.1.1","30791.8","","","","1"
"2019-11","Canada","2021A000011124","Population","Total - Gender","15 years and over","Estimate","Seasonally adjusted","Persons in thousands","428","thousands","3","v2062809","1.1.1.1.1.1","30832.4","","","","1"
"2019-12","Canada","2021A000011124","Population","Total - Gender","15 years and over","Estimate","Seasonally adjusted","Persons in thousands","428","thousands","3","v2062809","1.1.1.1.1.1","30868.9","","","","1"
"2020-01","Canada","2021A000011124","Population","Total - Gender","15 years and over","Estimate","Seasonally adjusted","Persons in thousands","428","thousands","3","v2062809","1.1.1.1.1.1","30907.3","","","","1"
"2020-02","Canada","2021A000011124","Population","Total - Gender","15 years and over","Estimate","Seasonally adjusted","Persons in thousands","428","thousands","3","v2062809","1.1.1.1.1.1","30945.1","","","","1"
"2020-03","Canada","2021A000011124","Population","Total - Gender","15 years and over","Estimate","Seasonally adjusted","Persons in thousands","428","thousands","3","v2062809","1.1.1.1.1.1","30988.3","","","","1"
"2020-04","Canada","2021A000011124","Population","Total - Gender","15 years and over","Estimate","Seasonally adjusted","Persons in thousands","428","thousands","3","v2062809","1.1.1.1.1.1","31014.2","","","","1"
"2020-05","Canada","2021A000011124","Population","Total - Gender","15 years and over","Estimate","Seasonally adjusted","Persons in thousands","428","thousands","3","v2062809","1.1.1.1.1.1","31037.6","","","","1"
"2020-06","Canada","2021A000011124","Population","Total - Gender","15 years and over","Estimate","Seasonally adjusted","Persons in thousands","428","thousands","3","v2062809","1.1.1.1.1.1","31070.8","","","","1"
"2020-07","Canada","2021A000011124","Population","Total - Gender","15 years and over","Estimate","Seasonally adjusted","Persons in thousands","428","thousands","3","v2062809","1.1.1.1.1.1","31100.2","","","","1"
"2020-08","Canada","2021A000011124","Population","Total - Gender","15 years and over","Estimate","Seasonally adjusted","Persons in thousands","428","thousands","3","v2062809","1.1.1.1.1.1","31126.0","","","","1"
"2020-09","Canada","2021A000011124","Population","Total - Gender","15 years and over","Estimate","Seasonally adjusted","Persons in thousands","428","thousands","3","v2062809","1.1.1.1.1.1","31154.4","","","","1"
"2020-10","Canada","2021A000011124","Population","Total - Gender","15 years and over","Estimate","Seasonally adjusted","Persons in thousands","428","thousands","3","v2062809","1.1.1.1.1.1","31172.3","","","","1"
"2020-11","Canada","2021A000011124","Population","Total - Gender","15 years and over","Estimate","Seasonally adjusted","Persons in thousands","428","thousands","3","v2062809","1.1.1.1.1.1","31185.8","","","","1"
"2020-12","Canada","2021A000011124","Population","Total - Gender","15 years and over","Estimate","Seasonally adjusted","Persons in thousands","428","thousands","3","v2062809","1.1.1.1.1.1","31193.7","","","","1"
"2021-01","Canada","2021A000011124","Population","Total - Gender","15 years and over","Estimate","Seasonally adjusted","Persons in thousands","428","thousands","3","v2062809","1.1.1.1.1.1","31203.9","","","","1"
"2021-02","Canada","2021A000011124","Population","Total - Gender","15 years and over","Estimate","Seasonally adjusted","Persons in thousands","428","thousands","3","v2062809","1.1.1.1.1.1","31221.9","","","","1"
"2021-03","Canada","2021A000011124","Population","Total - Gender","15 years and over","Estimate","Seasonally adjusted","Persons in thousands","428","thousands","3","v2062809","1.1.1.1.1.1","31235.6","","","","1"
"2021-04","Canada","2021A000011124","Population","Total - Gender","15 years and over","Estimate","Seasonally adjusted","Persons in thousands","428","thousands","3","v2062809","1.1.1.1.1.1","31248.1","","","","1"
"2021-05","Canada","2021A000011124","Population","Total - Gender","15 years and over","Estimate","Seasonally adjusted","Persons in thousands","428","thousands","3","v2062809","1.1.1.1.1.1","31260.4","","","","1"
"2021-06","Canada","2021A000011124","Population","Total - Gender","15 years and over","Estimate","Seasonally adjusted","Persons in thousands","428","thousands","3","v2062809","1.1.1.1.1.1","31287.5","","","","1"
"2021-07","Canada","2021A000011124","Population","Total - Gender","15 years and over","Estimate","Seasonally adjusted","Persons in thousands","428","thousands","3","v2062809","1.1.1.1.1.1","31318.8","","","","1"
"2021-08","Canada","2021A000011124","Population","Total - Gender","15 years and over","Estimate","Seasonally adjusted","Persons in thousands","428","thousands","3","v2062809","1.1.1.1.1.1","31359.5","","","","1"
"2021-09","Canada","2021A000011124","Population","Total - Gender","15 years and over","Estimate","Seasonally adjusted","Persons in thousands","428","thousands","3","v2062809","1.1.1.1.1.1","31393.0","","","","1"
"2021-10","Canada","2021A000011124","Population","Total - Gender","15 years and over","Estimate","Seasonally adjusted","Persons in thousands","428","thousands","3","v2062809","1.1.1.1.1.1","31432.6","","","","1"
"2021-11","Canada","2021A000011124","Population","Total - Gender","15 years and over","Estimate","Seasonally adjusted","Persons in thousands","428","thousands","3","v2062809","1.1.1.1.1.1","31475.9","","","","1"
"2021-12","Canada","2021A000011124","Population","Total - Gender","15 years and over","Estimate","Seasonally adjusted","Persons in thousands","428","thousands","3","v2062809","1.1.1.1.1.1","31518.9","","","","1"
"2022-01","Canada","2021A000011124","Population","Total - Gender","15 years and over","Estimate","Seasonally adjusted","Persons in thousands","428","thousands","3","v2062809","1.1.1.1.1.1","31559.4","","","","1"
"2022-02","Canada","2021A000011124","Population","Total - Gender","15 years and over","Estimate","Seasonally adjusted","Persons in thousands","428","thousands","3","v2062809","1.1.1.1.1.1","31600.5","","","","1"
"2022-03","Canada","2021A000011124","Population","Total - Gender","15 years and over","Estimate","Seasonally adjusted","Persons in thousands","428","thousands","3","v2062809","1.1.1.1.1.1","31642.1","","","","1"
"2022-04","Canada","2021A000011124","Population","Total - Gender","15 years and over","Estimate","Seasonally adjusted","Persons in thousands","428","thousands","3","v2062809","1.1.1.1.1.1","31683.5","","","","1"
"2022-05","Canada","2021A000011124","Population","Total - Gender","15 years and over","Estimate","Seasonally adjusted","Persons in thousands","428","thousands","3","v2062809","1.1.1.1.1.1","31733.2","","","","1"
"2022-06","Canada","2021A000011124","Population","Total - Gender","15 years and over","Estimate","Seasonally adjusted","Persons in thousands","428","thousands","3","v2062809","1.1.1.1.1.1","31781.7","","","","1"
"2022-07","Canada","2021A000011124","Population","Total - Gender","15 years and over","Estimate","Seasonally adjusted","Persons in thousands","428","thousands","3","v2062809","1.1.1.1.1.1","31834.3","","","","1"
"2022-08","Canada","2021A000011124","Population","Total - Gender","15 years and over","Estimate","Seasonally adjusted","Persons in thousands","428","thousands","3","v2062809","1.1.1.1.1.1","31894.0","","","","1"
"2022-09","Canada","2021A000011124","Population","Total - Gender","15 years and over","Estimate","Seasonally adjusted","Persons in thousands","428","thousands","3","v2062809","1.1.1.1.1.1","31948.3","","","","1"
"2022-10","Canada","2021A000011124","Population","Total - Gender","15 years and over","Estimate","Seasonally adjusted","Persons in thousands","428","thousands","3","v2062809","1.1.1.1.1.1","32005.2","","","","1"
"2022-11","Canada","2021A000011124","Population","Total - Gender","15 years and over","Estimate","Seasonally adjusted","Persons in thousands","428","thousands","3","v2062809","1.1.1.1.1.1","32058.7","","","","1"
"2022-12","Canada","2021A000011124","Population","Total - Gender","15 years and over","Estimate","Seasonally adjusted","Persons in thousands","428","thousands","3","v2062809","1.1.1.1.1.1","32111.8","","","","1"
"2023-01","Canada","2021A000011124","Population","Total - Gender","15 years and over","Estimate","Seasonally adjusted","Persons in thousands","428","thousands","3","v2062809","1.1.1.1.1.1","32187.9","","","","1"
"2023-02","Canada","2021A000011124","Population","Total - Gender","15 years and over","Estimate","Seasonally adjusted","Persons in thousands","428","thousands","3","v2062809","1.1.1.1.1.1","32270.6","","","","1"
"2023-03","Canada","2021A000011124","Population","Total - Gender","15 years and over","Estimate","Seasonally adjusted","Persons in thousands","428","thousands","3","v2062809","1.1.1.1.1.1","32355.3","","","","1"
"2023-04","Canada","2021A000011124","Population","Total - Gender","15 years and over","Estimate","Seasonally adjusted","Persons in thousands","428","thousands","3","v2062809","1.1.1.1.1.1","32432.5","","","","1"
"2023-05","Canada","2021A000011124","Population","Total - Gender","15 years and over","Estimate","Seasonally adjusted","Persons in thousands","428","thousands","3","v2062809","1.1.1.1.1.1","32524.6","","","","1"
"2023-06","Canada","2021A000011124","Population","Total - Gender","15 years and over","Estimate","Seasonally adjusted","Persons in thousands","428","thousands","3","v2062809","1.1.1.1.1.1","32617.0","","","","1"
"2023-07","Canada","2021A000011124","Population","Total - Gender","15 years and over","Estimate","Seasonally adjusted","Persons in thousands","428","thousands","3","v2062809","1.1.1.1.1.1","32710.3","","","","1"
"2023-08","Canada","2021A000011124","Population","Total - Gender","15 years and over","Estimate","Seasonally adjusted","Persons in thousands","428","thousands","3","v2062809","1.1.1.1.1.1","32808.3","","","","1"
"2023-09","Canada","2021A000011124","Population","Total - Gender","15 years and over","Estimate","Seasonally adjusted","Persons in thousands","428","thousands","3","v2062809","1.1.1.1.1.1","32896.0","","","","1"
"2023-10","Canada","2021A000011124","Population","Total - Gender","15 years and over","Estimate","Seasonally adjusted","Persons in thousands","428","thousands","3","v2062809","1.1.1.1.1.1","32987.7","","","","1"
"2023-11","Canada","2021A000011124","Population","Total - Gender","15 years and over","Estimate","Seasonally adjusted","Persons in thousands","428","thousands","3","v2062809","1.1.1.1.1.1","33077.9","","","","1"
"2023-12","Canada","2021A000011124","Population","Total - Gender","15 years and over","Estimate","Seasonally adjusted","Persons in thousands","428","thousands","3","v2062809","1.1.1.1.1.1","33168.3","","","","1"
"2024-01","Canada","2021A000011124","Population","Total - Gender","15 years and over","Estimate","Seasonally adjusted","Persons in thousands","428","thousands","3","v2062809","1.1.1.1.1.1","33276.5","","","","1"
"2024-02","Canada","2021A000011124","Population","Total - Gender","15 years and over","Estimate","Seasonally adjusted","Persons in thousands","428","thousands","3","v2062809","1.1.1.1.1.1","33373.5","","","","1"
"2024-03","Canada","2021A000011124","Population","Total - Gender","15 years and over","Estimate","Seasonally adjusted","Persons in thousands","428","thousands","3","v2062809","1.1.1.1.1.1","33469.5","","","","1"
"2024-04","Canada","2021A000011124","Population","Total - Gender","15 years and over","Estimate","Seasonally adjusted","Persons in thousands","428","thousands","3","v2062809","1.1.1.1.1.1","33578.9","","","","1"
"2024-05","Canada","2021A000011124","Population","Total - Gender","15 years and over","Estimate","Seasonally adjusted","Persons in thousands","428","thousands","3","v2062809","1.1.1.1.1.1","33685.5","","","","1"
"2024-06","Canada","2021A000011124","Population","Total - Gender","15 years and over","Estimate","Seasonally adjusted","Persons in thousands","428","thousands","3","v2062809","1.1.1.1.1.1","33788.3","","","","1"
"2024-07","Canada","2021A000011124","Population","Total - Gender","15 years and over","Estimate","Seasonally adjusted","Persons in thousands","428","thousands","3","v2062809","1.1.1.1.1.1","33899.8","","","","1"
"2024-08","Canada","2021A000011124","Population","Total - Gender","15 years and over","Estimate","Seasonally adjusted","Persons in thousands","428","thousands","3","v2062809","1.1.1.1.1.1","33995.1","","","","1"
"2024-09","Canada","2021A000011124","Population","Total - Gender","15 years and over","Estimate","Seasonally adjusted","Persons in thousands","428","thousands","3","v2062809","1.1.1.1.1.1","34089.8","","","","1"
"2024-10","Canada","2021A000011124","Population","Total - Gender","15 years and over","Estimate","Seasonally adjusted","Persons in thousands","428","thousands","3","v2062809","1.1.1.1.1.1","34163.7","","","","1"
"2024-11","Canada","2021A000011124","Population","Total - Gender","15 years and over","Estimate","Seasonally adjusted","Persons in thousands","428","thousands","3","v2062809","1.1.1.1.1.1","34225.2","","","","1"
"2024-12","Canada","2021A000011124","Population","Total - Gender","15 years and over","Estimate","Seasonally adjusted","Persons in thousands","428","thousands","3","v2062809","1.1.1.1.1.1","34285.1","","","","1"
"2015-04","Canada","2021A000011124","Labour force","Total - Gender","15 years and over","Estimate","Seasonally adjusted","Persons in thousands","428","thousands","3","v2062810","1.2.1.1.1.1","19156.6","","","","1"
"2015-05","Canada","2021A000011124","Labour force","Total - Gender","15 years and over","Estimate","Seasonally adjusted","Persons in thousands","428","thousands","3","v2062810","1.2.1.1.1.1","19168.4","","","","1"
"2015-06","Canada","2021A000011124","Labour force","Total - Gender","15 years and over","Estimate","Seasonally adjusted","Persons in thousands","428","thousands","3","v2062810","1.2.1.1.1.1","19163.3","","","","1"
"2015-07","Canada","2021A000011124","Labour force","Total - Gender","15 years and over","Estimate","Seasonally adjusted","Persons in thousands","428","thousands","3","v2062810","1.2.1.1.1.1","19199.2","","","","1"
"2015-08","Canada","2021A000011124","Labour force","Total - Gender","15 years and over","Estimate","Seasonally adjusted","Persons in thousands","428","thousands","3","v2062810","1.2.1.1.1.1","19247.3","","","","1"
"2015-09","Canada","2021A000011124","Labour force","Total - Gender","15 years and over","Estimate","Seasonally adjusted","Persons in thousands","428","thousands","3","v2062810","1.2.1.1.1.1","19258.6","","","","1"
"2015-10","Canada","2021A000011124","Labour force","Total - Gender","15 years and over","Estimate","Seasonally adjusted","Persons in thousands","428","thousands","3","v2062810","1.2.1.1.1.1","19250.6","","","","1"
"2015-11","Canada","2021A000011124","Labour force","Total - Gender","15 years and over","Estimate","Seasonally adjusted","Persons in thousands","428","thousands","3","v2062810","1.2.1.1.1.1","19246.8","","","","1"
"2015-12","Canada","2021A000011124","Labour force","Total - Gender","15 years and over","Estimate","Seasonally adjusted","Persons in thousands","428","thousands","3","v2062810","1.2.1.1.1.1","19264.8","","","","1"
"2016-01","Canada","2021A000011124","Labour force","Total - Gender","15 years and over","Estimate","Seasonally adjusted","Persons in thousands","428","thousands","3","v2062810","1.2.1.1.1.1","19267.7","","","","1"
"2016-02","Canada","2021A000011124","Labour force","Total - Gender","15 years and over","Estimate","Seasonally adjusted","Persons in thousands","428","thousands","3","v2062810","1.2.1.1.1.1","19297.1","","","","1"
"2016-03","Canada","2021A000011124","Labour force","Total - Gender","15 years and over","Estimate","Seasonally adjusted","Persons in thousands","428","thousands","3","v2062810","1.2.1.1.1.1","19290.0","","","","1"
"2016-04","Canada","2021A000011124","Labour force","Total - Gender","15 years and over","Estimate","Seasonally adjusted","Persons in thousands","428","thousands","3","v2062810","1.2.1.1.1.1","19333.5","","","","1"
"2016-05","Canada","2021A000011124","Labour force","Total - Gender","15 years and over","Estimate","Seasonally adjusted","Persons in thousands","428","thousands","3","v2062810","1.2.1.1.1.1","19309.5","","","","1"
"2016-06","Canada","2021A000011124","Labour force","Total - Gender","15 years and over","Estimate","Seasonally adjusted","Persons in thousands","428","thousands","3","v2062810","1.2.1.1.1.1","19299.6","","","","1"
"2016-07","Canada","2021A000011124","Labour force","Total - Gender","15 years and over","Estimate","Seasonally adjusted","Persons in thousands","428","thousands","3","v2062810","1.2.1.1.1.1","19290.0","","","","1"
"2016-08","Canada","2021A000011124","Labour force","Total - Gender","15 years and over","Estimate","Seasonally adjusted","Persons in thousands","428","thousands","3","v2062810","1.2.1.1.1.1","19329.1","","","","1"
"2016-09","Canada","2021A000011124","Labour force","Total - Gender","15 years and over","Estimate","Seasonally adjusted","Persons in thousands","428","thousands","3","v2062810","1.2.1.1.1.1","19385.3","","","","1"
"2016-10","Canada","2021A000011124","Labour force","Total - Gender","15 years and over","Estimate","Seasonally adjusted","Persons in thousands","428","thousands","3","v2062810","1.2.1.1.1.1","19392.2","","","","1"
"2016-11","Canada","2021A000011124","Labour force","Total - Gender","15 years and over","Estimate","Seasonally adjusted","Persons in thousands","428","thousands","3","v2062810","1.2.1.1.1.1","19402.5","","","","1"
"2016-12","Canada","2021A000011124","Labour force","Total - Gender","15 years and over","Estimate","Seasonally adjusted","Persons in thousands","428","thousands","3","v2062810","1.2.1.1.1.1","19453.1","","","","1"
"2017-01","Canada","2021A000011124","Labour force","Total - Gender","15 years and over","Estimate","Seasonally adjusted","Persons in thousands","428","thousands","3","v2062810","1.2.1.1.1.1","19511.5","","","","1"
"2017-02","Canada","2021A000011124","Labour force","Total - Gender","15 years and over","Estimate","Seasonally adjusted","Persons in thousands","428","thousands","3","v2062810","1.2.1.1.1.1","19512.4","","","","1"
"2017-03","Canada","2021A000011124","Labour force","Total - Gender","15 years and over","Estimate","Seasonally adjusted","Persons in thousands","428","thousands","3","v2062810","1.2.1.1.1.1","19549.1","","","","1"
"2017-04","Canada","2021A000011124","Labour force","Total - Gender","15 years and over","Estimate","Seasonally adjusted","Persons in thousands","428","thousands","3","v2062810","1.2.1.1.1.1","19544.7","","","","1"
"2017-05","Canada","2021A000011124","Labour force","Total - Gender","15 years and over","Estimate","Seasonally adjusted","Persons in thousands","428","thousands","3","v2062810","1.2.1.1.1.1","19615.7","","","","1"
"2017-06","Canada","2021A000011124","Labour force","Total - Gender","15 years and over","Estimate","Seasonally adjusted","Persons in thousands","428","thousands","3","v2062810","1.2.1.1.1.1","19647.3","","","","1"
"2017-07","Canada","2021A000011124","Labour force","Total - Gender","15 years and over","Estimate","Seasonally adjusted","Persons in thousands","428","thousands","3","v2062810","1.2.1.1.1.1","19653.7","","","","1"
"2017-08","Canada","2021A000011124","Labour force","Total - Gender","15 years and over","Estimate","Seasonally adjusted","Persons in thousands","428","thousands","3","v2062810","1.2.1.1.1.1","19661.7","","","","1"
"2017-09","Canada","2021A000011124","Labour force","Total - Gender","15 years and over","Estimate","Seasonally adjusted","Persons in thousands","428","thousands","3","v2062810","1.2.1.1.1.1","19668.0","","","","1"
"2017-10","Canada","2021A000011124","Labour force","Total - Gender","15 years and over","Estimate","Seasonally adjusted","Persons in thousands","428","thousands","3","v2062810","1.2.1.1.1.1","19721.9","","","","1"
"2017-11","Canada","2021A000011124","Labour force","Total - Gender","15 years and over","Estimate","Seasonally adjusted","Persons in thousands","428","thousands","3","v2062810","1.2.1.1.1.1","19766.2","","","","1"
"2017-12","Canada","2021A000011124","Labour force","Total - Gender","15 years and over","Estimate","Seasonally adjusted","Persons in thousands","428","thousands","3","v2062810","1.2.1.1.1.1","19818.0","","","","1"
"2018-01","Canada","2021A000011124","Labour force","Total - Gender","15 years and over","Estimate","Seasonally adjusted","Persons in thousands","428","thousands","3","v2062810","1.2.1.1.1.1","19745.7","","","","1"
"2018-02","Canada","2021A000011124","Labour force","Total - Gender","15 years and over","Estimate","Seasonally adjusted","Persons in thousands","428","thousands","3","v2062810","1.2.1.1.1.1","19758.5","","","","1"
"2018-03","Canada","2021A000011124","Labour force","Total - Gender","15 years and over","Estimate","Seasonally adjusted","Persons in thousands","428","thousands","3","v2062810","1.2.1.1.1.1","19785.1","","","","1"
"2018-04","Canada","2021A000011124","Labour force","Total - Gender","15 years and over","Estimate","Seasonally adjusted","Persons in thousands","428","thousands","3","v2062810","1.2.1.1.1.1","19757.1","","","","1"
"2018-05","Canada","2021A000011124","Labour force","Total - Gender","15 years and over","Estimate","Seasonally adjusted","Persons in thousands","428","thousands","3","v2062810","1.2.1.1.1.1","19781.9","","","","1"
"2018-06","Canada","2021A000011124","Labour force","Total - Gender","15 years and over","Estimate","Seasonally adjusted","Persons in thousands","428","thousands","3","v2062810","1.2.1.1.1.1","19861.2","","","","1"
"2018-07","Canada","2021A000011124","Labour force","Total - Gender","15 years and over","Estimate","Seasonally adjusted","Persons in thousands","428","thousands","3","v2062810","1.2.1.1.1.1","19936.4","","","","1"
"2018-08","Canada","2021A000011124","Labour force","Total - Gender","15 years and over","Estimate","Seasonally adjusted","Persons in thousands","428","thousands","3","v2062810","1.2.1.1.1.1","19900.9","","","","1"
"2018-09","Canada","2021A000011124","Labour force","Total - Gender","15 years and over","Estimate","Seasonally adjusted","Persons in thousands","428","thousands","3","v2062810","1.2.1.1.1.1","19948.1","","","","1"
"2018-10","Canada","2021A000011124","Labour force","Total - Gender","15 years and over","Estimate","Seasonally adjusted","Persons in thousands","428","thousands","3","v2062810","1.2.1.1.1.1","19933.4","","","","1"
"2018-11","Canada","2021A000011124","Labour force","Total - Gender","15 years and over","Estimate","Seasonally adjusted","Persons in thousands","428","thousands","3","v2062810","1.2.1.1.1.1","20006.0","","","","1"
"2018-12","Canada","2021A000011124","Labour force","Total - Gender","15 years and over","Estimate","Seasonally adjusted","Persons in thousands","428","thousands","3","v2062810","1.2.1.1.1.1","20022.6","","","","1"
"2019-01","Canada","2021A000011124","Labour force","Total - Gender","15 years and over","Estimate","Seasonally adjusted","Persons in thousands","428","thousands","3","v2062810","1.2.1.1.1.1","20068.3","","","","1"
"2019-02","Canada","2021A000011124","Labour force","Total - Gender","15 years and over","Estimate","Seasonally adjusted","Persons in thousands","428","thousands","3","v2062810","1.2.1.1.1.1","20130.7","","","","1"
"2019-03","Canada","2021A000011124","Labour force","Total - Gender","15 years and over","Estimate","Seasonally adjusted","Persons in thousands","428","thousands","3","v2062810","1.2.1.1.1.1","20109.1","","","","1"
"2019-04","Canada","2021A000011124","Labour force","Total - Gender","15 years and over","Estimate","Seasonally adjusted","Persons in thousands","428","thousands","3","v2062810","1.2.1.1.1.1","20208.2","","","","1"
"2019-05","Canada","2021A000011124","Labour force","Total - Gender","15 years and over","Estimate","Seasonally adjusted","Persons in thousands","428","thousands","3","v2062810","1.2.1.1.1.1","20170.4","","","","1"
"2019-06","Canada","2021A000011124","Labour force","Total - Gender","15 years and over","Estimate","Seasonally adjusted","Persons in thousands","428","thousands","3","v2062810","1.2.1.1.1.1","20199.9","","","","1"
"2019-07","Canada","2021A000011124","Labour force","Total - Gender","15 years and over","Estimate","Seasonally adjusted","Persons in thousands","428","thousands","3","v2062810","1.2.1.1.1.1","20234.5","","","","1"
"2019-08","Canada","2021A000011124","Labour force","Total - Gender","15 years and over","Estimate","Seasonally adjusted","Persons in thousands","428","thousands","3","v2062810","1.2.1.1.1.1","20300.2","","","","1"
"2019-09","Canada","2021A000011124","Labour force","Total - Gender","15 years and over","Estimate","Seasonally adjusted","Persons in thousands","428","thousands","3","v2062810","1.2.1.1.1.1","20282.2","","","","1"
"2019-10","Canada","2021A000011124","Labour force","Total - Gender","15 years and over","Estimate","Seasonally adjusted","Persons in thousands","428","thousands","3","v2062810","1.2.1.1.1.1","20274.5","","","","1"
"2019-11","Canada","2021A000011124","Labour force","Total - Gender","15 years and over","Estimate","Seasonally adjusted","Persons in thousands","428","thousands","3","v2062810","1.2.1.1.1.1","20293.7","","","","1"
"2019-12","Canada","2021A000011124","Labour force","Total - Gender","15 years and over","Estimate","Seasonally adjusted","Persons in thousands","428","thousands","3","v2062810","1.2.1.1.1.1","20326.2","","","","1"
"2020-01","Canada","2021A000011124","Labour force","Total - Gender","15 years and over","Estimate","Seasonally adjusted","Persons in thousands","428","thousands","3","v2062810","1.2.1.1.1.1","20326.2","","","","1"
"2020-02","Canada","2021A000011124","Labour force","Total - Gender","15 years and over","Estimate","Seasonally adjusted","Persons in thousands","428","thousands","3","v2062810","1.2.1.1.1.1","20384.8","","","","1"
"2020-03","Canada","2021A000011124","Labour force","Total - Gender","15 years and over","Estimate","Seasonally adjusted","Persons in thousands","428","thousands","3","v2062810","1.2.1.1.1.1","19725.2","","","","1"
"2020-04","Canada","2021A000011124","Labour force","Total - Gender","15 years and over","Estimate","Seasonally adjusted","Persons in thousands","428","thousands","3","v2062810","1.2.1.1.1.1","18631.6","","","","1"
"2020-05","Canada","2021A000011124","Labour force","Total - Gender","15 years and over","Estimate","Seasonally adjusted","Persons in thousands","428","thousands","3","v2062810","1.2.1.1.1.1","19131.2","","","","1"
"2020-06","Canada","2021A000011124","Labour force","Total - Gender","15 years and over","Estimate","Seasonally adjusted","Persons in thousands","428","thousands","3","v2062810","1.2.1.1.1.1","19977.7","","","","1"
"2020-07","Canada","2021A000011124","Labour force","Total - Gender","15 years and over","Estimate","Seasonally adjusted","Persons in thousands","428","thousands","3","v2062810","1.2.1.1.1.1","20094.0","","","","1"
"2020-08","Canada","2021A000011124","Labour force","Total - Gender","15 years and over","Estimate","Seasonally adjusted","Persons in thousands","428","thousands","3","v2062810","1.2.1.1.1.1","20164.1","","","","1"
"2020-09","Canada","2021A000011124","Labour force","Total - Gender","15 years and over","Estimate","Seasonally adjusted","Persons in thousands","428","thousands","3","v2062810","1.2.1.1.1.1","20418.3","","","","1"
"2020-10","Canada","2021A000011124","Labour force","Total - Gender","15 years and over","Estimate","Seasonally adjusted","Persons in thousands","428","thousands","3","v2062810","1.2.1.1.1.1","20451.5","","","","1"
"2020-11","Canada","2021A000011124","Labour force","Total - Gender","15 years and over","Estimate","Seasonally adjusted","Persons in thousands","428","thousands","3","v2062810","1.2.1.1.1.1","20406.8","","","","1"
"2020-12","Canada","2021A000011124","Labour force","Total - Gender","15 years and over","Estimate","Seasonally adjusted","Persons in thousands","428","thousands","3","v2062810","1.2.1.1.1.1","20404.4","","","","1"
"2021-01","Canada","2021A000011124","Labour force","Total - Gender","15 years and over","Estimate","Seasonally adjusted","Persons in thousands","428","thousands","3","v2062810","1.2.1.1.1.1","20255.6","","","","1"
"2021-02","Canada","2021A000011124","Labour force","Total - Gender","15 years and over","Estimate","Seasonally adjusted","Persons in thousands","428","thousands","3","v2062810","1.2.1.1.1.1","20361.0","","","","1"
"2021-03","Canada","2021A000011124","Labour force","Total - Gender","15 years and over","Estimate","Seasonally adjusted","Persons in thousands","428","thousands","3","v2062810","1.2.1.1.1.1","20449.9","","","","1"
"2021-04","Canada","2021A000011124","Labour force","Total - Gender","15 years and over","Estimate","Seasonally adjusted","Persons in thousands","428","thousands","3","v2062810","1.2.1.1.1.1","20350.9","","","","1"
"2021-05","Canada","2021A000011124","Labour force","Total - Gender","15 years and over","Estimate","Seasonally adjusted","Persons in thousands","428","thousands","3","v2062810","1.2.1.1.1.1","20304.8","","","","1"
"2021-06","Canada","2021A000011124","Labour force","Total - Gender","15 years and over","Estimate","Seasonally adjusted","Persons in thousands","428","thousands","3","v2062810","1.2.1.1.1.1","20514.4","","","","1"
"2021-07","Canada","2021A000011124","Labour force","Total - Gender","15 years and over","Estimate","Seasonally adjusted","Persons in thousands","428","thousands","3","v2062810","1.2.1.1.1.1","20540.5","","","","1"
"2021-08","Canada","2021A000011124","Labour force","Total - Gender","15 years and over","Estimate","Seasonally adjusted","Persons in thousands","428","thousands","3","v2062810","1.2.1.1.1.1","20548.8","","","","1"
"2021-09","Canada","2021A000011124","Labour force","Total - Gender","15 years and over","Estimate","Seasonally adjusted","Persons in thousands","428","thousands","3","v2062810","1.2.1.1.1.1","20705.6","","","","1"
"2021-10","Canada","2021A000011124","Labour force","Total - Gender","15 years and over","Estimate","Seasonally adjusted","Persons in thousands","428","thousands","3","v2062810","1.2.1.1.1.1","20624.4","","","","1"
"2021-11","Canada","2021A000011124","Labour force","Total - Gender","15 years and over","Estimate","Seasonally adjusted","Persons in thousands","428","thousands","3","v2062810","1.2.1.1.1.1","20699.4","","","","1"
"2021-12","Canada","2021A000011124","Labour force","Total - Gender","15 years and over","Estimate","Seasonally adjusted","Persons in thousands","428","thousands","3","v2062810","1.2.1.1.1.1","20741.2","","","","1"
"2022-01","Canada","2021A000011124","Labour force","Total - Gender","15 years and over","Estimate","Seasonally adjusted","Persons in thousands","428","thousands","3","v2062810","1.2.1.1.1.1","20630.7","","","","1"
"2022-02","Canada","2021A000011124","Labour force","Total - Gender","15 years and over","Estimate","Seasonally adjusted","Persons in thousands","428","thousands","3","v2062810","1.2.1.1.1.1","20764.7","","","","1"
"2022-03","Canada","2021A000011124","Labour force","Total - Gender","15 years and over","Estimate","Seasonally adjusted","Persons in thousands","428","thousands","3","v2062810","1.2.1.1.1.1","20762.7","","","","1"
"2022-04","Canada","2021A000011124","Labour force","Total - Gender","15 years and over","Estimate","Seasonally adjusted","Persons in thousands","428","thousands","3","v2062810","1.2.1.1.1.1","20826.2","","","","1"
"2022-05","Canada","2021A000011124","Labour force","Total - Gender","15 years and over","Estimate","Seasonally adjusted","Persons in thousands","428","thousands","3","v2062810","1.2.1.1.1.1","20847.5","","","","1"
"2022-06","Canada","2021A000011124","Labour force","Total - Gender","15 years and over","Estimate","Seasonally adjusted","Persons in thousands","428","thousands","3","v2062810","1.2.1.1.1.1","20778.2","","","","1"
"2022-07","Canada","2021A000011124","Labour force","Total - Gender","15 years and over","Estimate","Seasonally adjusted","Persons in thousands","428","thousands","3","v2062810","1.2.1.1.1.1","20794.5","","","","1"
"2022-08","Canada","2021A000011124","Labour force","Total - Gender","15 years and over","Estimate","Seasonally adjusted","Persons in thousands","428","thousands","3","v2062810","1.2.1.1.1.1","20865.1","","","","1"
"2022-09","Canada","2021A000011124","Labour force","Total - Gender","15 years and over","Estimate","Seasonally adjusted","Persons in thousands","428","thousands","3","v2062810","1.2.1.1.1.1","20862.7","","","","1"
"2022-10","Canada","2021A000011124","Labour force","Total - Gender","15 years and over","Estimate","Seasonally adjusted","Persons in thousands","428","thousands","3","v2062810","1.2.1.1.1.1","20955.3","","","","1"
"2022-11","Canada","2021A000011124","Labour force","Total - Gender","15 years and over","Estimate","Seasonally adjusted","Persons in thousands","428","thousands","3","v2062810","1.2.1.1.1.1","20982.5","","","","1"
"2022-12","Canada","2021A000011124","Labour force","Total - Gender","15 years and over","Estimate","Seasonally adjusted","Persons in thousands","428","thousands","3","v2062810","1.2.1.1.1.1","21049.6","","","","1"
"2023-01","Canada","2021A000011124","Labour force","Total - Gender","15 years and over","Estimate","Seasonally adjusted","Persons in thousands","428","thousands","3","v2062810","1.2.1.1.1.1","21193.4","","","","1"
"2023-02","Canada","2021A000011124","Labour force","Total - Gender","15 years and over","Estimate","Seasonally adjusted","Persons in thousands","428","thousands","3","v2062810","1.2.1.1.1.1","21240.6","","","","1"
"2023-03","Canada","2021A000011124","Labour force","Total - Gender","15 years and over","Estimate","Seasonally adjusted","Persons in thousands","428","thousands","3","v2062810","1.2.1.1.1.1","21284.2","","","","1"
"2023-04","Canada","2021A000011124","Labour force","Total - Gender","15 years and over","Estimate","Seasonally adjusted","Persons in thousands","428","thousands","3","v2062810","1.2.1.1.1.1","21337.7","","","","1"
"2023-05","Canada","2021A000011124","Labour force","Total - Gender","15 years and over","Estimate","Seasonally adjusted","Persons in thousands","428","thousands","3","v2062810","1.2.1.1.1.1","21358.5","","","","1"
"2023-06","Canada","2021A000011124","Labour force","Total - Gender","15 years and over","Estimate","Seasonally adjusted","Persons in thousands","428","thousands","3","v2062810","1.2.1.1.1.1","21486.3","","","","1"
"2023-07","Canada","2021A000011124","Labour force","Total - Gender","15 years and over","Estimate","Seasonally adjusted","Persons in thousands","428","thousands","3","v2062810","1.2.1.1.1.1","21527.4","","","","1"
"2023-08","Canada","2021A000011124","Labour force","Total - Gender","15 years and over","Estimate","Seasonally adjusted","Persons in thousands","428","thousands","3","v2062810","1.2.1.1.1.1","21589.5","","","","1"
"2023-09","Canada","2021A000011124","Labour force","Total - Gender","15 years and over","Estimate","Seasonally adjusted","Persons in thousands","428","thousands","3","v2062810","1.2.1.1.1.1","21657.2","","","","1"
"2023-10","Canada","2021A000011124","Labour force","Total - Gender","15 years and over","Estimate","Seasonally adjusted","Persons in thousands","428","thousands","3","v2062810","1.2.1.1.1.1","21734.6","","","","1"
"2023-11","Canada","2021A000011124","Labour force","Total - Gender","15 years and over","Estimate","Seasonally adjusted","Persons in thousands","428","thousands","3","v2062810","1.2.1.1.1.1","21763.6","","","","1"
"2023-12","Canada","2021A000011124","Labour force","Total - Gender","15 years and over","Estimate","Seasonally adjusted","Persons in thousands","428","thousands","3","v2062810","1.2.1.1.1.1","21797.4","","","","1"
"2024-01","Canada","2021A000011124","Labour force","Total - Gender","15 years and over","Estimate","Seasonally adjusted","Persons in thousands","428","thousands","3","v2062810","1.2.1.1.1.1","21817.2","","","","1"
"2024-02","Canada","2021A000011124","Labour force","Total - Gender","15 years and over","Estimate","Seasonally adjusted","Persons in thousands","428","thousands","3","v2062810","1.2.1.1.1.1","21894.8","","","","1"
"2024-03","Canada","2021A000011124","Labour force","Total - Gender","15 years and over","Estimate","Seasonally adjusted","Persons in thousands","428","thousands","3","v2062810","1.2.1.1.1.1","21956.9","","","","1"
"2024-04","Canada","2021A000011124","Labour force","Total - Gender","15 years and over","Estimate","Seasonally adjusted","Persons in thousands","428","thousands","3","v2062810","1.2.1.1.1.1","22060.1","","","","1"
"2024-05","Canada","2021A000011124","Labour force","Total - Gender","15 years and over","Estimate","Seasonally adjusted","Persons in thousands","428","thousands","3","v2062810","1.2.1.1.1.1","22081.9","","","","1"
"2024-06","Canada","2021A000011124","Labour force","Total - Gender","15 years and over","Estimate","Seasonally adjusted","Persons in thousands","428","thousands","3","v2062810","1.2.1.1.1.1","22140.4","","","","1"
"2024-07","Canada","2021A000011124","Labour force","Total - Gender","15 years and over","Estimate","Seasonally adjusted","Persons in thousands","428","thousands","3","v2062810","1.2.1.1.1.1","22138.2","","","","1"
"2024-08","Canada","2021A000011124","Labour force","Total - Gender","15 years and over","Estimate","Seasonally adjusted","Persons in thousands","428","thousands","3","v2062810","1.2.1.1.1.1","22220.9","","","","1"
"2024-09","Canada","2021A000011124","Labour force","Total - Gender","15 years and over","Estimate","Seasonally adjusted","Persons in thousands","428","thousands","3","v2062810","1.2.1.1.1.1","22237.6","","","","1"
"2024-10","Canada","2021A000011124","Labour force","Total - Gender","15 years and over","Estimate","Seasonally adjusted","Persons in thousands","428","thousands","3","v2062810","1.2.1.1.1.1","22259.0","","","","1"
"2024-11","Canada","2021A000011124","Labour force","Total - Gender","15 years and over","Estimate","Seasonally adjusted","Persons in thousands","428","thousands","3","v2062810","1.2.1.1.1.1","22367.0","","","","1"
"2024-12","Canada","2021A000011124","Labour force","Total - Gender","15 years and over","Estimate","Seasonally adjusted","Persons in thousands","428","thousands","3","v2062810","1.2.1.1.1.1","22422.8","","","","1"
"2015-04","Canada","2021A000011124","Employment","Total - Gender","15 years and over","Estimate","Seasonally adjusted","Persons in thousands","428","thousands","3","v2062811","1.3.1.1.1.1","17819.4","","","","1"
"2015-05","Canada","2021A000011124","Employment","Total - Gender","15 years and over","Estimate","Seasonally adjusted","Persons in thousands","428","thousands","3","v2062811","1.3.1.1.1.1","17843.7","","","","1"
"2015-06","Canada","2021A000011124","Employment","Total - Gender","15 years and over","Estimate","Seasonally adjusted","Persons in thousands","428","thousands","3","v2062811","1.3.1.1.1.1","17836.7","","","","1"
"2015-07","Canada","2021A000011124","Employment","Total - Gender","15 years and over","Estimate","Seasonally adjusted","Persons in thousands","428","thousands","3","v2062811","1.3.1.1.1.1","17863.3","","","","1"
"2015-08","Canada","2021A000011124","Employment","Total - Gender","15 years and over","Estimate","Seasonally adjusted","Persons in thousands","428","thousands","3","v2062811","1.3.1.1.1.1","17889.0","","","","1"
"2015-09","Canada","2021A000011124","Employment","Total - Gender","15 years and over","Estimate","Seasonally adjusted","Persons in thousands","428","thousands","3","v2062811","1.3.1.1.1.1","17890.2","","","","1"
"2015-10","Canada","2021A000011124","Employment","Total - Gender","15 years and over","Estimate","Seasonally adjusted","Persons in thousands","428","thousands","3","v2062811","1.3.1.1.1.1","17899.1","","","","1"
"2015-11","Canada","2021A000011124","Employment","Total - Gender","15 years and over","Estimate","Seasonally adjusted","Persons in thousands","428","thousands","3","v2062811","1.3.1.1.1.1","17872.6","","","","1"
"2015-12","Canada","2021A000011124","Employment","Total - Gender","15 years and over","Estimate","Seasonally adjusted","Persons in thousands","428","thousands","3","v2062811","1.3.1.1.1.1","17867.4","","","","1"
"2016-01","Canada","2021A000011124","Employment","Total - Gender","15 years and over","Estimate","Seasonally adjusted","Persons in thousands","428","thousands","3","v2062811","1.3.1.1.1.1","17871.6","","","","1"
"2016-02","Canada","2021A000011124","Employment","Total - Gender","15 years and over","Estimate","Seasonally adjusted","Persons in thousands","428","thousands","3","v2062811","1.3.1.1.1.1","17889.0","","","","1"
"2016-03","Canada","2021A000011124","Employment","Total - Gender","15 years and over","Estimate","Seasonally adjusted","Persons in thousands","428","thousands","3","v2062811","1.3.1.1.1.1","17892.8","","","","1"
"2016-04","Canada","2021A000011124","Employment","Total - Gender","15 years and over","Estimate","Seasonally adjusted","Persons in thousands","428","thousands","3","v2062811","1.3.1.1.1.1","17919.7","","","","1"
"2016-05","Canada","2021A000011124","Employment","Total - Gender","15 years and over","Estimate","Seasonally adjusted","Persons in thousands","428","thousands","3","v2062811","1.3.1.1.1.1","17947.4","","","","1"
"2016-06","Canada","2021A000011124","Employment","Total - Gender","15 years and over","Estimate","Seasonally adjusted","Persons in thousands","428","thousands","3","v2062811","1.3.1.1.1.1","17954.5","","","","1"
"2016-07","Canada","2021A000011124","Employment","Total - Gender","15 years and over","Estimate","Seasonally adjusted","Persons in thousands","428","thousands","3","v2062811","1.3.1.1.1.1","17943.2","","","","1"
"2016-08","Canada","2021A000011124","Employment","Total - Gender","15 years and over","Estimate","Seasonally adjusted","Persons in thousands","428","thousands","3","v2062811","1.3.1.1.1.1","17994.2","","","","1"
"2016-09","Canada","2021A000011124","Employment","Total - Gender","15 years and over","Estimate","Seasonally adjusted","Persons in thousands","428","thousands","3","v2062811","1.3.1.1.1.1","18032.5","","","","1"
"2016-10","Canada","2021A000011124","Employment","Total - Gender","15 years and over","Estimate","Seasonally adjusted","Persons in thousands","428","thousands","3","v2062811","1.3.1.1.1.1","18051.2","","","","1"
"2016-11","Canada","2021A000011124","Employment","Total - Gender","15 years and over","Estimate","Seasonally adjusted","Persons in thousands","428","thousands","3","v2062811","1.3.1.1.1.1","18076.0","","","","1"
"2016-12","Canada","2021A000011124","Employment","Total - Gender","15 years and over","Estimate","Seasonally adjusted","Persons in thousands","428","thousands","3","v2062811","1.3.1.1.1.1","18104.0","","","","1"
"2017-01","Canada","2021A000011124","Employment","Total - Gender","15 years and over","Estimate","Seasonally adjusted","Persons in thousands","428","thousands","3","v2062811","1.3.1.1.1.1","18172.5","","","","1"
"2017-02","Canada","2021A000011124","Employment","Total - Gender","15 years and over","Estimate","Seasonally adjusted","Persons in thousands","428","thousands","3","v2062811","1.3.1.1.1.1","18216.6","","","","1"
"2017-03","Canada","2021A000011124","Employment","Total - Gender","15 years and over","Estimate","Seasonally adjusted","Persons in thousands","428","thousands","3","v2062811","1.3.1.1.1.1","18241.5","","","","1"
"2017-04","Canada","2021A000011124","Employment","Total - Gender","15 years and over","Estimate","Seasonally adjusted","Persons in thousands","428","thousands","3","v2062811","1.3.1.1.1.1","18271.6","","","","1"
"2017-05","Canada","2021A000011124","Employment","Total - Gender","15 years and over","Estimate","Seasonally adjusted","Persons in thousands","428","thousands","3","v2062811","1.3.1.1.1.1","18312.9","","","","1"
"2017-06","Canada","2021A000011124","Employment","Total - Gender","15 years and over","Estimate","Seasonally adjusted","Persons in thousands","428","thousands","3","v2062811","1.3.1.1.1.1","18371.4","","","","1"
"2017-07","Canada","2021A000011124","Employment","Total - Gender","15 years and over","Estimate","Seasonally adjusted","Persons in thousands","428","thousands","3","v2062811","1.3.1.1.1.1","18416.9","","","","1"
"2017-08","Canada","2021A000011124","Employment","Total - Gender","15 years and over","Estimate","Seasonally adjusted","Persons in thousands","428","thousands","3","v2062811","1.3.1.1.1.1","18436.4","","","","1"
"2017-09","Canada","2021A000011124","Employment","Total - Gender","15 years and over","Estimate","Seasonally adjusted","Persons in thousands","428","thousands","3","v2062811","1.3.1.1.1.1","18442.5","","","","1"
"2017-10","Canada","2021A000011124","Employment","Total - Gender","15 years and over","Estimate","Seasonally adjusted","Persons in thousands","428","thousands","3","v2062811","1.3.1.1.1.1","18475.1","","","","1"
"2017-11","Canada","2021A000011124","Employment","Total - Gender","15 years and over","Estimate","Seasonally adjusted","Persons in thousands","428","thousands","3","v2062811","1.3.1.1.1.1","18550.5","","","","1"
"2017-12","Canada","2021A000011124","Employment","Total - Gender","15 years and over","Estimate","Seasonally adjusted","Persons in thousands","428","thousands","3","v2062811","1.3.1.1.1.1","18619.7","","","","1"
"2018-01","Canada","2021A000011124","Employment","Total - Gender","15 years and over","Estimate","Seasonally adjusted","Persons in thousands","428","thousands","3","v2062811","1.3.1.1.1.1","18576.8","","","","1"
"2018-02","Canada","2021A000011124","Employment","Total - Gender","15 years and over","Estimate","Seasonally adjusted","Persons in thousands","428","thousands","3","v2062811","1.3.1.1.1.1","18570.3","","","","1"
"2018-03","Canada","2021A000011124","Employment","Total - Gender","15 years and over","Estimate","Seasonally adjusted","Persons in thousands","428","thousands","3","v2062811","1.3.1.1.1.1","18630.1","","","","1"
"2018-04","Canada","2021A000011124","Employment","Total - Gender","15 years and over","Estimate","Seasonally adjusted","Persons in thousands","428","thousands","3","v2062811","1.3.1.1.1.1","18613.0","","","","1"
"2018-05","Canada","2021A000011124","Employment","Total - Gender","15 years and over","Estimate","Seasonally adjusted","Persons in thousands","428","thousands","3","v2062811","1.3.1.1.1.1","18621.7","","","","1"
"2018-06","Canada","2021A000011124","Employment","Total - Gender","15 years and over","Estimate","Seasonally adjusted","Persons in thousands","428","thousands","3","v2062811","1.3.1.1.1.1","18677.6","","","","1"
"2018-07","Canada","2021A000011124","Employment","Total - Gender","15 years and over","Estimate","Seasonally adjusted","Persons in thousands","428","thousands","3","v2062811","1.3.1.1.1.1","18763.9","","","","1"
"2018-08","Canada","2021A000011124","Employment","Total - Gender","15 years and over","Estimate","Seasonally adjusted","Persons in thousands","428","thousands","3","v2062811","1.3.1.1.1.1","18704.7","","","","1"
"2018-09","Canada","2021A000011124","Employment","Total - Gender","15 years and over","Estimate","Seasonally adjusted","Persons in thousands","428","thousands","3","v2062811","1.3.1.1.1.1","18797.5","","","","1"
"2018-10","Canada","2021A000011124","Employment","Total - Gender","15 years and over","Estimate","Seasonally adjusted","Persons in thousands","428","thousands","3","v2062811","1.3.1.1.1.1","18814.9","","","","1"
"2018-11","Canada","2021A000011124","Employment","Total - Gender","15 years and over","Estimate","Seasonally adjusted","Persons in thousands","428","thousands","3","v2062811","1.3.1.1.1.1","18869.4","","","","1"
"2018-12","Canada","2021A000011124","Employment","Total - Gender","15 years and over","Estimate","Seasonally adjusted","Persons in thousands","428","thousands","3","v2062811","1.3.1.1.1.1","18892.8","","","","1"
"2019-01","Canada","2021A000011124","Employment","Total - Gender","15 years and over","Estimate","Seasonally adjusted","Persons in thousands","428","thousands","3","v2062811","1.3.1.1.1.1","18920.5","","","","1"
"2019-02","Canada","2021A000011124","Employment","Total - Gender","15 years and over","Estimate","Seasonally adjusted","Persons in thousands","428","thousands","3","v2062811","1.3.1.1.1.1","18965.7","","","","1"
"2019-03","Canada","2021A000011124","Employment","Total - Gender","15 years and over","Estimate","Seasonally adjusted","Persons in thousands","428","thousands","3","v2062811","1.3.1.1.1.1","18932.9","","","","1"
"2019-04","Canada","2021A000011124","Employment","Total - Gender","15 years and over","Estimate","Seasonally adjusted","Persons in thousands","428","thousands","3","v2062811","1.3.1.1.1.1","19053.7","","","","1"
"2019-05","Canada","2021A000011124","Employment","Total - Gender","15 years and over","Estimate","Seasonally adjusted","Persons in thousands","428","thousands","3","v2062811","1.3.1.1.1.1","19067.3","","","","1"
"2019-06","Canada","2021A000011124","Employment","Total - Gender","15 years and over","Estimate","Seasonally adjusted","Persons in thousands","428","thousands","3","v2062811","1.3.1.1.1.1","19078.6","","","","1"
"2019-07","Canada","2021A000011124","Employment","Total - Gender","15 years and over","Estimate","Seasonally adjusted","Persons in thousands","428","thousands","3","v2062811","1.3.1.1.1.1","19072.4","","","","1"
"2019-08","Canada","2021A000011124","Employment","Total - Gender","15 years and over","Estimate","Seasonally adjusted","Persons in thousands","428","thousands","3","v2062811","1.3.1.1.1.1","19133.9","","","","1"
"2019-09","Canada","2021A000011124","Employment","Total - Gender","15 years and over","Estimate","Seasonally adjusted","Persons in thousands","428","thousands","3","v2062811","1.3.1.1.1.1","19142.8","","","","1"
"2019-10","Canada","2021A000011124","Employment","Total - Gender","15 years and over","Estimate","Seasonally adjusted","Persons in thousands","428","thousands","3","v2062811","1.3.1.1.1.1","19130.9","","","","1"
"2019-11","Canada","2021A000011124","Employment","Total - Gender","15 years and over","Estimate","Seasonally adjusted","Persons in thousands","428","thousands","3","v2062811","1.3.1.1.1.1","19096.8","","","","1"
"2019-12","Canada","2021A000011124","Employment","Total - Gender","15 years and over","Estimate","Seasonally adjusted","Persons in thousands","428","thousands","3","v2062811","1.3.1.1.1.1","19186.5","","","","1"
"2020-01","Canada","2021A000011124","Employment","Total - Gender","15 years and over","Estimate","Seasonally adjusted","Persons in thousands","428","thousands","3","v2062811","1.3.1.1.1.1","19204.7","","","","1"
"2020-02","Canada","2021A000011124","Employment","Total - Gender","15 years and over","Estimate","Seasonally adjusted","Persons in thousands","428","thousands","3","v2062811","1.3.1.1.1.1","19202.9","","","","1"
"2020-03","Canada","2021A000011124","Employment","Total - Gender","15 years and over","Estimate","Seasonally adjusted","Persons in thousands","428","thousands","3","v2062811","1.3.1.1.1.1","18058.2","","","","1"
"2020-04","Canada","2021A000011124","Employment","Total - Gender","15 years and over","Estimate","Seasonally adjusted","Persons in thousands","428","thousands","3","v2062811","1.3.1.1.1.1","16085.8","","","","1"
"2020-05","Canada","2021A000011124","Employment","Total - Gender","15 years and over","Estimate","Seasonally adjusted","Persons in thousands","428","thousands","3","v2062811","1.3.1.1.1.1","16410.7","","","","1"
"2020-06","Canada","2021A000011124","Employment","Total - Gender","15 years and over","Estimate","Seasonally adjusted","Persons in thousands","428","thousands","3","v2062811","1.3.1.1.1.1","17469.4","","","","1"
"2020-07","Canada","2021A000011124","Employment","Total - Gender","15 years and over","Estimate","Seasonally adjusted","Persons in thousands","428","thousands","3","v2062811","1.3.1.1.1.1","17895.5","","","","1"
"2020-08","Canada","2021A000011124","Employment","Total - Gender","15 years and over","Estimate","Seasonally adjusted","Persons in thousands","428","thousands","3","v2062811","1.3.1.1.1.1","18129.3","","","","1"
"2020-09","Canada","2021A000011124","Employment","Total - Gender","15 years and over","Estimate","Seasonally adjusted","Persons in thousands","428","thousands","3","v2062811","1.3.1.1.1.1","18555.9","","","","1"
"2020-10","Canada","2021A000011124","Employment","Total - Gender","15 years and over","Estimate","Seasonally adjusted","Persons in thousands","428","thousands","3","v2062811","1.3.1.1.1.1","18616.4","","","","1"
"2020-11","Canada","2021A000011124","Employment","Total - Gender","15 years and over","Estimate","Seasonally adjusted","Persons in thousands","428","thousands","3","v2062811","1.3.1.1.1.1","18650.0","","","","1"
"2020-12","Canada","2021A000011124","Employment","Total - Gender","15 years and over","Estimate","Seasonally adjusted","Persons in thousands","428","thousands","3","v2062811","1.3.1.1.1.1","18591.7","","","","1"
"2021-01","Canada","2021A000011124","Employment","Total - Gender","15 years and over","Estimate","Seasonally adjusted","Persons in thousands","428","thousands","3","v2062811","1.3.1.1.1.1","18392.1","","","","1"
"2021-02","Canada","2021A000011124","Employment","Total - Gender","15 years and over","Estimate","Seasonally adjusted","Persons in thousands","428","thousands","3","v2062811","1.3.1.1.1.1","18632.0","","","","1"
"2021-03","Canada","2021A000011124","Employment","Total - Gender","15 years and over","Estimate","Seasonally adjusted","Persons in thousands","428","thousands","3","v2062811","1.3.1.1.1.1","18873.0","","","","1"
"2021-04","Canada","2021A000011124","Employment","Total - Gender","15 years and over","Estimate","Seasonally adjusted","Persons in thousands","428","thousands","3","v2062811","1.3.1.1.1.1","18673.8","","","","1"
"2021-05","Canada","2021A000011124","Employment","Total - Gender","15 years and over","Estimate","Seasonally adjusted","Persons in thousands","428","thousands","3","v2062811","1.3.1.1.1.1","18623.6","","","","1"
"2021-06","Canada","2021A000011124","Employment","Total - Gender","15 years and over","Estimate","Seasonally adjusted","Persons in thousands","428","thousands","3","v2062811","1.3.1.1.1.1","18894.4","","","","1"
"2021-07","Canada","2021A000011124","Employment","Total - Gender","15 years and over","Estimate","Seasonally adjusted","Persons in thousands","428","thousands","3","v2062811","1.3.1.1.1.1","19016.5","","","","1"
"2021-08","Canada","2021A000011124","Employment","Total - Gender","15 years and over","Estimate","Seasonally adjusted","Persons in thousands","428","thousands","3","v2062811","1.3.1.1.1.1","19081.7","","","","1"
"2021-09","Canada","2021A000011124","Employment","Total - Gender","15 years and over","Estimate","Seasonally adjusted","Persons in thousands","428","thousands","3","v2062811","1.3.1.1.1.1","19251.1","","","","1"
"2021-10","Canada","2021A000011124","Employment","Total - Gender","15 years and over","Estimate","Seasonally adjusted","Persons in thousands","428","thousands","3","v2062811","1.3.1.1.1.1","19288.1","","","","1"
"2021-11","Canada","2021A000011124","Employment","Total - Gender","15 years and over","Estimate","Seasonally adjusted","Persons in thousands","428","thousands","3","v2062811","1.3.1.1.1.1","19437.3","","","","1"
"2021-12","Canada","2021A000011124","Employment","Total - Gender","15 years and over","Estimate","Seasonally adjusted","Persons in thousands","428","thousands","3","v2062811","1.3.1.1.1.1","19508.8","","","","1"
"2022-01","Canada","2021A000011124","Employment","Total - Gender","15 years and over","Estimate","Seasonally adjusted","Persons in thousands","428","thousands","3","v2062811","1.3.1.1.1.1","19305.4","","","","1"
"2022-02","Canada","2021A000011124","Employment","Total - Gender","15 years and over","Estimate","Seasonally adjusted","Persons in thousands","428","thousands","3","v2062811","1.3.1.1.1.1","19629.0","","","","1"
"2022-03","Canada","2021A000011124","Employment","Total - Gender","15 years and over","Estimate","Seasonally adjusted","Persons in thousands","428","thousands","3","v2062811","1.3.1.1.1.1","19647.8","","","","1"
"2022-04","Canada","2021A000011124","Employment","Total - Gender","15 years and over","Estimate","Seasonally adjusted","Persons in thousands","428","thousands","3","v2062811","1.3.1.1.1.1","19709.7","","","","1"
"2022-05","Canada","2021A000011124","Employment","Total - Gender","15 years and over","Estimate","Seasonally adjusted","Persons in thousands","428","thousands","3","v2062811","1.3.1.1.1.1","19763.4","","","","1"
"2022-06","Canada","2021A000011124","Employment","Total - Gender","15 years and over","Estimate","Seasonally adjusted","Persons in thousands","428","thousands","3","v2062811","1.3.1.1.1.1","19750.8","","","","1"
"2022-07","Canada","2021A000011124","Employment","Total - Gender","15 years and over","Estimate","Seasonally adjusted","Persons in thousands","428","thousands","3","v2062811","1.3.1.1.1.1","19787.5","","","","1"
"2022-08","Canada","2021A000011124","Employment","Total - Gender","15 years and over","Estimate","Seasonally adjusted","Persons in thousands","428","thousands","3","v2062811","1.3.1.1.1.1","19781.2","","","","1"
"2022-09","Canada","2021A000011124","Employment","Total - Gender","15 years and over","Estimate","Seasonally adjusted","Persons in thousands","428","thousands","3","v2062811","1.3.1.1.1.1","19796.1","","","","1"
"2022-10","Canada","2021A000011124","Employment","Total - Gender","15 years and over","Estimate","Seasonally adjusted","Persons in thousands","428","thousands","3","v2062811","1.3.1.1.1.1","19882.8","","","","1"
"2022-11","Canada","2021A000011124","Employment","Total - Gender","15 years and over","Estimate","Seasonally adjusted","Persons in thousands","428","thousands","3","v2062811","1.3.1.1.1.1","19923.8","","","","1"
"2022-12","Canada","2021A000011124","Employment","Total - Gender","15 years and over","Estimate","Seasonally adjusted","Persons in thousands","428","thousands","3","v2062811","1.3.1.1.1.1","19998.5","","","","1"
"2023-01","Canada","2021A000011124","Employment","Total - Gender","15 years and over","Estimate","Seasonally adjusted","Persons in thousands","428","thousands","3","v2062811","1.3.1.1.1.1","20113.5","","","","1"
"2023-02","Canada","2021A000011124","Employment","Total - Gender","15 years and over","Estimate","Seasonally adjusted","Persons in thousands","428","thousands","3","v2062811","1.3.1.1.1.1","20153.3","","","","1"
"2023-03","Canada","2021A000011124","Employment","Total - Gender","15 years and over","Estimate","Seasonally adjusted","Persons in thousands","428","thousands","3","v2062811","1.3.1.1.1.1","20214.1","","","","1"
"2023-04","Canada","2021A000011124","Employment","Total - Gender","15 years and over","Estimate","Seasonally adjusted","Persons in thousands","428","thousands","3","v2062811","1.3.1.1.1.1","20257.8","","","","1"
"2023-05","Canada","2021A000011124","Employment","Total - Gender","15 years and over","Estimate","Seasonally adjusted","Persons in thousands","428","thousands","3","v2062811","1.3.1.1.1.1","20246.7","","","","1"
"2023-06","Canada","2021A000011124","Employment","Total - Gender","15 years and over","Estimate","Seasonally adjusted","Persons in thousands","428","thousands","3","v2062811","1.3.1.1.1.1","20332.9","","","","1"
"2023-07","Canada","2021A000011124","Employment","Total - Gender","15 years and over","Estimate","Seasonally adjusted","Persons in thousands","428","thousands","3","v2062811","1.3.1.1.1.1","20352.1","","","","1"
"2023-08","Canada","2021A000011124","Employment","Total - Gender","15 years and over","Estimate","Seasonally adjusted","Persons in thousands","428","thousands","3","v2062811","1.3.1.1.1.1","20412.1","","","","1"
"2023-09","Canada","2021A000011124","Employment","Total - Gender","15 years and over","Estimate","Seasonally adjusted","Persons in thousands","428","thousands","3","v2062811","1.3.1.1.1.1","20465.3","","","","1"
"2023-10","Canada","2021A000011124","Employment","Total - Gender","15 years and over","Estimate","Seasonally adjusted","Persons in thousands","428","thousands","3","v2062811","1.3.1.1.1.1","20493.9","","","","1"
"2023-11","Canada","2021A000011124","Employment","Total - Gender","15 years and over","Estimate","Seasonally adjusted","Persons in thousands","428","thousands","3","v2062811","1.3.1.1.1.1","20518.5","","","","1"
"2023-12","Canada","2021A000011124","Employment","Total - Gender","15 years and over","Estimate","Seasonally adjusted","Persons in thousands","428","thousands","3","v2062811","1.3.1.1.1.1","20532.8","","","","1"
"2024-01","Canada","2021A000011124","Employment","Total - Gender","15 years and over","Estimate","Seasonally adjusted","Persons in thousands","428","thousands","3","v2062811","1.3.1.1.1.1","20577.1","","","","1"
"2024-02","Canada","2021A000011124","Employment","Total - Gender","15 years and over","Estimate","Seasonally adjusted","Persons in thousands","428","thousands","3","v2062811","1.3.1.1.1.1","20607.7","","","","1"
"2024-03","Canada","2021A000011124","Employment","Total - Gender","15 years and over","Estimate","Seasonally adjusted","Persons in thousands","428","thousands","3","v2062811","1.3.1.1.1.1","20614.5","","","","1"
"2024-04","Canada","2021A000011124","Employment","Total - Gender","15 years and over","Estimate","Seasonally adjusted","Persons in thousands","428","thousands","3","v2062811","1.3.1.1.1.1","20700.5","","","","1"
"2024-05","Canada","2021A000011124","Employment","Total - Gender","15 years and over","Estimate","Seasonally adjusted","Persons in thousands","428","thousands","3","v2062811","1.3.1.1.1.1","20698.3","","","","1"
"2024-06","Canada","2021A000011124","Employment","Total - Gender","15 years and over","Estimate","Seasonally adjusted","Persons in thousands","428","thousands","3","v2062811","1.3.1.1.1.1","20715.9","","","","1"
"2024-07","Canada","2021A000011124","Employment","Total - Gender","15 years and over","Estimate","Seasonally adjusted","Persons in thousands","428","thousands","3","v2062811","1.3.1.1.1.1","20712.9","","","","1"
"2024-08","Canada","2021A000011124","Employment","Total - Gender","15 years and over","Estimate","Seasonally adjusted","Persons in thousands","428","thousands","3","v2062811","1.3.1.1.1.1","20742.6","","","","1"
"2024-09","Canada","2021A000011124","Employment","Total - Gender","15 years and over","Estimate","Seasonally adjusted","Persons in thousands","428","thousands","3","v2062811","1.3.1.1.1.1","20779.3","","","","1"
"2024-10","Canada","2021A000011124","Employment","Total - Gender","15 years and over","Estimate","Seasonally adjusted","Persons in thousands","428","thousands","3","v2062811","1.3.1.1.1.1","20782.6","","","","1"
"2024-11","Canada","2021A000011124","Employment","Total - Gender","15 years and over","Estimate","Seasonally adjusted","Persons in thousands","428","thousands","3","v2062811","1.3.1.1.1.1","20826.4","","","","1"
"2024-12","Canada","2021A000011124","Employment","Total - Gender","15 years and over","Estimate","Seasonally adjusted","Persons in thousands","428","thousands","3","v2062811","1.3.1.1.1.1","20917.4","","","","1"
"2015-04","Canada","2021A000011124","Unemployment","Total - Gender","15 years and over","Estimate","Seasonally adjusted","Persons in thousands","428","thousands","3","v2062814","1.6.1.1.1.1","1337.2","","","","1"
"2015-05","Canada","2021A000011124","Unemployment","Total - Gender","15 years and over","Estimate","Seasonally adjusted","Persons in thousands","428","thousands","3","v2062814","1.6.1.1.1.1","1324.7","","","","1"
"2015-06","Canada","2021A000011124","Unemployment","Total - Gender","15 years and over","Estimate","Seasonally adjusted","Persons in thousands","428","thousands","3","v2062814","1.6.1.1.1.1","1326.6","","","","1"
"2015-07","Canada","2021A000011124","Unemployment","Total - Gender","15 years and over","Estimate","Seasonally adjusted","Persons in thousands","428","thousands","3","v2062814","1.6.1.1.1.1","1336.0","","","","1"
"2015-08","Canada","2021A000011124","Unemployment","Total - Gender","15 years and over","Estimate","Seasonally adjusted","Persons in thousands","428","thousands","3","v2062814","1.6.1.1.1.1","1358.3","","","","1"
"2015-09","Canada","2021A000011124","Unemployment","Total - Gender","15 years and over","Estimate","Seasonally adjusted","Persons in thousands","428","thousands","3","v2062814","1.6.1.1.1.1","1368.4","","","","1"
"2015-10","Canada","2021A000011124","Unemployment","Total - Gender","15 years and over","Estimate","Seasonally adjusted","Persons in thousands","428","thousands","3","v2062814","1.6.1.1.1.1","1351.5","","","","1"
"2015-11","Canada","2021A000011124","Unemployment","Total - Gender","15 years and over","Estimate","Seasonally adjusted","Persons in thousands","428","thousands","3","v2062814","1.6.1.1.1.1","1374.2","","","","1"
"2015-12","Canada","2021A000011124","Unemployment","Total - Gender","15 years and over","Estimate","Seasonally adjusted","Persons in thousands","428","thousands","3","v2062814","1.6.1.1.1.1","1397.4","","","","1"
"2016-01","Canada","2021A000011124","Unemployment","Total - Gender","15 years and over","Estimate","Seasonally adjusted","Persons in thousands","428","thousands","3","v2062814","1.6.1.1.1.1","1396.1","","","","1"
"2016-02","Canada","2021A000011124","Unemployment","Total - Gender","15 years and over","Estimate","Seasonally adjusted","Persons in thousands","428","thousands","3","v2062814","1.6.1.1.1.1","1408.1","","","","1"
"2016-03","Canada","2021A000011124","Unemployment","Total - Gender","15 years and over","Estimate","Seasonally adjusted","Persons in thousands","428","thousands","3","v2062814","1.6.1.1.1.1","1397.2","","","","1"
"2016-04","Canada","2021A000011124","Unemployment","Total - Gender","15 years and over","Estimate","Seasonally adjusted","Persons in thousands","428","thousands","3","v2062814","1.6.1.1.1.1","1413.8","","","","1"
"2016-05","Canada","2021A000011124","Unemployment","Total - Gender","15 years and over","Estimate","Seasonally adjusted","Persons in thousands","428","thousands","3","v2062814","1.6.1.1.1.1","1362.1","","","","1"
"2016-06","Canada","2021A000011124","Unemployment","Total - Gender","15 years and over","Estimate","Seasonally adjusted","Persons in thousands","428","thousands","3","v2062814","1.6.1.1.1.1","1345.1","","","","1"
"2016-07","Canada","2021A000011124","Unemployment","Total - Gender","15 years and over","Estimate","Seasonally adjusted","Persons in thousands","428","thousands","3","v2062814","1.6.1.1.1.1","1346.8","","","","1"
"2016-08","Canada","2021A000011124","Unemployment","Total - Gender","15 years and over","Estimate","Seasonally adjusted","Persons in thousands","428","thousands","3","v2062814","1.6.1.1.1.1","1334.9","","","","1"
"2016-09","Canada","2021A000011124","Unemployment","Total - Gender","15 years and over","Estimate","Seasonally adjusted","Persons in thousands","428","thousands","3","v2062814","1.6.1.1.1.1","1352.7","","","","1"
"2016-10","Canada","2021A000011124","Unemployment","Total - Gender","15 years and over","Estimate","Seasonally adjusted","Persons in thousands","428","thousands","3","v2062814","1.6.1.1.1.1","1341.0","","","","1"
"2016-11","Canada","2021A000011124","Unemployment","Total - Gender","15 years and over","Estimate","Seasonally adjusted","Persons in thousands","428","thousands","3","v2062814","1.6.1.1.1.1","1326.5","","","","1"
"2016-12","Canada","2021A000011124","Unemployment","Total - Gender","15 years and over","Estimate","Seasonally adjusted","Persons in thousands","428","thousands","3","v2062814","1.6.1.1.1.1","1349.1","","","","1"
"2017-01","Canada","2021A000011124","Unemployment","Total - Gender","15 years and over","Estimate","Seasonally adjusted","Persons in thousands","428","thousands","3","v2062814","1.6.1.1.1.1","1339.1","","","","1"
"2017-02","Canada","2021A000011124","Unemployment","Total - Gender","15 years and over","Estimate","Seasonally adjusted","Persons in thousands","428","thousands","3","v2062814","1.6.1.1.1.1","1295.8","","","","1"
"2017-03","Canada","2021A000011124","Unemployment","Total - Gender","15 years and over","Estimate","Seasonally adjusted","Persons in thousands","428","thousands","3","v2062814","1.6.1.1.1.1","1307.7","","","","1"
"2017-04","Canada","2021A000011124","Unemployment","Total - Gender","15 years and over","Estimate","Seasonally adjusted","Persons in thousands","428","thousands","3","v2062814","1.6.1.1.1.1","1273.0","","","","1"
"2017-05","Canada","2021A000011124","Unemployment","Total - Gender","15 years and over","Estimate","Seasonally adjusted","Persons in thousands","428","thousands","3","v2062814","1.6.1.1.1.1","1302.8","","","","1"
"2017-06","Canada","2021A000011124","Unemployment","Total - Gender","15 years and over","Estimate","Seasonally adjusted","Persons in thousands","428","thousands","3","v2062814","1.6.1.1.1.1","1275.9","","","","1"
"2017-07","Canada","2021A000011124","Unemployment","Total - Gender","15 years and over","Estimate","Seasonally adjusted","Persons in thousands","428","thousands","3","v2062814","1.6.1.1.1.1","1236.7","","","","1"
"2017-08","Canada","2021A000011124","Unemployment","Total - Gender","15 years and over","Estimate","Seasonally adjusted","Persons in thousands","428","thousands","3","v2062814","1.6.1.1.1.1","1225.3","","","","1"
"2017-09","Canada","2021A000011124","Unemployment","Total - Gender","15 years and over","Estimate","Seasonally adjusted","Persons in thousands","428","thousands","3","v2062814","1.6.1.1.1.1","1225.5","","","","1"
"2017-10","Canada","2021A000011124","Unemployment","Total - Gender","15 years and over","Estimate","Seasonally adjusted","Persons in thousands","428","thousands","3","v2062814","1.6.1.1.1.1","1246.8","","","","1"
"2017-11","Canada","2021A000011124","Unemployment","Total - Gender","15 years and over","Estimate","Seasonally adjusted","Persons in thousands","428","thousands","3","v2062814","1.6.1.1.1.1","1215.7","","","","1"
"2017-12","Canada","2021A000011124","Unemployment","Total - Gender","15 years and over","Estimate","Seasonally adjusted","Persons in thousands","428","thousands","3","v2062814","1.6.1.1.1.1","1198.3","","","","1"
"2018-01","Canada","2021A000011124","Unemployment","Total - Gender","15 years and over","Estimate","Seasonally adjusted","Persons in thousands","428","thousands","3","v2062814","1.6.1.1.1.1","1168.9","","","","1"
"2018-02","Canada","2021A000011124","Unemployment","Total - Gender","15 years and over","Estimate","Seasonally adjusted","Persons in thousands","428","thousands","3","v2062814","1.6.1.1.1.1","1188.3","","","","1"
"2018-03","Canada","2021A000011124","Unemployment","Total - Gender","15 years and over","Estimate","Seasonally adjusted","Persons in thousands","428","thousands","3","v2062814","1.6.1.1.1.1","1155.0","","","","1"
"2018-04","Canada","2021A000011124","Unemployment","Total - Gender","15 years and over","Estimate","Seasonally adjusted","Persons in thousands","428","thousands","3","v2062814","1.6.1.1.1.1","1144.1","","","","1"
"2018-05","Canada","2021A000011124","Unemployment","Total - Gender","15 years and over","Estimate","Seasonally adjusted","Persons in thousands","428","thousands","3","v2062814","1.6.1.1.1.1","1160.2","","","","1"
"2018-06","Canada","2021A000011124","Unemployment","Total - Gender","15 years and over","Estimate","Seasonally adjusted","Persons in thousands","428","thousands","3","v2062814","1.6.1.1.1.1","1183.6","","","","1"
"2018-07","Canada","2021A000011124","Unemployment","Total - Gender","15 years and over","Estimate","Seasonally adjusted","Persons in thousands","428","thousands","3","v2062814","1.6.1.1.1.1","1172.4","","","","1"
"2018-08","Canada","2021A000011124","Unemployment","Total - Gender","15 years and over","Estimate","Seasonally adjusted","Persons in thousands","428","thousands","3","v2062814","1.6.1.1.1.1","1196.2","","","","1"
"2018-09","Canada","2021A000011124","Unemployment","Total - Gender","15 years and over","Estimate","Seasonally adjusted","Persons in thousands","428","thousands","3","v2062814","1.6.1.1.1.1","1150.6","","","","1"
"2018-10","Canada","2021A000011124","Unemployment","Total - Gender","15 years and over","Estimate","Seasonally adjusted","Persons in thousands","428","thousands","3","v2062814","1.6.1.1.1.1","1118.4","","","","1"
"2018-11","Canada","2021A000011124","Unemployment","Total - Gender","15 years and over","Estimate","Seasonally adjusted","Persons in thousands","428","thousands","3","v2062814","1.6.1.1.1.1","1136.5","","","","1"
"2018-12","Canada","2021A000011124","Unemployment","Total - Gender","15 years and over","Estimate","Seasonally adjusted","Persons in thousands","428","thousands","3","v2062814","1.6.1.1.1.1","1129.8","","","","1"
"2019-01","Canada","2021A000011124","Unemployment","Total - Gender","15 years and over","Estimate","Seasonally adjusted","Persons in thousands","428","thousands","3","v2062814","1.6.1.1.1.1","1147.8","","","","1"
"2019-02","Canada","2021A000011124","Unemployment","Total - Gender","15 years and over","Estimate","Seasonally adjusted","Persons in thousands","428","thousands","3","v2062814","1.6.1.1.1.1","1165.0","","","","1"
"2019-03","Canada","2021A000011124","Unemployment","Total - Gender","15 years and over","Estimate","Seasonally adjusted","Persons in thousands","428","thousands","3","v2062814","1.6.1.1.1.1","1176.2","","","","1"
"2019-04","Canada","2021A000011124","Unemployment","Total - Gender","15 years and over","Estimate","Seasonally adjusted","Persons in thousands","428","thousands","3","v2062814","1.6.1.1.1.1","1154.5","","","","1"
"2019-05","Canada","2021A000011124","Unemployment","Total - Gender","15 years and over","Estimate","Seasonally adjusted","Persons in thousands","428","thousands","3","v2062814","1.6.1.1.1.1","1103.1","","","","1"
"2019-06","Canada","2021A000011124","Unemployment","Total - Gender","15 years and over","Estimate","Seasonally adjusted","Persons in thousands","428","thousands","3","v2062814","1.6.1.1.1.1","1121.2","","","","1"
"2019-07","Canada","2021A000011124","Unemployment","Total - Gender","15 years and over","Estimate","Seasonally adjusted","Persons in thousands","428","thousands","3","v2062814","1.6.1.1.1.1","1162.0","","","","1"
"2019-08","Canada","2021A000011124","Unemployment","Total - Gender","15 years and over","Estimate","Seasonally adjusted","Persons in thousands","428","thousands","3","v2062814","1.6.1.1.1.1","1166.3","","","","1"
"2019-09","Canada","2021A000011124","Unemployment","Total - Gender","15 years and over","Estimate","Seasonally adjusted","Persons in thousands","428","thousands","3","v2062814","1.6.1.1.1.1","1139.4","","","","1"
"2019-10","Canada","2021A000011124","Unemployment","Total - Gender","15 years and over","Estimate","Seasonally adjusted","Persons in thousands","428","thousands","3","v2062814","1.6.1.1.1.1","1143.6","","","","1"
"2019-11","Canada","2021A000011124","Unemployment","Total - Gender","15 years and over","Estimate","Seasonally adjusted","Persons in thousands","428","thousands","3","v2062814","1.6.1.1.1.1","1197.0","","","","1"
"2019-12","Canada","2021A000011124","Unemployment","Total - Gender","15 years and over","Estimate","Seasonally adjusted","Persons in thousands","428","thousands","3","v2062814","1.6.1.1.1.1","1139.7","","","","1"
"2020-01","Canada","2021A000011124","Unemployment","Total - Gender","15 years and over","Estimate","Seasonally adjusted","Persons in thousands","428","thousands","3","v2062814","1.6.1.1.1.1","1121.5","","","","1"
"2020-02","Canada","2021A000011124","Unemployment","Total - Gender","15 years and over","Estimate","Seasonally adjusted","Persons in thousands","428","thousands","3","v2062814","1.6.1.1.1.1","1182.0","","","","1"
"2020-03","Canada","2021A000011124","Unemployment","Total - Gender","15 years and over","Estimate","Seasonally adjusted","Persons in thousands","428","thousands","3","v2062814","1.6.1.1.1.1","1667.0","","","","1"
"2020-04","Canada","2021A000011124","Unemployment","Total - Gender","15 years and over","Estimate","Seasonally adjusted","Persons in thousands","428","thousands","3","v2062814","1.6.1.1.1.1","2545.7","","","","1"
"2020-05","Canada","2021A000011124","Unemployment","Total - Gender","15 years and over","Estimate","Seasonally adjusted","Persons in thousands","428","thousands","3","v2062814","1.6.1.1.1.1","2720.5","","","","1"
"2020-06","Canada","2021A000011124","Unemployment","Total - Gender","15 years and over","Estimate","Seasonally adjusted","Persons in thousands","428","thousands","3","v2062814","1.6.1.1.1.1","2508.3","","","","1"
"2020-07","Canada","2021A000011124","Unemployment","Total - Gender","15 years and over","Estimate","Seasonally adjusted","Persons in thousands","428","thousands","3","v2062814","1.6.1.1.1.1","2198.4","","","","1"
"2020-08","Canada","2021A000011124","Unemployment","Total - Gender","15 years and over","Estimate","Seasonally adjusted","Persons in thousands","428","thousands","3","v2062814","1.6.1.1.1.1","2034.8","","","","1"
"2020-09","Canada","2021A000011124","Unemployment","Total - Gender","15 years and over","Estimate","Seasonally adjusted","Persons in thousands","428","thousands","3","v2062814","1.6.1.1.1.1","1862.3","","","","1"
"2020-10","Canada","2021A000011124","Unemployment","Total - Gender","15 years and over","Estimate","Seasonally adjusted","Persons in thousands","428","thousands","3","v2062814","1.6.1.1.1.1","1835.1","","","","1"
"2020-11","Canada","2021A000011124","Unemployment","Total - Gender","15 years and over","Estimate","Seasonally adjusted","Persons in thousands","428","thousands","3","v2062814","1.6.1.1.1.1","1756.7","","","","1"
"2020-12","Canada","2021A000011124","Unemployment","Total - Gender","15 years and over","Estimate","Seasonally adjusted","Persons in thousands","428","thousands","3","v2062814","1.6.1.1.1.1","1812.7","","","","1"
"2021-01","Canada","2021A000011124","Unemployment","Total - Gender","15 years and over","Estimate","Seasonally adjusted","Persons in thousands","428","thousands","3","v2062814","1.6.1.1.1.1","1863.4","","","","1"
"2021-02","Canada","2021A000011124","Unemployment","Total - Gender","15 years and over","Estimate","Seasonally adjusted","Persons in thousands","428","thousands","3","v2062814","1.6.1.1.1.1","1729.0","","","","1"
"2021-03","Canada","2021A000011124","Unemployment","Total - Gender","15 years and over","Estimate","Seasonally adjusted","Persons in thousands","428","thousands","3","v2062814","1.6.1.1.1.1","1576.9","","","","1"
"2021-04","Canada","2021A000011124","Unemployment","Total - Gender","15 years and over","Estimate","Seasonally adjusted","Persons in thousands","428","thousands","3","v2062814","1.6.1.1.1.1","1677.1","","","","1"
"2021-05","Canada","2021A000011124","Unemployment","Total - Gender","15 years and over","Estimate","Seasonally adjusted","Persons in thousands","428","thousands","3","v2062814","1.6.1.1.1.1","1681.2","","","","1"
"2021-06","Canada","2021A000011124","Unemployment","Total - Gender","15 years and over","Estimate","Seasonally adjusted","Persons in thousands","428","thousands","3","v2062814","1.6.1.1.1.1","1620.0","","","","1"
"2021-07","Canada","2021A000011124","Unemployment","Total - Gender","15 years and over","Estimate","Seasonally adjusted","Persons in thousands","428","thousands","3","v2062814","1.6.1.1.1.1","1524.0","","","","1"
"2021-08","Canada","2021A000011124","Unemployment","Total - Gender","15 years and over","Estimate","Seasonally adjusted","Persons in thousands","428","thousands","3","v2062814","1.6.1.1.1.1","1467.1","","","","1"
"2021-09","Canada","2021A000011124","Unemployment","Total - Gender","15 years and over","Estimate","Seasonally adjusted","Persons in thousands","428","thousands","3","v2062814","1.6.1.1.1.1","1454.5","","","","1"
"2021-10","Canada","2021A000011124","Unemployment","Total - Gender","15 years and over","Estimate","Seasonally adjusted","Persons in thousands","428","thousands","3","v2062814","1.6.1.1.1.1","1336.2","","","","1"
"2021-11","Canada","2021A000011124","Unemployment","Total - Gender","15 years and over","Estimate","Seasonally adjusted","Persons in thousands","428","thousands","3","v2062814","1.6.1.1.1.1","1262.2","","","","1"
"2021-12","Canada","2021A000011124","Unemployment","Total - Gender","15 years and over","Estimate","Seasonally adjusted","Persons in thousands","428","thousands","3","v2062814","1.6.1.1.1.1","1232.4","","","","1"
"2022-01","Canada","2021A000011124","Unemployment","Total - Gender","15 years and over","Estimate","Seasonally adjusted","Persons in thousands","428","thousands","3","v2062814","1.6.1.1.1.1","1325.4","","","","1"
"2022-02","Canada","2021A000011124","Unemployment","Total - Gender","15 years and over","Estimate","Seasonally adjusted","Persons in thousands","428","thousands","3","v2062814","1.6.1.1.1.1","1135.6","","","","1"
"2022-03","Canada","2021A000011124","Unemployment","Total - Gender","15 years and over","Estimate","Seasonally adjusted","Persons in thousands","428","thousands","3","v2062814","1.6.1.1.1.1","1114.9","","","","1"
"2022-04","Canada","2021A000011124","Unemployment","Total - Gender","15 years and over","Estimate","Seasonally adjusted","Persons in thousands","428","thousands","3","v2062814","1.6.1.1.1.1","1116.5","","","","1"
"2022-05","Canada","2021A000011124","Unemployment","Total - Gender","15 years and over","Estimate","Seasonally adjusted","Persons in thousands","428","thousands","3","v2062814","1.6.1.1.1.1","1084.2","","","","1"
"2022-06","Canada","2021A000011124","Unemployment","Total - Gender","15 years and over","Estimate","Seasonally adjusted","Persons in thousands","428","thousands","3","v2062814","1.6.1.1.1.1","1027.4","","","","1"
"2022-07","Canada","2021A000011124","Unemployment","Total - Gender","15 years and over","Estimate","Seasonally adjusted","Persons in thousands","428","thousands","3","v2062814","1.6.1.1.1.1","1007.1","","","","1"
"2022-08","Canada","2021A000011124","Unemployment","Total - Gender","15 years and over","Estimate","Seasonally adjusted","Persons in thousands","428","thousands","3","v2062814","1.6.1.1.1.1","1083.9","","","","1"
"2022-09","Canada","2021A000011124","Unemployment","Total - Gender","15 years and over","Estimate","Seasonally adjusted","Persons in thousands","428","thousands","3","v2062814","1.6.1.1.1.1","1066.6","","","","1"
"2022-10","Canada","2021A000011124","Unemployment","Total - Gender","15 years and over","Estimate","Seasonally adjusted","Persons in thousands","428","thousands","3","v2062814","1.6.1.1.1.1","1072.5","","","","1"
"2022-11","Canada","2021A000011124","Unemployment","Total - Gender","15 years and over","Estimate","Seasonally adjusted","Persons in thousands","428","thousands","3","v2062814","1.6.1.1.1.1","1058.7","","","","1"
"2022-12","Canada","2021A000011124","Unemployment","Total - Gender","15 years and over","Estimate","Seasonally adjusted","Persons in thousands","428","thousands","3","v2062814","1.6.1.1.1.1","1051.1","","","","1"
"2023-01","Canada","2021A000011124","Unemployment","Total - Gender","15 years and over","Estimate","Seasonally adjusted","Persons in thousands","428","thousands","3","v2062814","1.6.1.1.1.1","1079.9","","","","1"
"2023-02","Canada","2021A000011124","Unemployment","Total - Gender","15 years and over","Estimate","Seasonally adjusted","Persons in thousands","428","thousands","3","v2062814","1.6.1.1.1.1","1087.2","","","","1"
"2023-03","Canada","2021A000011124","Unemployment","Total - Gender","15 years and over","Estimate","Seasonally adjusted","Persons in thousands","428","thousands","3","v2062814","1.6.1.1.1.1","1070.1","","","","1"
"2023-04","Canada","2021A000011124","Unemployment","Total - Gender","15 years and over","Estimate","Seasonally adjusted","Persons in thousands","428","thousands","3","v2062814","1.6.1.1.1.1","1080.0","","","","1"
"2023-05","Canada","2021A000011124","Unemployment","Total - Gender","15 years and over","Estimate","Seasonally adjusted","Persons in thousands","428","thousands","3","v2062814","1.6.1.1.1.1","1111.8","","","","1"
"2023-06","Canada","2021A000011124","Unemployment","Total - Gender","15 years and over","Estimate","Seasonally adjusted","Persons in thousands","428","thousands","3","v2062814","1.6.1.1.1.1","1153.4","","","","1"
"2023-07","Canada","2021A000011124","Unemployment","Total - Gender","15 years and over","Estimate","Seasonally adjusted","Persons in thousands","428","thousands","3","v2062814","1.6.1.1.1.1","1175.3","","","","1"
"2023-08","Canada","2021A000011124","Unemployment","Total - Gender","15 years and over","Estimate","Seasonally adjusted","Persons in thousands","428","thousands","3","v2062814","1.6.1.1.1.1","1177.3","","","","1"
"2023-09","Canada","2021A000011124","Unemployment","Total - Gender","15 years and over","Estimate","Seasonally adjusted","Persons in thousands","428","thousands","3","v2062814","1.6.1.1.1.1","1191.9","","","","1"
"2023-10","Canada","2021A000011124","Unemployment","Total - Gender","15 years and over","Estimate","Seasonally adjusted","Persons in thousands","428","thousands","3","v2062814","1.6.1.1.1.1","1240.6","","","","1"
"2023-11","Canada","2021A000011124","Unemployment","Total - Gender","15 years and over","Estimate","Seasonally adjusted","Persons in thousands","428","thousands","3","v2062814","1.6.1.1.1.1","1245.1","","","","1"
"2023-12","Canada","2021A000011124","Unemployment","Total - Gender","15 years and over","Estimate","Seasonally adjusted","Persons in thousands","428","thousands","3","v2062814","1.6.1.1.1.1","1264.6","","","","1"
"2024-01","Canada","2021A000011124","Unemployment","Total - Gender","15 years and over","Estimate","Seasonally adjusted","Persons in thousands","428","thousands","3","v2062814","1.6.1.1.1.1","1240.1","","","","1"
"2024-02","Canada","2021A000011124","Unemployment","Total - Gender","15 years and over","Estimate","Seasonally adjusted","Persons in thousands","428","thousands","3","v2062814","1.6.1.1.1.1","1287.1","","","","1"
"2024-03","Canada","2021A000011124","Unemployment","Total - Gender","15 years and over","Estimate","Seasonally adjusted","Persons in thousands","428","thousands","3","v2062814","1.6.1.1.1.1","1342.3","","","","1"
"2024-04","Canada","2021A000011124","Unemployment","Total - Gender","15 years and over","Estimate","Seasonally adjusted","Persons in thousands","428","thousands","3","v2062814","1.6.1.1.1.1","1359.6","","","","1"
"2024-05","Canada","2021A000011124","Unemployment","Total - Gender","15 years and over","Estimate","Seasonally adjusted","Persons in thousands","428","thousands","3","v2062814","1.6.1.1.1.1","1383.7","","","","1"
"2024-06","Canada","2021A000011124","Unemployment","Total - Gender","15 years and over","Estimate","Seasonally adjusted","Persons in thousands","428","thousands","3","v2062814","1.6.1.1.1.1","1424.5","","","","1"
"2024-07","Canada","2021A000011124","Unemployment","Total - Gender","15 years and over","Estimate","Seasonally adjusted","Persons in thousands","428","thousands","3","v2062814","1.6.1.1.1.1","1425.3","","","","1"
"2024-08","Canada","2021A000011124","Unemployment","Total - Gender","15 years and over","Estimate","Seasonally adjusted","Persons in thousands","428","thousands","3","v2062814","1.6.1.1.1.1","1478.3","","","","1"
"2024-09","Canada","2021A000011124","Unemployment","Total - Gender","15 years and over","Estimate","Seasonally adjusted","Persons in thousands","428","thousands","3","v2062814","1.6.1.1.1.1","1458.3","","","","1"
"2024-10","Canada","2021A000011124","Unemployment","Total - Gender","15 years and over","Estimate","Seasonally adjusted","Persons in thousands","428","thousands","3","v2062814","1.6.1.1.1.1","1476.3","","","","1"
"2024-11","Canada","2021A000011124","Unemployment","Total - Gender","15 years and over","Estimate","Seasonally adjusted","Persons in thousands","428","thousands","3","v2062814","1.6.1.1.1.1","1540.6","","","","1"
"2024-12","Canada","2021A000011124","Unemployment","Total - Gender","15 years and over","Estimate","Seasonally adjusted","Persons in thousands","428","thousands","3","v2062814","1.6.1.1.1.1","1505.5","","","","1"


