month,employment,unemployment,labour_force,population,vacancies,theta
1980-01-01,10882600,877500,11760100,18317900,273345.0,0.3115042735042735
1980-02-01,10902900,894000,11796900,18346400,259678.0,0.2904675615212528
1980-03-01,10897800,901000,11798900,18373900,254211.0,0.2821431742508324
1980-04-01,10938300,908300,11846700,18407700,256944.0,0.28288450952328525
1980-05-01,10891600,923900,11815500,18437000,235077.0,0.25443987444528626
1980-06-01,10936800,918300,11855100,18474100,235077.0,0.2559915060437765
1980-07-01,10935000,905600,11840600,18501100,265145.0,0.2927837897526502
1980-08-01,10970300,907900,11878100,18529000,243277.0,0.2679557219958145
1980-09-01,11051900,876200,11928100,18564000,251477.0,0.2870086738187628
1980-10-01,11083100,873100,11956200,18591500,265145.0,0.30368228152559845
1980-11-01,11127000,857700,11984700,18617400,265145.0,0.3091348956511601
1980-12-01,11140000,874100,12014100,18642600,262411.0,0.30020707012927583
1981-01-01,11206500,892300,12098800,18671800,262411.0,0.29408382830886476
1981-02-01,11283300,899800,12183100,18700600,270039.0,0.3001100244498778
1981-03-01,11278700,902400,12181200,18725000,271565.0,0.30093639184397164
1981-04-01,11315800,868300,12184100,18749900,273091.0,0.31451226534607857
1981-05-01,11345800,877200,12223000,18775200,284279.0,0.3240754673962608
1981-06-01,11375600,887900,12263600,18806100,289746.0,0.3263272891091339
1981-07-01,11336400,879400,12215800,18829000,281545.0,0.32015578803729816
1981-08-01,11353800,861200,12215000,18852500,284279.0,0.33009637714816537
1981-09-01,11328700,1003900,12332600,18880800,273345.0,0.272283095925889
1981-10-01,11300100,1020400,12320500,18904400,236475.0,0.23174735397883184
1981-11-01,11291500,1019500,12311000,18927100,221219.0,0.21698773908778812
1981-12-01,11236000,1071700,12307700,18949700,224143.0,0.2091471493888215
1982-01-01,11205600,1059700,12265300,18976300,190706.0,0.17996225346796263
1982-02-01,11166900,1092800,12259700,19001700,176975.0,0.16194637628111275
1982-03-01,11140500,1139700,12280200,19023700,163244.0,0.1432341844345003
1982-04-01,11076300,1204800,12281100,19045600,151039.0,0.12536437583001328
1982-05-01,11021900,1271400,12293300,19068300,140359.0,0.11039719993707724
1982-06-01,10940600,1364300,12304800,19096200,103871.0,0.07613501429304405
1982-07-01,10893600,1465200,12358800,19115700,122052.0,0.0833005733005733
1982-08-01,10836300,1478100,12314300,19142000,101138.0,0.06842432852986943
1982-09-01,10806700,1527000,12333700,19162500,90204.0,0.05907269155206287
1982-10-01,10787200,1602100,12389300,19183200,90204.0,0.05630360152300106
1982-11-01,10764100,1600400,12364600,19203300,90204.0,0.056363409147713074
1982-12-01,10774100,1624400,12398500,19222600,103871.0,0.06394422556020685
1983-01-01,10801100,1572900,12374000,19244200,119000.0,0.07565643079661771
1983-02-01,10818200,1573600,12391800,19266500,90204.0,0.057323335027961365
1983-03-01,10874900,1554700,12429600,19285100,125103.0,0.08046761433073905
1983-04-01,10932600,1553700,12486300,19304200,129680.0,0.08346527643689258
1983-05-01,10952500,1556500,12509000,19328100,114805.0,0.07375843238034051
1983-06-01,11021400,1557300,12578700,19346500,137308.0,0.08817055159571052
1983-07-01,11073400,1492900,12566200,19363300,140359.0,0.0940176837028602
1983-08-01,11126600,1472800,12599500,19386400,143411.0,0.097373030961434
1983-09-01,11174200,1432000,12606300,19405300,144936.0,0.10121229050279329
1983-10-01,11163300,1419200,12582500,19424200,147988.0,0.10427564825253664
1983-11-01,11162000,1415900,12577900,19443700,133939.0,0.09459636980012713
1983-12-01,11187400,1429100,12616500,19462200,152565.0,0.10675600027989644
1984-01-01,11168600,1423300,12591900,19483700,136672.0,0.0960247312583433
1984-02-01,11203900,1425400,12629300,19506200,144873.0,0.10163673354847762
1984-03-01,11205900,1424700,12630600,19524200,166295.0,0.11672281883905383
1984-04-01,11198500,1456000,12654500,19546800,172398.0,0.11840521978021978
1984-05-01,11245500,1494000,12739500,19566700,150340.0,0.10062918340026773
1984-06-01,11314500,1442900,12757400,19586500,181552.0,0.12582438145401623
1984-07-01,11356600,1427100,12783700,19609700,155807.0,0.10917735267325344
1984-08-01,11349300,1441100,12790400,19628800,186129.0,0.1291575879536465
1984-09-01,11373800,1527900,12901700,19648200,161274.0,0.10555271941881013
1984-10-01,11387700,1455600,12843300,19672400,186129.0,0.12787098103874692
1984-11-01,11391100,1462300,12853400,19691500,158540.0,0.10841824523011694
1984-12-01,11430300,1425900,12856200,19709600,153073.0,0.10735184795567712
1985-01-01,11481700,1364700,12846400,19730900,161274.0,0.11817542316992746
1985-02-01,11506300,1386000,12892300,19748600,164007.0,0.11833116883116883
1985-03-01,11531400,1421400,12952900,19766500,174941.0,0.12307654425214577
1985-04-01,11571500,1404400,12975900,19789400,207488.0,0.14774138422101965
1985-05-01,11613700,1371800,12985500,19809000,188608.0,0.13748942994605629
1985-06-01,11627000,1391300,13018300,19828700,188608.0,0.13556242363257384
1985-07-01,11681100,1358400,13039500,19852400,222744.0,0.16397526501766785
1985-08-01,11712100,1348100,13060200,19872800,227321.0,0.16862324753356575
1985-09-01,11723300,1331700,13055100,19898700,231898.0,0.1741368176015619
1985-10-01,11754000,1355400,13109400,19919100,207742.0,0.15326988342924597
1985-11-01,11819000,1350200,13169200,19939600,210476.0,0.1558850540660643
1985-12-01,11860500,1326100,13186600,19958200,221409.0,0.16696252168011463
1986-01-01,11903500,1300200,13203700,19981200,226876.0,0.17449315489924627
1986-02-01,11917900,1303800,13221700,19999000,215943.0,0.16562586286240222
1986-03-01,11926300,1298600,13224900,20017200,253257.0,0.19502310180194055
1986-04-01,12008100,1284200,13292300,20041300,254783.0,0.19839822457561127
1986-05-01,11977200,1259500,13236700,20062100,256309.0,0.2035005954743946
1986-06-01,12016900,1272900,13289800,20087600,232343.0,0.18253044229711682
1986-07-01,12017100,1271300,13288400,20105900,254211.0,0.19996145677652796
1986-08-01,12024700,1277500,13302200,20124500,260886.0,0.2042160469667319
1986-09-01,12035200,1265300,13300500,20147100,232343.0,0.183626807871651
1986-10-01,12059600,1253500,13313100,20165800,251477.0,0.20061986437973675
1986-11-01,12082000,1250800,13332800,20183900,276078.0,0.2207211384713783
1986-12-01,12079700,1266900,13346600,20202600,256944.0,0.20281316599573762
1987-01-01,12102000,1274300,13376200,20225300,294450.0,0.23106803735384132
1987-02-01,12131400,1275300,13406700,20248600,289746.0,0.2271983062808751
1987-03-01,12182000,1259300,13441300,20268900,305129.0,0.24230048439609306
1987-04-01,12229500,1237100,13466600,20289900,309706.0,0.2503483954409506
1987-05-01,12285700,1201100,13486800,20311500,315809.0,0.262933144617434
1987-06-01,12319400,1203800,13523200,20339200,319814.0,0.26567037713905967
1987-07-01,12345500,1179200,13524700,20360600,328014.0,0.27816655359565806
1987-08-01,12376200,1167000,13543200,20381600,338948.0,0.2904438731790917
1987-09-01,12421900,1146100,13568000,20408300,341745.0,0.2981807870168397
1987-10-01,12487400,1129700,13617000,20428500,369016.0,0.3266495529786669
1987-11-01,12519400,1113200,13632600,20448300,371749.0,0.3339462809917355
1987-12-01,12583300,1097100,13680400,20467100,374483.0,0.34133898459575246
1988-01-01,12601900,1106500,13708400,20489400,377216.0,0.34090917306823315
1988-02-01,12642600,1068400,13711000,20510800,396350.0,0.37097529015350056
1988-03-01,12662600,1067800,13730400,20530000,390883.0,0.36606386963850907
1988-04-01,12676000,1056200,13732300,20550600,404551.0,0.3830249952660481
1988-05-01,12679700,1067400,13747100,20577900,357001.0,0.3344584972831179
1988-06-01,12698100,1043900,13742000,20600000,358527.0,0.3434495641344956
1988-07-01,12711800,1069600,13781500,20622000,360053.0,0.33662397157816004
1988-08-01,12720000,1077600,13797700,20650400,361578.0,0.33554008908685967
1988-09-01,12732800,1084000,13816800,20672500,361578.0,0.3335590405904059
1988-10-01,12765000,1077900,13842900,20693600,361578.0,0.33544670192040077
1988-11-01,12795800,1076800,13872600,20714300,456486.0,0.42392830609212484
1988-12-01,12849400,1035100,13884500,20734500,364629.0,0.3522645155057482
1989-01-01,12922000,1049600,13971600,20763100,366155.0,0.348851943597561
1989-02-01,12936800,1060800,13997700,20783300,370732.0,0.3494834087481146
1989-03-01,12982400,1059100,14041500,20805400,372258.0,0.3514852233028043
1989-04-01,12959900,1089800,14049700,20828200,370732.0,0.3401835199119104
1989-05-01,12962200,1077400,14039600,20858600,367681.0,0.34126693892704657
1989-06-01,12979400,1051300,14030700,20883000,364629.0,0.3468362979168648
1989-07-01,12979800,1046100,14025900,20907800,361578.0,0.345643819902495
1989-08-01,13029100,1029700,14058800,20938900,358527.0,0.34818587938234435
1989-09-01,13029500,1032600,14062100,20963600,357001.0,0.34573019562269997
1989-10-01,13034500,1014000,14048500,20993600,353950.0,0.34906311637080867
1989-11-01,13059700,1055200,14114900,21017000,347847.0,0.32965030326004546
1989-12-01,13066800,1083200,14150000,21039100,340219.0,0.31408696454948304
1990-01-01,13101400,1119100,14220500,21064500,332591.0,0.2971950674649272
1990-02-01,13134900,1093600,14228500,21085800,324963.0,0.2971497805413314
1990-03-01,13126100,1033800,14159900,21109500,315809.0,0.3054836525440124
1990-04-01,13141300,1076800,14218100,21142700,305129.0,0.28336645616641903
1990-05-01,13101900,1105200,14207100,21170000,294450.0,0.2664223669923996
1990-06-01,13134400,1080800,14215200,21197500,282245.0,0.26114452257586973
1990-07-01,13113600,1128500,14242100,21233100,268514.0,0.23793885688967656
1990-08-01,13100300,1161800,14262000,21261000,256309.0,0.22061370287484938
1990-09-01,13089500,1218100,14307600,21286800,242578.0,0.19914456941137837
1990-10-01,13039300,1260100,14299400,21317200,228847.0,0.1816101896674867
1990-11-01,12985300,1306300,14291600,21342500,215116.0,0.1646758018831815
1990-12-01,12934700,1355000,14289800,21366200,202911.0,0.14974981549815497
1991-01-01,12894200,1397600,14291800,21394700,193757.0,0.13863551803091012
1991-02-01,12845100,1451800,14297000,21418600,187654.0,0.12925609588097534
1991-03-01,12809200,1499500,14308800,21443800,183078.0,0.12209269756585528
1991-04-01,12850700,1475400,14326100,21475800,180026.0,0.12201843567846007
1991-05-01,12879900,1467200,14347100,21502000,180026.0,0.12270038167938932
1991-06-01,12886300,1510400,14396700,21528200,178501.0,0.11818127648305085
1991-07-01,12872300,1510700,14383000,21553800,178501.0,0.11815780763884293
1991-08-01,12876200,1511700,14388000,21571300,175449.0,0.11606072633459019
1991-09-01,12855400,1477900,14333300,21595600,173924.0,0.11768319913390622
1991-10-01,12861000,1479600,14340600,21614400,170872.0,0.11548526628818599
1991-11-01,12823200,1480900,14304100,21638000,167821.0,0.11332365453440475
1991-12-01,12810200,1475900,14286100,21663500,164770.0,0.11164035503760418
1992-01-01,12790200,1489800,14280100,21689100,160193.0,0.10752651362599007
1992-02-01,12771300,1496700,14268000,21706900,157142.0,0.10499231642947819
1992-03-01,12744900,1554300,14299200,21735900,154090.0,0.09913787557099658
1992-04-01,12730900,1530000,14260900,21759000,151039.0,0.09871830065359477
1992-05-01,12736600,1564800,14301400,21782800,151039.0,0.09652287832310838
1992-06-01,12717300,1633200,14350500,21811700,151039.0,0.09248040656380113
1992-07-01,12732500,1621600,14354100,21835000,151039.0,0.09314195855944746
1992-08-01,12693700,1677800,14371500,21857600,151039.0,0.09002205268804386
1992-09-01,12700100,1668100,14368200,21885100,152565.0,0.0914603441040705
1992-10-01,12713000,1634200,14347200,21906400,152565.0,0.09335760616815567
1992-11-01,12704800,1748900,14453600,21926200,152565.0,0.08723483332380354
1992-12-01,12721900,1682700,14404700,21946200,154090.0,0.09157306709455043
1993-01-01,12755000,1604100,14359100,21969300,154090.0,0.09606009600398978
1993-02-01,12763200,1570000,14333200,21991100,155616.0,0.09911847133757962
1993-03-01,12780700,1609600,14390300,22012400,155616.0,0.09667992047713718
1993-04-01,12748800,1668200,14417000,22032800,155616.0,0.09328377892339049
1993-05-01,12755900,1675700,14431600,22053500,155616.0,0.09286626484454258
1993-06-01,12780000,1689700,14469700,22082600,155616.0,0.09209682192105108
1993-07-01,12789600,1681200,14470800,22104900,154090.0,0.09165477040209374
1993-08-01,12808100,1622800,14430900,22132200,154090.0,0.09495316736504807
1993-09-01,12840500,1664500,14505000,22154200,154090.0,0.09257434665064584
1993-10-01,12825300,1628200,14453500,22174900,154090.0,0.09463825082913647
1993-11-01,12873900,1631400,14505300,22193600,155616.0,0.09538801029790364
1993-12-01,12848400,1647700,14496100,22212900,158667.0,0.09629604903805304
1994-01-01,12856400,1656800,14513200,22233700,161719.0,0.09760924674070498
1994-02-01,12889500,1602600,14492100,22256400,163244.0,0.10186197429177586
1994-03-01,12928600,1529800,14458400,22279100,164770.0,0.10770688978951497
1994-04-01,12940700,1587000,14527700,22302600,166295.0,0.10478575929426591
1994-05-01,13012400,1553400,14565800,22332600,166295.0,0.10705227243465945
1994-06-01,13041500,1501900,14543500,22356200,167821.0,0.1117391304347826
1994-07-01,13098500,1466300,14564700,22380700,170872.0,0.11653276955602537
1994-08-01,13115200,1486000,14601300,22411100,172398.0,0.11601480484522207
1994-09-01,13176900,1487900,14664800,22433500,173924.0,0.11689226426507157
1994-10-01,13168800,1457400,14626200,22455200,175449.0,0.12038493207081104
1994-11-01,13259200,1417500,14676600,22476200,176975.0,0.12485008818342151
1994-12-01,13245800,1407400,14653200,22495700,176975.0,0.1257460565581924
1995-01-01,13269500,1402600,14672000,22524700,175449.0,0.1250884072436903
1995-02-01,13262300,1400400,14662700,22545800,173924.0,0.12419594401599543
1995-03-01,13290500,1429100,14719600,22568600,172398.0,0.12063396543278987
1995-04-01,13268900,1387700,14656500,22592900,170872.0,0.12313324205519925
1995-05-01,13265800,1394700,14660600,22623500,167821.0,0.1203276690327669
1995-06-01,13278200,1394700,14672900,22647900,166295.0,0.11923352692335269
1995-07-01,13280600,1418300,14698900,22672600,164770.0,0.11617429316787703
1995-08-01,13297800,1403800,14701600,22702900,161719.0,0.11520088331671179
1995-09-01,13331200,1356900,14688100,22725800,160193.0,0.11805807355000368
1995-10-01,13347000,1369600,14716600,22749700,158667.0,0.11584915303738318
1995-11-01,13315000,1357000,14672000,22772300,157142.0,0.11580103168754606
1995-12-01,13356800,1379700,14736500,22793600,154090.0,0.11168369935493223
1996-01-01,13374500,1395100,14769600,22821000,152565.0,0.10935775213246363
1996-02-01,13399400,1410800,14810200,22844700,151039.0,0.10705911539552027
1996-03-01,13377200,1413100,14790300,22868700,149513.0,0.10580496780128795
1996-04-01,13404100,1376700,14780800,22892200,149513.0,0.10860245514636449
1996-05-01,13425600,1368000,14793600,22922400,149513.0,0.10929312865497076
1996-06-01,13412900,1453300,14866200,22945900,151039.0,0.10392830110782357
1996-07-01,13440400,1451200,14891600,22976200,151039.0,0.1040786934950386
1996-08-01,13456600,1402900,14859500,23000000,152565.0,0.10874973269655713
1996-09-01,13414400,1475200,14889600,23028400,155616.0,0.10548806941431671
1996-10-01,13412800,1479300,14892200,23050400,158667.0,0.10725816264449402
1996-11-01,13441500,1471300,14912800,23071900,161719.0,0.1099157207911371
1996-12-01,13465700,1453100,14918800,23092000,164770.0,0.11339205835799325
1997-01-01,13535900,1416000,14951900,23114700,169347.0,0.11959533898305084
1997-02-01,13538100,1423700,14961800,23134500,172398.0,0.12109152209032802
1997-03-01,13569800,1398200,14968100,23156300,176975.0,0.12657345158060362
1997-04-01,13571200,1415300,14986500,23185100,181552.0,0.12827810358227937
1997-05-01,13637200,1408000,15045200,23208600,184603.0,0.13111008522727272
1997-06-01,13690000,1376200,15066200,23237400,189180.0,0.13746548466792619
1997-07-01,13731500,1344400,15075900,23260100,192231.0,0.14298646236239215
1997-08-01,13798900,1344800,15143700,23283500,195283.0,0.14521341463414633
1997-09-01,13815900,1339300,15155200,23312700,198334.0,0.14808780706339134
1997-10-01,13833100,1347400,15180500,23335300,199860.0,0.14833011726287665
1997-11-01,13859500,1346300,15205800,23356400,202911.0,0.15071752209760084
1997-12-01,13874900,1283100,15158000,23375400,205962.0,0.16051905541267245
1998-01-01,13864800,1337900,15202800,23397500,209014.0,0.15622542790941027
1998-02-01,13914500,1302600,15217100,23419200,212065.0,0.16280132043605097
1998-03-01,13949400,1273400,15222900,23438600,215116.0,0.16893042249096907
1998-04-01,13977600,1260900,15238500,23459900,216642.0,0.1718153699738282
1998-05-01,13993300,1264300,15257600,23482100,218167.0,0.17255951910147907
1998-06-01,14005800,1278200,15284100,23509500,218167.0,0.1706829917070881
1998-07-01,14063800,1269600,15333400,23528900,219693.0,0.17304111531190927
1998-08-01,14101700,1239700,15341400,23547600,219693.0,0.17721464870533193
1998-09-01,14140700,1264700,15405400,23572200,219693.0,0.17371155214675418
1998-10-01,14159400,1233100,15392500,23592300,219693.0,0.1781631660043792
1998-11-01,14198900,1240200,15439100,23611500,221219.0,0.17837364941138525
1998-12-01,14200000,1259000,15459000,23629500,222744.0,0.17692136616362192
1999-01-01,14273300,1226000,15499400,23650900,226253.0,0.18454567699836869
1999-02-01,14263300,1223300,15486600,23672200,229762.0,0.18782146652497345
1999-03-01,14278700,1219000,15497700,23693500,233882.0,0.19186382280557834
1999-04-01,14316600,1275900,15592500,23716000,238001.0,0.18653577866603965
1999-05-01,14352700,1238800,15591500,23739900,240900.0,0.19446238295124313
1999-06-01,14373000,1180300,15553300,23769700,242730.0,0.20565110565110564
1999-07-01,14430900,1179300,15610200,23792900,243493.0,0.2064724836767574
1999-08-01,14451800,1158900,15610600,23820600,244561.0,0.2110285615670032
1999-09-01,14474600,1171300,15645900,23844800,246392.0,0.21035772218902074
1999-10-01,14514700,1125600,15640300,23869200,249138.0,0.22133795309168444
1999-11-01,14549400,1084100,15633500,23892800,252800.0,0.23318882021953694
1999-12-01,14611300,1059800,15671100,23915000,255851.0,0.241414417814682
2000-01-01,14652700,1068100,15720800,23937800,258292.0,0.2418237992697313
2000-02-01,14672200,1081100,15753300,23963500,259055.0,0.23962168162057165
2000-03-01,14697500,1082300,15779800,23988600,258750.0,0.23907419384643813
2000-04-01,14722700,1064500,15787200,24014600,258444.0,0.24278440582433067
2000-05-01,14736400,1047500,15783800,24048500,258750.0,0.24701670644391407
2000-06-01,14746800,1061000,15807800,24076300,260275.0,0.245311027332705
2000-07-01,14750400,1068000,15818500,24102500,262869.0,0.2461320224719101
2000-08-01,14770300,1113100,15883500,24134600,266530.0,0.23944838738657803
2000-09-01,14812200,1104100,15916300,24162100,270039.0,0.2445783896386197
2000-10-01,14835300,1120400,15955700,24189600,272175.0,0.24292663334523384
2000-11-01,14871400,1110700,15982100,24216400,271870.0,0.24477356621950122
2000-12-01,14920000,1083200,16003200,24241900,268514.0,0.24788958641063516
2001-01-01,14894400,1100100,15994500,24255300,263479.0,0.23950459049177347
2001-02-01,14883900,1120500,16004400,24280400,257682.0,0.22997054886211513
2001-03-01,14888700,1144600,16033200,24308100,251884.0,0.22006290407129128
2001-04-01,14922300,1144700,16066900,24344900,246087.0,0.2149794706036516
2001-05-01,14946200,1130600,16076900,24375100,239984.0,0.212262515478507
2001-06-01,14922500,1162600,16085100,24406300,233424.0,0.20077756752107345
2001-07-01,14946300,1137700,16083900,24442100,226406.0,0.19900325217544168
2001-08-01,14948500,1163900,16112400,24470700,218930.0,0.1881003522639402
2001-09-01,14972800,1158700,16131500,24498400,210997.0,0.18209804090791404
2001-10-01,14976900,1182900,16159800,24525100,203674.0,0.17218192577563615
2001-11-01,14990300,1209400,16199700,24550900,197571.0,0.16336282454109477
2001-12-01,14965600,1310400,16276100,24575000,194062.0,0.14809371184371184
2002-01-01,15019400,1307900,16327400,24608400,192537.0,0.14721079593241074
2002-02-01,15042300,1296200,16338500,24634000,192842.0,0.1487748804196883
2002-03-01,15120500,1291700,16412200,24662400,193605.0,0.14988387396454286
2002-04-01,15167800,1264800,16432500,24699400,194215.0,0.15355392156862746
2002-05-01,15222200,1281300,16503600,24729800,194215.0,0.151576523842972
2002-06-01,15284300,1259000,16543300,24761000,192994.0,0.15329150119142176
2002-07-01,15324200,1268600,16592800,24795800,190553.0,0.15020731515055968
2002-08-01,15406900,1235000,16641800,24818600,187044.0,0.15145263157894737
2002-09-01,15405200,1259900,16665100,24845800,182620.0,0.14494801174696403
2002-10-01,15419100,1267400,16686500,24868100,178348.0,0.14071958339908475
2002-11-01,15467200,1256200,16723400,24889700,174839.0,0.13918086291991721
2002-12-01,15524700,1268000,16792700,24909800,172245.0,0.13583990536277601
2003-01-01,15544200,1252800,16797000,24932700,170720.0,0.13627075351213283
2003-02-01,15601600,1257500,16859000,24953800,169957.0,0.13515467196819086
2003-03-01,15609700,1242700,16852400,24978600,169194.0,0.13615031785628068
2003-04-01,15593200,1283600,16876800,25009700,169042.0,0.13169367404175755
2003-05-01,15574800,1324700,16899500,25035100,169042.0,0.12760776024760323
2003-06-01,15627100,1285500,16912600,25068700,169042.0,0.13149902761571372
2003-07-01,15648400,1306100,16954400,25095900,169042.0,0.1294250057422862
2003-08-01,15638900,1328400,16967300,25121700,169042.0,0.12725233363444746
2003-09-01,15674700,1335400,17010100,25154000,169042.0,0.12658529279616595
2003-10-01,15729500,1289600,17019100,25179600,169042.0,0.1310809553349876
2003-11-01,15778500,1267000,17045500,25203700,169042.0,0.1334191002367798
2003-12-01,15821100,1253300,17074400,25225600,169042.0,0.13487752333838665
2004-01-01,15819700,1250200,17069900,25250000,169042.0,0.13521196608542632
2004-02-01,15826900,1248500,17075400,25276500,169042.0,0.13539607529034842
2004-03-01,15836300,1250900,17087200,25302800,169042.0,0.13513630186265888
2004-04-01,15882700,1230900,17113600,25330100,170684.0,0.13866601673572182
2004-05-01,15900900,1207700,17108600,25358700,170684.0,0.14132980044713092
2004-06-01,15923900,1240100,17164000,25395600,170684.0,0.13763728731553906
2004-07-01,15937600,1210700,17148300,25425100,179184.0,0.1480003303873792
2004-08-01,15945400,1201400,17146800,25459900,179184.0,0.1491459963376061
2004-09-01,15978900,1191800,17170700,25487300,179184.0,0.1503473737204229
2004-10-01,15989600,1213800,17203400,25513400,192031.0,0.1582064590542099
2004-11-01,16008300,1240800,17249100,25537200,192031.0,0.15476386202450032
2004-12-01,16022800,1229200,17252000,25560200,192031.0,0.1562243735763098
2005-01-01,16034000,1192100,17226100,25585500,207197.0,0.1738084053351229
2005-02-01,16047100,1207300,17254400,25613500,207197.0,0.17162014412325022
2005-03-01,16046500,1184300,17230800,25640900,207197.0,0.17495313687410285
2005-04-01,16072300,1161000,17233300,25668900,225936.0,0.1946046511627907
2005-05-01,16076700,1208400,17285100,25706500,225936.0,0.18697120158887787
2005-06-01,16101800,1175900,17277700,25738600,225936.0,0.19213878731184625
2005-07-01,16142200,1158500,17300700,25771700,236079.0,0.2037798877859301
2005-08-01,16186600,1162400,17349000,25810400,236079.0,0.20309618031658638
2005-09-01,16172200,1159700,17331900,25839500,236079.0,0.20356902647236355
2005-10-01,16211700,1160800,17372500,25867300,241391.0,0.20795227429359062
2005-11-01,16241200,1096900,17338100,25894400,241391.0,0.22006655118971646
2005-12-01,16232300,1141300,17373600,25918900,241391.0,0.21150530097257514
2006-01-01,16261000,1175600,17436600,25953300,249699.0,0.21240132698196665
2006-02-01,16292200,1146900,17439100,25978800,249699.0,0.21771645304734502
2006-03-01,16347300,1132500,17479800,26007000,249699.0,0.22048476821192053
2006-04-01,16383500,1133400,17516900,26036500,272495.0,0.2404226221986942
2006-05-01,16450400,1094500,17544900,26074900,272495.0,0.24896756509821835
2006-06-01,16432500,1106100,17538700,26106800,272495.0,0.24635656812223125
2006-07-01,16440400,1147500,17587900,26139100,306303.0,0.26693071895424836
2006-08-01,16435700,1149000,17584700,26177300,306303.0,0.2665822454308094
2006-09-01,16468000,1145000,17613000,26206500,306303.0,0.26751353711790393
2006-10-01,16487500,1117800,17605400,26234100,334413.0,0.299170692431562
2006-11-01,16487500,1153700,17641300,26260800,334413.0,0.2898613157666638
2006-12-01,16549600,1121800,17671400,26285900,334413.0,0.29810394009627383
2007-01-01,16615000,1128500,17743500,26314700,340498.0,0.30172618520159505
2007-02-01,16636400,1112300,17748800,26335500,340498.0,0.30612065090353324
2007-03-01,16664800,1118900,17783700,26359900,340498.0,0.3043149521851819
2007-04-01,16658600,1116900,17775400,26391400,334219.0,0.2992380696570866
2007-05-01,16682100,1093400,17775600,26419300,334219.0,0.3056694713736967
2007-06-01,16728200,1094100,17822300,26449300,334219.0,0.30547390549309933
2007-07-01,16796200,1076100,17872300,26486500,331901.0,0.3084295139856891
2007-08-01,16817500,1068700,17886200,26517500,331901.0,0.31056517263965566
2007-09-01,16836200,1079000,17915200,26547000,331901.0,0.30760055607043557
2007-10-01,16883700,1083700,17967300,26576000,333253.0,0.30751407216019194
2007-11-01,16904800,1104300,18009200,26603700,333253.0,0.3017775966675722
2007-12-01,16907100,1110000,18017000,26629200,333253.0,0.3002279279279279
2008-01-01,16932200,1107200,18039400,26659000,331322.0,0.29924313583815026
2008-02-01,16967500,1106000,18073500,26683200,331322.0,0.29956781193490056
2008-03-01,16972100,1113600,18085700,26710700,331322.0,0.2975233477011494
2008-04-01,16971800,1117700,18089500,26744900,322048.0,0.28813456204706095
2008-05-01,16986800,1116300,18103000,26775500,322048.0,0.28849592403475766
2008-06-01,16996200,1113400,18109600,26816100,322048.0,0.2892473504580564
2008-07-01,16980900,1113700,18094600,26849800,294229.0,0.2641905360510012
2008-08-01,17003300,1116400,18119700,26881700,294229.0,0.2635515944106055
2008-09-01,17025400,1150900,18176300,26918400,294229.0,0.25565122947258667
2008-10-01,17070500,1171100,18241600,26948500,259068.0,0.22121765861156178
2008-11-01,16982700,1219200,18201900,26976800,259068.0,0.21249015748031497
2008-12-01,16972300,1278400,18250700,27003200,259068.0,0.20265018773466834
2009-01-01,16824700,1371700,18196400,27030700,227675.0,0.16598017059123715
2009-02-01,16782400,1479000,18261400,27061000,227675.0,0.15393847194050034
2009-03-01,16756400,1528000,18284400,27090100,227675.0,0.14900196335078533
2009-04-01,16730800,1538200,18269000,27120600,196668.0,0.12785593550903654
2009-05-01,16740700,1586500,18327200,27152300,196668.0,0.12396344153797668
2009-06-01,16712700,1612700,18325400,27193600,196668.0,0.12194952564023066
2009-07-01,16702800,1606200,18309000,27226900,181116.0,0.1127605528576765
2009-08-01,16702700,1600200,18302900,27259500,181116.0,0.11318335208098988
2009-09-01,16743800,1558800,18302600,27297200,181116.0,0.11618937644341801
2009-10-01,16753300,1570900,18324200,27326600,177639.0,0.11308103634858999
2009-11-01,16824700,1578900,18403600,27353100,177639.0,0.11250807524225727
2009-12-01,16797400,1577200,18374600,27377100,177639.0,0.11262934313974131
2010-01-01,16825000,1536400,18361400,27403500,183531.0,0.11945521999479303
2010-02-01,16818000,1538700,18356700,27432000,183531.0,0.11927666211737181
2010-03-01,16861700,1531700,18393400,27460800,183531.0,0.11982176666449043
2010-04-01,16928500,1513000,18441500,27491000,193190.0,0.1276867151354924
2010-05-01,16946800,1507300,18454100,27522500,193190.0,0.12816957473628343
2010-06-01,17024600,1486300,18510900,27563600,193190.0,0.1299804884612797
2010-07-01,17036500,1514700,18551200,27597800,196281.0,0.1295840760546643
2010-08-01,17062100,1528500,18590500,27635900,196281.0,0.12841413150147205
2010-09-01,17058400,1520600,18579000,27664200,196281.0,0.12908128370380112
2010-10-01,17044300,1497400,18541700,27690700,204299.0,0.1364358220916255
2010-11-01,17089400,1456500,18545900,27714900,204299.0,0.14026707861311363
2010-12-01,17117400,1454400,18571700,27737100,204299.0,0.14046960946094608
2011-01-01,17187200,1459200,18646500,27758700,229800.0,0.15748355263157895
2011-02-01,17174800,1458700,18633500,27781200,229800.0,0.15753753342016863
2011-03-01,17173700,1460200,18633900,27804500,229800.0,0.15737570195863582
2011-04-01,17222100,1453500,18675600,27829600,235500.0,0.16202270381836945
2011-05-01,17187400,1437600,18625000,27861000,236600.0,0.1645798553144129
2011-06-01,17218800,1435900,18654800,27885900,244700.0,0.17041576711470158
2011-07-01,17256400,1386600,18642900,27913700,236000.0,0.1702004904081927
2011-08-01,17269400,1384800,18654200,27948700,250400.0,0.18082033506643558
2011-09-01,17272000,1393600,18665500,27975400,249800.0,0.179247990815155
2011-10-01,17258000,1407000,18665000,28000700,254900.0,0.18116560056858563
2011-11-01,17241400,1427700,18669100,28025400,235200.0,0.16474049169993696
2011-12-01,17258200,1402200,18660400,28049200,224100.0,0.15982028241335045
2012-01-01,17270100,1438700,18708800,28074200,226100.0,0.15715576562174186
2012-02-01,17245000,1420500,18665500,28098900,240000.0,0.1689545934530095
2012-03-01,17338600,1376900,18715500,28124000,249800.0,0.1814220350061733
2012-04-01,17416200,1398400,18814600,28157400,258400.0,0.18478260869565216
2012-05-01,17412200,1422700,18834900,28185100,262200.0,0.1842974625711675
2012-06-01,17414700,1384300,18799000,28215500,268400.0,0.19388860796070215
2012-07-01,17439800,1379100,18818900,28252500,269200.0,0.1951997679646146
2012-08-01,17486000,1398100,18884100,28277500,274600.0,0.19640941277447965
2012-09-01,17534500,1394500,18929000,28301600,275200.0,0.197346719254213
2012-10-01,17543200,1399600,18942800,28327000,272500.0,0.19469848528150902
2012-11-01,17563800,1403200,18967000,28351500,246800.0,0.1758836944127708
2012-12-01,17609500,1380100,18989600,28373900,224400.0,0.16259691326715456
2013-01-01,17600700,1355000,18955700,28398700,203300.0,0.1500369003690037
2013-02-01,17676100,1343500,19019700,28415900,216000.0,0.16077409750651284
2013-03-01,17610400,1381200,18991600,28440300,224800.0,0.16275702287865623
2013-04-01,17641300,1369900,19011200,28473400,237300.0,0.17322432294328052
2013-05-01,17692500,1343500,19036000,28501200,228100.0,0.16978042426497952
2013-06-01,17682100,1362900,19044900,28530400,221600.0,0.16259446767921346
2013-07-01,17650100,1394300,19044400,28564600,215100.0,0.1542709603385211
2013-08-01,17677900,1382300,19060200,28588400,222700.0,0.16110829776459523
2013-09-01,17659600,1358600,19018200,28617000,233300.0,0.1717208891505962
2013-10-01,17664400,1383600,19048000,28639600,237200.0,0.1714368314541775
2013-11-01,17691300,1358400,19049800,28660500,221000.0,0.1626914016489988
2013-12-01,17668900,1407800,19076700,28679900,203500.0,0.14455178292371076
2014-01-01,17666400,1384600,19051000,28699100,193000.0,0.13939043767152967
2014-02-01,17662700,1384800,19047500,28716500,192900.0,0.13929809358752165
2014-03-01,17699400,1351800,19051200,28740800,208700.0,0.15438674360112442
2014-04-01,17691200,1359000,19050300,28771700,228200.0,0.16791758646063282
2014-05-01,17687700,1392100,19079800,28798200,239900.0,0.17232957402485455
2014-06-01,17720500,1378100,19098600,28832000,235100.0,0.1705971990421595
2014-07-01,17771900,1358700,19130600,28857300,224500.0,0.16523147125929197
2014-08-01,17723700,1336100,19059800,28877300,235900.0,0.17655864082029787
2014-09-01,17756000,1341400,19097300,28898800,244600.0,0.18234680184881466
2014-10-01,17782200,1301400,19083500,28913900,250100.0,0.1921776548332565
2014-11-01,17784500,1300200,19084700,28929600,242700.0,0.18666359021688972
2014-12-01,17821700,1272500,19094200,28944100,231500.0,0.18192534381139489
2015-01-01,17813100,1293200,19106300,28954200,225400.0,0.1742963192081658
2015-02-01,17827200,1320800,19148100,28965900,221200.0,0.16747425802543914
2015-03-01,17854100,1329800,19183900,28981900,230500.0,0.17333433599037448
2015-04-01,17819400,1337200,19156600,29000400,482925.0,0.3611464253664373
2015-05-01,17843700,1324700,19168400,29020200,444495.0,0.3355438967313354
2015-06-01,17836700,1326600,19163300,29048800,410685.0,0.3095771144278607
2015-07-01,17863300,1336000,19199200,29074300,374735.0,0.28049026946107786
2015-08-01,17889000,1358300,19247300,29099500,377900.0,0.2782154163292351
2015-09-01,17890200,1368400,19258600,29129500,459785.0,0.3360019000292312
2015-10-01,17899100,1351500,19250600,29152400,382545.0,0.2830521642619312
2015-11-01,17872600,1374200,19246800,29173100,373980.0,0.27214379275214673
2015-12-01,17867400,1397400,19264800,29193600,303040.0,0.21685988263918707
2016-01-01,17871600,1396100,19267700,29218700,307740.0,0.22042833607907744
2016-02-01,17889000,1408100,19297100,29249300,294535.0,0.20917193381151908
2016-03-01,17892800,1397200,19290000,29274300,363255.0,0.2599878328084741
2016-04-01,17919700,1413800,19333500,29298900,383555.0,0.2712936766162116
2016-05-01,17947400,1362100,19309500,29333500,400140.0,0.29376697746127306
2016-06-01,17954500,1345100,19299600,29366100,392755.0,0.29198944316407704
2016-07-01,17943200,1346800,19290000,29400700,371465.0,0.27581303831303833
2016-08-01,17994200,1334900,19329100,29436700,402370.0,0.30142332759008167
2016-09-01,18032500,1352700,19385300,29465700,419725.0,0.31028683373992755
2016-10-01,18051200,1341000,19392200,29492900,394395.0,0.29410514541387023
2016-11-01,18076000,1326500,19402500,29518300,380140.0,0.2865736901620807
2016-12-01,18104000,1349100,19453100,29542600,341000.0,0.25276109999258767
2017-01-01,18172500,1339100,19511500,29575400,346495.0,0.25875214696437904
2017-02-01,18216600,1295800,19512400,29601200,360685.0,0.27834928229665074
2017-03-01,18241500,1307700,19549100,29632800,438375.0,0.3352259692590044
2017-04-01,18271600,1273000,19544700,29664600,466590.0,0.36652788688138255
2017-05-01,18312900,1302800,19615700,29705000,466515.0,0.3580864292293522
2017-06-01,18371400,1275900,19647300,29739500,438060.0,0.3433341170938161
2017-07-01,18416900,1236700,19653700,29776200,434595.0,0.35141505619794616
2017-08-01,18436400,1225300,19661700,29821400,447225.0,0.36499224679670283
2017-09-01,18442500,1225500,19668000,29855700,518780.0,0.42332109343125257
2017-10-01,18475100,1246800,19721900,29889300,484955.0,0.3889597369265319
2017-11-01,18550500,1215700,19766200,29921700,493215.0,0.40570453236818294
2017-12-01,18619700,1198300,19818000,29953300,417505.0,0.348414420428941
2018-01-01,18576800,1168900,19745700,29996800,421415.0,0.36052271366241767
2018-02-01,18570300,1188300,19758500,30027700,439290.0,0.36967937389548094
2018-03-01,18630100,1155000,19785100,30065100,504255.0,0.4365844155844156
2018-04-01,18613000,1144100,19757100,30112800,544450.0,0.47587623459487804
2018-05-01,18621700,1160200,19781900,30152100,546210.0,0.4707895190484399
2018-06-01,18677600,1183600,19861200,30193100,538105.0,0.45463416694829334
2018-07-01,18763900,1172400,19936400,30241000,532090.0,0.4538468099624701
2018-08-01,18704700,1196200,19900900,30273200,523525.0,0.4376567463634844
2018-09-01,18797500,1150600,19948100,30305200,598025.0,0.519750564922649
2018-10-01,18814900,1118400,19933400,30337300,602505.0,0.5387204935622317
2018-11-01,18869400,1136500,20006000,30366400,549800.0,0.48376594808622964
2018-12-01,18892800,1129800,20022600,30393700,477705.0,0.4228226234731811
2019-01-01,18920500,1147800,20068300,30427800,487375.0,0.42461665795434744
2019-02-01,18965700,1165000,20130700,30450900,478310.0,0.4105665236051502
2019-03-01,18932900,1176200,20109100,30479800,540840.0,0.4598197585444652
2019-04-01,19053700,1154500,20208200,30519600,594825.0,0.5152230402771762
2019-05-01,19067300,1103100,20170400,30554400,587490.0,0.5325809083491977
2019-06-01,19078600,1121200,20199900,30593100,558715.0,0.49831876560827687
2019-07-01,19072400,1162000,20234500,30649400,544120.0,0.4682616179001721
2019-08-01,19133900,1166300,20300200,30694300,560090.0,0.48022807167967074
2019-09-01,19142800,1139400,20282200,30747600,587795.0,0.5158811655257153
2019-10-01,19130900,1143600,20274500,30791800,568835.0,0.49740731024833856
2019-11-01,19096800,1197000,20293700,30832400,510525.0,0.4265037593984962
2019-12-01,19186500,1139700,20326200,30868900,434340.0,0.38110028954988157
2020-01-01,19204700,1121500,20326200,30907300,518485.0,0.46231386535889435
2020-02-01,19202900,1182000,20384800,30945100,505665.0,0.42780456852791876
2020-03-01,18058200,1667000,19725200,30988300,522630.0,0.31351529694061187
2020-04-01,16085800,2545700,18631600,31014200,,
2020-05-01,16410700,2720500,19131200,31037600,,
2020-06-01,17469400,2508300,19977700,31070800,,
2020-07-01,17895500,2198400,20094000,31100200,,
2020-08-01,18129300,2034800,20164100,31126000,,
2020-09-01,18555900,1862300,20418300,31154400,,
2020-10-01,18616400,1835100,20451500,31172300,619265.0,0.3374557244836794
2020-11-01,18650000,1756700,20406800,31185800,556570.0,0.3168270051801674
2020-12-01,18591700,1812700,20404400,31193700,479335.0,0.26443151100568213
2021-01-01,18392100,1863400,20255600,31203900,495540.0,0.2659332403134056
2021-02-01,18632000,1729000,20361000,31221900,537390.0,0.31080971659919027
2021-03-01,18873000,1576900,20449900,31235600,632075.0,0.40083391464265333
2021-04-01,18673800,1677100,20350900,31248100,693955.0,0.413782720171725
2021-05-01,18623600,1681200,20304800,31260400,706345.0,0.4201433499881037
2021-06-01,18894400,1620000,20514400,31287500,797800.0,0.49246913580246915
2021-07-01,19016500,1524000,20540500,31318800,830450.0,0.5449146981627296
2021-08-01,19081700,1467100,20548800,31359500,919835.0,0.6269749846636221
2021-09-01,19251100,1454500,20705600,31393000,988655.0,0.6797215537985563
2021-10-01,19288100,1336200,20624400,31432600,964130.0,0.7215461757221973
2021-11-01,19437300,1262200,20699400,31475900,894550.0,0.7087228648391697
2021-12-01,19508800,1232400,20741200,31518900,878040.0,0.7124634858812074
2022-01-01,19305400,1325400,20630700,31559400,853450.0,0.6439188169609175
2022-02-01,19629000,1135600,20764700,31600500,833725.0,0.7341713631560408
2022-03-01,19647800,1114900,20762700,31642100,977565.0,0.8768185487487667
2022-04-01,19709700,1116500,20826200,31683500,1034280.0,0.926359158083296
2022-05-01,19763400,1084200,20847500,31733200,1037195.0,0.9566454528684745
2022-06-01,19750800,1027400,20778200,31781700,1020615.0,0.9933959509441308
2022-07-01,19787500,1007100,20794500,31834300,999995.0,0.9929450898619799
2022-08-01,19781200,1083900,20865100,31894000,974450.0,0.899022050004613
2022-09-01,19796100,1066600,20862700,31948300,987760.0,0.9260828801800113
2022-10-01,19882800,1072500,20955300,32005200,933845.0,0.8707179487179487
2022-11-01,19923800,1058700,20982500,32058700,854165.0,0.8068055161991121
2022-12-01,19998500,1051100,21049600,32111800,752325.0,0.7157501664922462
2023-01-01,20097500,1083700,21181200,32187900,788280.0,0.7273968810556427
2023-02-01,20143300,1096300,21239600,32270600,747720.0,0.6820395877040956
2023-03-01,20214700,1079200,21293900,32355300,790370.0,0.7323665678280208
2023-04-01,20242100,1080700,21322800,32432500,839950.0,0.7772277227722773
2023-05-01,20253900,1111300,21365200,32524600,812510.0,0.731134707099793
2023-06-01,20325100,1153200,21478300,32617000,779410.0,0.6758671522719389
2023-07-01,20356900,1172200,21529000,32710300,742230.0,0.6331939941989422
2023-08-01,20423700,1164700,21588400,32808300,741875.0,0.6369666008414184
2023-09-01,20473100,1181400,21654500,32896000,693950.0,0.5873963094633485
2023-10-01,20501800,1235900,21737700,32987700,711930.0,0.5760417509507242
2023-11-01,20522200,1253300,21775500,33077900,656565.0,0.5238689858772839
2023-12-01,20530600,1263300,21793800,33168300,534525.0,0.423118024222275
2024-01-01,20552100,1246400,21798500,33276500,600555.0,0.481831675224647
2024-02-01,20593800,1300900,21894800,33373500,588470.0,0.45235606118840804
2024-03-01,20620800,1350400,21971200,33469500,595090.0,0.440676836492891
2024-04-01,20674900,1360600,22035500,33578900,642810.0,0.4724459797148317
2024-05-01,20707200,1380700,22087900,33685500,616605.0,0.44658868689795034
2024-06-01,20708100,1423000,22131100,33788300,585620.0,0.4115390021082221
2024-07-01,20725100,1422200,22147400,33899800,563955.0,0.3965370552664885
2024-08-01,20760400,1460100,22220500,33995100,567725.0,0.38882610780083554
2024-09-01,20796000,1435900,22231800,34089800,565870.0,0.39408733198690715
2024-10-01,20804900,1467300,22272200,34163700,557710.0,0.38009268724868805
2024-11-01,20842000,1559700,22401700,34225200,525185.0,0.3367218054754119
2024-12-01,20934700,1502600,22437300,34285100,440185.0,0.2929488885931053
2025-01-01,20986900,1495300,22482200,34340800,473755.0,0.31682939878285293
2025-02-01,20985500,1483800,22469300,34388200,473590.0,0.3191737430920609
2025-03-01,20964300,1520600,22484800,34440000,513445.0,0.33765947652242534
2025-04-01,20966700,1553500,22520200,34493600,559835.0,0.3603701319600901
2025-05-01,20974400,1571000,22545400,34530600,543630.0,0.34604073838319543
2025-06-01,21040700,1548400,22589000,34577200,522945.0,0.33773249806251615
2025-07-01,21018300,1559900,22578200,34614800,506080.0,0.3244310532726457
2025-08-01,20956600,1590100,22546600,34644200,502555.0,0.316052449531476
2025-09-01,21009900,1596100,22606000,34671900,516050.0,0.32331934089342773
2025-10-01,21083600,1550700,22634300,34695400,484535.0,0.3124621138840524
2025-11-01,21135900,1483900,22619800,34713100,465750.0,0.3138688590875396
2025-12-01,21146000,1551700,22697700,34723000,422475.0,0.2722659019140298
