month,Employment,Unemployment,Labour force,Population,vacancies,theta
2015-04-01,17819400.0,1337200.0,19156600.0,29000400.0,440425.0,0.3293635955728388
2015-05-01,17843700.0,1324700.0,19168400.0,29020200.0,407040.0,0.3072695704687854
2015-06-01,17836700.0,1326600.0,19163300.0,29048800.0,398910.0,0.30070104025327904
2015-07-01,17863300.0,1336000.0,19199200.0,29074300.0,376570.0,0.2818637724550898
2015-08-01,17889000.0,1358300.0,19247300.0,29099500.0,369190.0,0.2718029890304057
2015-09-01,17890200.0,1368400.0,19258600.0,29129500.0,406330.0,0.29693802981584333
2015-10-01,17899100.0,1351500.0,19250600.0,29152400.0,362955.0,0.2685571587125416
2015-11-01,17872600.0,1374200.0,19246800.0,29173100.0,369510.0,0.2688909911221074
2015-12-01,17867400.0,1397400.0,19264800.0,29193600.0,363455.0,0.26009374552740805
2016-01-01,17871600.0,1396100.0,19267700.0,29218700.0,366230.0,0.2623236157868348
2016-02-01,17889000.0,1408100.0,19297100.0,29249300.0,351520.0,0.249641360698814
2016-03-01,17892800.0,1397200.0,19290000.0,29274300.0,363180.0,0.2599341540223304
2016-04-01,17919700.0,1413800.0,19333500.0,29298900.0,340915.0,0.24113382373744519
2016-05-01,17947400.0,1362100.0,19309500.0,29333500.0,362565.0,0.2661808971441157
2016-06-01,17954500.0,1345100.0,19299600.0,29366100.0,379755.0,0.282324734220504
2016-07-01,17943200.0,1346800.0,19290000.0,29400700.0,372520.0,0.2765963765963766
2016-08-01,17994200.0,1334900.0,19329100.0,29436700.0,392960.0,0.2943741104202562
2016-09-01,18032500.0,1352700.0,19385300.0,29465700.0,365650.0,0.27031122939306573
2016-10-01,18051200.0,1341000.0,19392200.0,29492900.0,372475.0,0.2777591349739001
2016-11-01,18076000.0,1326500.0,19402500.0,29518300.0,378000.0,0.2849604221635884
2016-12-01,18104000.0,1349100.0,19453100.0,29542600.0,405300.0,0.30042250389148323
2017-01-01,18172500.0,1339100.0,19511500.0,29575400.0,403585.0,0.3013852587558808
2017-02-01,18216600.0,1295800.0,19512400.0,29601200.0,417475.0,0.32217549004476
2017-03-01,18241500.0,1307700.0,19549100.0,29632800.0,440615.0,0.33693890035940965
2017-04-01,18271600.0,1273000.0,19544700.0,29664600.0,424100.0,0.33315003927729775
2017-05-01,18312900.0,1302800.0,19615700.0,29705000.0,428365.0,0.3288033466380104
2017-06-01,18371400.0,1275900.0,19647300.0,29739500.0,424240.0,0.3325025472215691
2017-07-01,18416900.0,1236700.0,19653700.0,29776200.0,432815.0,0.34997574189374947
2017-08-01,18436400.0,1225300.0,19661700.0,29821400.0,435465.0,0.35539459724149186
2017-09-01,18442500.0,1225500.0,19668000.0,29855700.0,463465.0,0.3781844145246838
2017-10-01,18475100.0,1246800.0,19721900.0,29889300.0,459760.0,0.3687520051331408
2017-11-01,18550500.0,1215700.0,19766200.0,29921700.0,494655.0,0.406889035123797
2017-12-01,18619700.0,1198300.0,19818000.0,29953300.0,488460.0,0.4076274722523575
2018-01-01,18576800.0,1168900.0,19745700.0,29996800.0,478875.0,0.40968004106424843
2018-02-01,18570300.0,1188300.0,19758500.0,30027700.0,498380.0,0.41940587393755785
2018-03-01,18630100.0,1155000.0,19785100.0,30065100.0,508080.0,0.4398961038961039
2018-04-01,18613000.0,1144100.0,19757100.0,30112800.0,500015.0,0.43703784634210296
2018-05-01,18621700.0,1160200.0,19781900.0,30152100.0,507270.0,0.43722634028615753
2018-06-01,18677600.0,1183600.0,19861200.0,30193100.0,521290.0,0.4404275092936803
2018-07-01,18763900.0,1172400.0,19936400.0,30241000.0,527410.0,0.4498549982940976
2018-08-01,18704700.0,1196200.0,19900900.0,30273200.0,508695.0,0.4252591539876275
2018-09-01,18797500.0,1150600.0,19948100.0,30305200.0,540645.0,0.46988093168781503
2018-10-01,18814900.0,1118400.0,19933400.0,30337300.0,573930.0,0.5131706008583691
2018-11-01,18869400.0,1136500.0,20006000.0,30366400.0,556200.0,0.4893972723273207
2018-12-01,18892800.0,1129800.0,20022600.0,30393700.0,556580.0,0.49263586475482385
2019-01-01,18920500.0,1147800.0,20068300.0,30427800.0,545025.0,0.4748431782540512
2019-02-01,18965700.0,1165000.0,20130700.0,30450900.0,541525.0,0.4648283261802575
2019-03-01,18932900.0,1176200.0,20109100.0,30479800.0,546310.0,0.46447032817548034
2019-04-01,19053700.0,1154500.0,20208200.0,30519600.0,547635.0,0.4743482026851451
2019-05-01,19067300.0,1103100.0,20170400.0,30554400.0,547305.0,0.49615175414740276
2019-06-01,19078600.0,1121200.0,20199900.0,30593100.0,537835.0,0.47969586157688193
2019-07-01,19072400.0,1162000.0,20234500.0,30649400.0,535010.0,0.46042168674698797
2019-08-01,19133900.0,1166300.0,20300200.0,30694300.0,543600.0,0.4660893423647432
2019-09-01,19142800.0,1139400.0,20282200.0,30747600.0,530585.0,0.46567052834825345
2019-10-01,19130900.0,1143600.0,20274500.0,30791800.0,537200.0,0.4697446659671214
2019-11-01,19096800.0,1197000.0,20293700.0,30832400.0,523550.0,0.43738512949039265
2019-12-01,19186500.0,1139700.0,20326200.0,30868900.0,517665.0,0.4542116346406949
2020-01-01,19204700.0,1121500.0,20326200.0,30907300.0,578160.0,0.5155238519839501
2020-02-01,19202900.0,1182000.0,20384800.0,30945100.0,575160.0,0.4865989847715736
2020-03-01,18058200.0,1667000.0,19725200.0,30988300.0,526180.0,0.31564487102579486
2020-10-01,18616400.0,1835100.0,20451500.0,31172300.0,587295.0,0.3200343305541932
2020-11-01,18650000.0,1756700.0,20406800.0,31185800.0,573705.0,0.32658108954289294
2020-12-01,18591700.0,1812700.0,20404400.0,31193700.0,569290.0,0.3140563799856568
2021-01-01,18392100.0,1863400.0,20255600.0,31203900.0,554465.0,0.2975555436299238
2021-02-01,18632000.0,1729000.0,20361000.0,31221900.0,610950.0,0.3533545401966455
2021-03-01,18873000.0,1576900.0,20449900.0,31235600.0,636750.0,0.40379859217451963
2021-04-01,18673800.0,1677100.0,20350900.0,31248100.0,640835.0,0.38210899767455725
2021-05-01,18623600.0,1681200.0,20304800.0,31260400.0,659040.0,0.392005710206995
2021-06-01,18894400.0,1620000.0,20514400.0,31287500.0,767715.0,0.4738981481481481
2021-07-01,19016500.0,1524000.0,20540500.0,31318800.0,815410.0,0.5350459317585302
2021-08-01,19081700.0,1467100.0,20548800.0,31359500.0,893050.0,0.6087178788085339
2021-09-01,19251100.0,1454500.0,20705600.0,31393000.0,939920.0,0.6462151942248195
2021-10-01,19288100.0,1336200.0,20624400.0,31432600.0,930985.0,0.696740757371651
2021-11-01,19437300.0,1262200.0,20699400.0,31475900.0,912670.0,0.723078751386468
2021-12-01,19508800.0,1232400.0,20741200.0,31518900.0,976980.0,0.7927458617332035
2022-01-01,19305400.0,1325400.0,20630700.0,31559400.0,911870.0,0.6879960766561038
2022-02-01,19629000.0,1135600.0,20764700.0,31600500.0,906625.0,0.7983665022895385
2022-03-01,19647800.0,1114900.0,20762700.0,31642100.0,984390.0,0.8829401740066374
2022-04-01,19709700.0,1116500.0,20826200.0,31683500.0,979550.0,0.8773399014778325
2022-05-01,19763400.0,1084200.0,20847500.0,31733200.0,987705.0,0.9109988931931378
2022-06-01,19750800.0,1027400.0000000001,20778200.0,31781700.0,988430.0,0.9620693011485302
2022-07-01,19787500.0,1007100.0,20794500.0,31834300.0,983640.0,0.9767053917187966
2022-08-01,19781200.0,1083900.0,20865100.0,31894000.0,945520.0,0.8723313958852292
2022-09-01,19796100.0,1066600.0,20862700.0,31948300.0,946285.0,0.8871976373523345
2022-10-01,19882800.0,1072500.0,20955300.0,32005200.0,902525.0,0.8415151515151515
2022-11-01,19923800.0,1058700.0,20982500.0,32058700.0,872385.0,0.8240153017852083
2022-12-01,19998500.0,1051100.0,21049600.0,32111800.0,850450.0,0.8091047474074778
2023-01-01,20113500.0,1079900.0,21193400.0,32187900.0,845515.0,0.7829567552551162
2023-02-01,20153300.0,1087200.0,21240600.0,32270600.0,817100.0,0.7515636497424577
2023-03-01,20214100.0,1070100.0,21284200.0,32355300.0,795090.0,0.7430053266049902
2023-04-01,20257800.0,1080000.0,21337700.0,32432500.0,787050.0,0.72875
2023-05-01,20246700.0,1111800.0,21358500.0,32524600.0,763200.0,0.6864543982730706
2023-06-01,20332900.0,1153400.0,21486300.0,32617000.0,745085.0,0.6459901161782556
2023-07-01,20352100.0,1175300.0,21527400.0,32710300.0,726165.0,0.6178550157406619
2023-08-01,20412100.0,1177300.0,21589500.0,32808300.000000004,713645.0,0.6061708995158414
2023-09-01,20465300.0,1191900.0,21657200.0,32896000.0,658355.0,0.5523575803339207
2023-10-01,20493900.0,1240600.0,21734600.0,32987699.999999996,683205.0,0.5507053038852169
2023-11-01,20518500.0,1245100.0,21763600.0,33077900.0,672685.0,0.540265842101036
2023-12-01,20532800.0,1264600.0,21797400.0,33168300.000000004,632215.0,0.49993278507037797
2024-01-01,20577100.0,1240100.0,21817200.0,33276500.0,656025.0,0.5290097572776389
2024-02-01,20607700.0,1287100.0,21894800.0,33373500.0,650790.0,0.5056250485587755
2024-03-01,20614500.0,1342300.0,21956900.0,33469500.0,598770.0,0.44607762795202266
2024-04-01,20700500.0,1359600.0,22060100.0,33578900.0,592725.0,0.43595542806707854
2024-05-01,20698300.0,1383700.0,22081900.0,33685500.0,567895.0,0.4104177206041772
2024-06-01,20715900.0,1424500.0,22140400.0,33788300.0,551125.0,0.3868901368901369
2024-07-01,20712900.0,1425300.0,22138200.0,33899800.0,549300.0,0.38539254893706587
2024-08-01,20742600.0,1478300.0,22220900.0,33995100.0,539530.0,0.3649665155922343
2024-09-01,20779300.0,1458300.0,22237600.0,34089800.0,535770.0,0.36739354042378114
2024-10-01,20782600.0,1476300.0,22259000.0,34163700.0,532230.0,0.36051615525299735
2024-11-01,20826400.0,1540600.0,22367000.0,34225200.0,539315.0,0.3500681552641828
2024-12-01,20917400.0,1505500.0,22422800.0,34285100.0,535090.0,0.3554234473596812
