month,Employment,Labour force,Population,Unemployment,vacancies
2015-04,17819.4,19156.6,29000.4,1337.2,440425.0
2015-05,17843.7,19168.4,29020.2,1324.7,407040.0
2015-06,17836.7,19163.3,29048.8,1326.6,398910.0
2015-07,17863.3,19199.2,29074.3,1336.0,376570.0
2015-08,17889.0,19247.3,29099.5,1358.3,369190.0
2015-09,17890.2,19258.6,29129.5,1368.4,406330.0
2015-10,17899.1,19250.6,29152.4,1351.5,362955.0
2015-11,17872.6,19246.8,29173.1,1374.2,369510.0
2015-12,17867.4,19264.8,29193.6,1397.4,363455.0
2016-01,17871.6,19267.7,29218.7,1396.1,366230.0
2016-02,17889.0,19297.1,29249.3,1408.1,351520.0
2016-03,17892.8,19290.0,29274.3,1397.2,363180.0
2016-04,17919.7,19333.5,29298.9,1413.8,340915.0
2016-05,17947.4,19309.5,29333.5,1362.1,362565.0
2016-06,17954.5,19299.6,29366.1,1345.1,379755.0
2016-07,17943.2,19290.0,29400.7,1346.8,372520.0
2016-08,17994.2,19329.1,29436.7,1334.9,392960.0
2016-09,18032.5,19385.3,29465.7,1352.7,365650.0
2016-10,18051.2,19392.2,29492.9,1341.0,372475.0
2016-11,18076.0,19402.5,29518.3,1326.5,378000.0
2016-12,18104.0,19453.1,29542.6,1349.1,405300.0
2017-01,18172.5,19511.5,29575.4,1339.1,403585.0
2017-02,18216.6,19512.4,29601.2,1295.8,417475.0
2017-03,18241.5,19549.1,29632.8,1307.7,440615.0
2017-04,18271.6,19544.7,29664.6,1273.0,424100.0
2017-05,18312.9,19615.7,29705.0,1302.8,428365.0
2017-06,18371.4,19647.3,29739.5,1275.9,424240.0
2017-07,18416.9,19653.7,29776.2,1236.7,432815.0
2017-08,18436.4,19661.7,29821.4,1225.3,435465.0
2017-09,18442.5,19668.0,29855.7,1225.5,463465.0
2017-10,18475.1,19721.9,29889.3,1246.8,459760.0
2017-11,18550.5,19766.2,29921.7,1215.7,494655.0
2017-12,18619.7,19818.0,29953.3,1198.3,488460.0
2018-01,18576.8,19745.7,29996.8,1168.9,478875.0
2018-02,18570.3,19758.5,30027.7,1188.3,498380.0
2018-03,18630.1,19785.1,30065.1,1155.0,508080.0
2018-04,18613.0,19757.1,30112.8,1144.1,500015.0
2018-05,18621.7,19781.9,30152.1,1160.2,507270.0
2018-06,18677.6,19861.2,30193.1,1183.6,521290.0
2018-07,18763.9,19936.4,30241.0,1172.4,527410.0
2018-08,18704.7,19900.9,30273.2,1196.2,508695.0
2018-09,18797.5,19948.1,30305.2,1150.6,540645.0
2018-10,18814.9,19933.4,30337.3,1118.4,573930.0
2018-11,18869.4,20006.0,30366.4,1136.5,556200.0
2018-12,18892.8,20022.6,30393.7,1129.8,556580.0
2019-01,18920.5,20068.3,30427.8,1147.8,545025.0
2019-02,18965.7,20130.7,30450.9,1165.0,541525.0
2019-03,18932.9,20109.1,30479.8,1176.2,546310.0
2019-04,19053.7,20208.2,30519.6,1154.5,547635.0
2019-05,19067.3,20170.4,30554.4,1103.1,547305.0
2019-06,19078.6,20199.9,30593.1,1121.2,537835.0
2019-07,19072.4,20234.5,30649.4,1162.0,535010.0
2019-08,19133.9,20300.2,30694.3,1166.3,543600.0
2019-09,19142.8,20282.2,30747.6,1139.4,530585.0
2019-10,19130.9,20274.5,30791.8,1143.6,537200.0
2019-11,19096.8,20293.7,30832.4,1197.0,523550.0
2019-12,19186.5,20326.2,30868.9,1139.7,517665.0
2020-01,19204.7,20326.2,30907.3,1121.5,578160.0
2020-02,19202.9,20384.8,30945.1,1182.0,575160.0
2020-03,18058.2,19725.2,30988.3,1667.0,526180.0
2020-04,16085.8,18631.6,31014.2,2545.7,
2020-05,16410.7,19131.2,31037.6,2720.5,
2020-06,17469.4,19977.7,31070.8,2508.3,
2020-07,17895.5,20094.0,31100.2,2198.4,
2020-08,18129.3,20164.1,31126.0,2034.8,
2020-09,18555.9,20418.3,31154.4,1862.3,
2020-10,18616.4,20451.5,31172.3,1835.1,587295.0
2020-11,18650.0,20406.8,31185.8,1756.7,573705.0
2020-12,18591.7,20404.4,31193.7,1812.7,569290.0
2021-01,18392.1,20255.6,31203.9,1863.4,554465.0
2021-02,18632.0,20361.0,31221.9,1729.0,610950.0
2021-03,18873.0,20449.9,31235.6,1576.9,636750.0
2021-04,18673.8,20350.9,31248.1,1677.1,640835.0
2021-05,18623.6,20304.8,31260.4,1681.2,659040.0
2021-06,18894.4,20514.4,31287.5,1620.0,767715.0
2021-07,19016.5,20540.5,31318.8,1524.0,815410.0
2021-08,19081.7,20548.8,31359.5,1467.1,893050.0
2021-09,19251.1,20705.6,31393.0,1454.5,939920.0
2021-10,19288.1,20624.4,31432.6,1336.2,930985.0
2021-11,19437.3,20699.4,31475.9,1262.2,912670.0
2021-12,19508.8,20741.2,31518.9,1232.4,976980.0
2022-01,19305.4,20630.7,31559.4,1325.4,911870.0
2022-02,19629.0,20764.7,31600.5,1135.6,906625.0
2022-03,19647.8,20762.7,31642.1,1114.9,984390.0
2022-04,19709.7,20826.2,31683.5,1116.5,979550.0
2022-05,19763.4,20847.5,31733.2,1084.2,987705.0
2022-06,19750.8,20778.2,31781.7,1027.4,988430.0
2022-07,19787.5,20794.5,31834.3,1007.1,983640.0
2022-08,19781.2,20865.1,31894.0,1083.9,945520.0
2022-09,19796.1,20862.7,31948.3,1066.6,946285.0
2022-10,19882.8,20955.3,32005.2,1072.5,902525.0
2022-11,19923.8,20982.5,32058.7,1058.7,872385.0
2022-12,19998.5,21049.6,32111.8,1051.1,850450.0
2023-01,20113.5,21193.4,32187.9,1079.9,845515.0
2023-02,20153.3,21240.6,32270.6,1087.2,817100.0
2023-03,20214.1,21284.2,32355.3,1070.1,795090.0
2023-04,20257.8,21337.7,32432.5,1080.0,787050.0
2023-05,20246.7,21358.5,32524.6,1111.8,763200.0
2023-06,20332.9,21486.3,32617.0,1153.4,745085.0
2023-07,20352.1,21527.4,32710.3,1175.3,726165.0
2023-08,20412.1,21589.5,32808.3,1177.3,713645.0
2023-09,20465.3,21657.2,32896.0,1191.9,658355.0
2023-10,20493.9,21734.6,32987.7,1240.6,683205.0
2023-11,20518.5,21763.6,33077.9,1245.1,672685.0
2023-12,20532.8,21797.4,33168.3,1264.6,632215.0
2024-01,20577.1,21817.2,33276.5,1240.1,656025.0
2024-02,20607.7,21894.8,33373.5,1287.1,650790.0
2024-03,20614.5,21956.9,33469.5,1342.3,598770.0
2024-04,20700.5,22060.1,33578.9,1359.6,592725.0
2024-05,20698.3,22081.9,33685.5,1383.7,567895.0
2024-06,20715.9,22140.4,33788.3,1424.5,551125.0
2024-07,20712.9,22138.2,33899.8,1425.3,549300.0
2024-08,20742.6,22220.9,33995.1,1478.3,539530.0
2024-09,20779.3,22237.6,34089.8,1458.3,535770.0
2024-10,20782.6,22259.0,34163.7,1476.3,532230.0
2024-11,20826.4,22367.0,34225.2,1540.6,539315.0
2024-12,20917.4,22422.8,34285.1,1505.5,535090.0
