target,origin,feature,importance
vacancies,2023-04-01,horizon,0.10780541280633843
vacancies,2023-04-01,origin_month,0.00446633209315072
vacancies,2023-04-01,origin_quarter,0.0023331908616399106
vacancies,2023-04-01,forecast_month,0.06425353681310197
vacancies,2023-04-01,forecast_quarter,0.012445731017654879
vacancies,2023-04-01,forecast_year,0.0036919756004569625
vacancies,2023-04-01,origin_index,0.004368658519132995
vacancies,2023-04-01,ensemble_pred,0.02642493219474596
vacancies,2023-04-01,sarimax_pred,0.024067453924741727
vacancies,2023-04-01,tbats_prophet_pred,0.08184094584163766
vacancies,2023-04-01,var_pred,0.01972104347847297
vacancies,2023-04-01,bilstm_pred,0.06434746689950455
vacancies,2023-04-01,pred_mean,0.04006979939361883
vacancies,2023-04-01,pred_std,0.11580468222222201
vacancies,2023-04-01,pred_range,0.12674248697223714
vacancies,2023-04-01,sarimax_minus_var,0.01311672079288257
vacancies,2023-04-01,tbats_minus_bilstm,0.127187508975892
vacancies,2023-04-01,ensemble_minus_predmean,0.0033389119789789855
vacancies,2023-04-01,w_sarimax,0.002301022998363969
vacancies,2023-04-01,w_tbats_prophet,0.005130496804999792
vacancies,2023-04-01,w_var,0.004660618163285079
vacancies,2023-04-01,w_bilstm,0.0026630958003012453
vacancies,2023-04-01,weight_entropy_proxy,0.0018460780803095408
vacancies,2023-04-01,past_resid_mean_all,0.010533878743184557
vacancies,2023-04-01,past_resid_std_all,0.015056569048781134
vacancies,2023-04-01,past_resid_mean_h,0.06291756254176128
vacancies,2023-04-01,past_resid_std_h,0.003573854789614329
vacancies,2023-04-01,past_resid_mean_fmonth,0.049290032642988854
vacancies,2023-05-01,horizon,0.050761518563859145
vacancies,2023-05-01,origin_month,0.0052639300957152135
vacancies,2023-05-01,origin_quarter,0.005277358258705344
vacancies,2023-05-01,forecast_month,0.04550350737972178
vacancies,2023-05-01,forecast_quarter,0.01601169882906934
vacancies,2023-05-01,forecast_year,0.0028149809056111025
vacancies,2023-05-01,origin_index,0.008475765633612199
vacancies,2023-05-01,ensemble_pred,0.011892762157292314
vacancies,2023-05-01,sarimax_pred,0.010862064991461877
vacancies,2023-05-01,tbats_prophet_pred,0.0641050760639547
vacancies,2023-05-01,var_pred,0.008437257893788769
vacancies,2023-05-01,bilstm_pred,0.10310207644639605
vacancies,2023-05-01,pred_mean,0.020732486398002407
vacancies,2023-05-01,pred_std,0.1170795423233005
vacancies,2023-05-01,pred_range,0.12963569173154363
vacancies,2023-05-01,sarimax_minus_var,0.01186376240083891
vacancies,2023-05-01,tbats_minus_bilstm,0.13337195086400633
vacancies,2023-05-01,ensemble_minus_predmean,0.004811269423658685
vacancies,2023-05-01,w_sarimax,0.006408883662955088
vacancies,2023-05-01,w_tbats_prophet,0.022122659123340174
vacancies,2023-05-01,w_var,0.021015456753887704
vacancies,2023-05-01,w_bilstm,0.0061627047748556455
vacancies,2023-05-01,weight_entropy_proxy,0.006494139451125208
vacancies,2023-05-01,past_resid_mean_all,0.0251135964646735
vacancies,2023-05-01,past_resid_std_all,0.013265558938447705
vacancies,2023-05-01,past_resid_mean_h,0.06703966829987393
vacancies,2023-05-01,past_resid_std_h,0.015874143407694493
vacancies,2023-05-01,past_resid_mean_fmonth,0.06650048876260822
vacancies,2023-06-01,horizon,0.03251245187963059
vacancies,2023-06-01,origin_month,0.005667013572956339
vacancies,2023-06-01,origin_quarter,0.004403319739798791
vacancies,2023-06-01,forecast_month,0.038200689224758146
vacancies,2023-06-01,forecast_quarter,0.009211476359216667
vacancies,2023-06-01,forecast_year,0.002267341088713875
vacancies,2023-06-01,origin_index,0.014324183351515994
vacancies,2023-06-01,ensemble_pred,0.008032989693329043
vacancies,2023-06-01,sarimax_pred,0.012958040045154218
vacancies,2023-06-01,tbats_prophet_pred,0.06088577710548445
vacancies,2023-06-01,var_pred,0.008730245456633551
vacancies,2023-06-01,bilstm_pred,0.09966518967594158
vacancies,2023-06-01,pred_mean,0.012507836737413458
vacancies,2023-06-01,pred_std,0.12268233295308434
vacancies,2023-06-01,pred_range,0.12987298173080636
vacancies,2023-06-01,sarimax_minus_var,0.014566823862554423
vacancies,2023-06-01,tbats_minus_bilstm,0.12925404381392494
vacancies,2023-06-01,ensemble_minus_predmean,0.004418175767154067
vacancies,2023-06-01,w_sarimax,0.005559801238104429
vacancies,2023-06-01,w_tbats_prophet,0.025387014619831914
vacancies,2023-06-01,w_var,0.03956985899410678
vacancies,2023-06-01,w_bilstm,0.0072290357491060645
vacancies,2023-06-01,weight_entropy_proxy,0.0060643474118899435
vacancies,2023-06-01,past_resid_mean_all,0.03525363072570925
vacancies,2023-06-01,past_resid_std_all,0.013481563342405132
vacancies,2023-06-01,past_resid_mean_h,0.05735620966108215
vacancies,2023-06-01,past_resid_std_h,0.02498484438298172
vacancies,2023-06-01,past_resid_mean_fmonth,0.07495278181671171
vacancies,2023-07-01,horizon,0.025225142279124837
vacancies,2023-07-01,origin_month,0.005991699503482934
vacancies,2023-07-01,origin_quarter,0.004717187695003151
vacancies,2023-07-01,forecast_month,0.04026939050860137
vacancies,2023-07-01,forecast_quarter,0.00892463282880948
vacancies,2023-07-01,forecast_year,0.0024199737299783856
vacancies,2023-07-01,origin_index,0.014348326626050956
vacancies,2023-07-01,ensemble_pred,0.008614007919347532
vacancies,2023-07-01,sarimax_pred,0.01313449120315873
vacancies,2023-07-01,tbats_prophet_pred,0.06312990783032957
vacancies,2023-07-01,var_pred,0.006580099952294428
vacancies,2023-07-01,bilstm_pred,0.09977395523659016
vacancies,2023-07-01,pred_mean,0.013477349992157987
vacancies,2023-07-01,pred_std,0.12610215830564303
vacancies,2023-07-01,pred_range,0.13077068326161728
vacancies,2023-07-01,sarimax_minus_var,0.015017938362325105
vacancies,2023-07-01,tbats_minus_bilstm,0.1312599889451881
vacancies,2023-07-01,ensemble_minus_predmean,0.005373458555705888
vacancies,2023-07-01,w_sarimax,0.006642648392991724
vacancies,2023-07-01,w_tbats_prophet,0.03307991601516509
vacancies,2023-07-01,w_var,0.045994640225268286
vacancies,2023-07-01,w_bilstm,0.0063916203890983635
vacancies,2023-07-01,weight_entropy_proxy,0.006035071660785265
vacancies,2023-07-01,past_resid_mean_all,0.030158684013340906
vacancies,2023-07-01,past_resid_std_all,0.013975178638871441
vacancies,2023-07-01,past_resid_mean_h,0.05515163802733589
vacancies,2023-07-01,past_resid_std_h,0.019572126692940624
vacancies,2023-07-01,past_resid_mean_fmonth,0.06786808320879355
vacancies,2023-08-01,horizon,0.027532748528131232
vacancies,2023-08-01,origin_month,0.0066943061854397015
vacancies,2023-08-01,origin_quarter,0.004747834880606921
vacancies,2023-08-01,forecast_month,0.04648562230929919
vacancies,2023-08-01,forecast_quarter,0.011202032456428224
vacancies,2023-08-01,forecast_year,0.00456732157995586
vacancies,2023-08-01,origin_index,0.030641318519672653
vacancies,2023-08-01,ensemble_pred,0.013722138750725041
vacancies,2023-08-01,sarimax_pred,0.012954826302767588
vacancies,2023-08-01,tbats_prophet_pred,0.10127638782258208
vacancies,2023-08-01,var_pred,0.008709214007897434
vacancies,2023-08-01,bilstm_pred,0.04521971733072087
vacancies,2023-08-01,pred_mean,0.01795333884196066
vacancies,2023-08-01,pred_std,0.061730600246842085
vacancies,2023-08-01,pred_range,0.07555630673654018
vacancies,2023-08-01,sarimax_minus_var,0.017392158491775535
vacancies,2023-08-01,tbats_minus_bilstm,0.09538953152809528
vacancies,2023-08-01,ensemble_minus_predmean,0.006197614354689051
vacancies,2023-08-01,w_sarimax,0.010542937458522514
vacancies,2023-08-01,w_tbats_prophet,0.051637309739499655
vacancies,2023-08-01,w_var,0.07764897922069061
vacancies,2023-08-01,w_bilstm,0.01290237348553241
vacancies,2023-08-01,weight_entropy_proxy,0.014662634808646826
vacancies,2023-08-01,past_resid_mean_all,0.054320899979130435
vacancies,2023-08-01,past_resid_std_all,0.012511788527535893
vacancies,2023-08-01,past_resid_mean_h,0.08151573304669059
vacancies,2023-08-01,past_resid_std_h,0.022244541348938877
vacancies,2023-08-01,past_resid_mean_fmonth,0.07403978351068276
vacancies,2023-09-01,horizon,0.02972047598476694
vacancies,2023-09-01,origin_month,0.006743297315984865
vacancies,2023-09-01,origin_quarter,0.005919927177469018
vacancies,2023-09-01,forecast_month,0.05118854609653798
vacancies,2023-09-01,forecast_quarter,0.015650706520880717
vacancies,2023-09-01,forecast_year,0.004855642544134915
vacancies,2023-09-01,origin_index,0.03812459684003248
vacancies,2023-09-01,ensemble_pred,0.013558333622418978
vacancies,2023-09-01,sarimax_pred,0.011985771455495236
vacancies,2023-09-01,tbats_prophet_pred,0.08116268103381692
vacancies,2023-09-01,var_pred,0.007667681286672843
vacancies,2023-09-01,bilstm_pred,0.03525340684241276
vacancies,2023-09-01,pred_mean,0.02700161066364607
vacancies,2023-09-01,pred_std,0.04493252704536249
vacancies,2023-09-01,pred_range,0.0738472628706884
vacancies,2023-09-01,sarimax_minus_var,0.018228981429754893
vacancies,2023-09-01,tbats_minus_bilstm,0.07608446054616334
vacancies,2023-09-01,ensemble_minus_predmean,0.008055988705705576
vacancies,2023-09-01,w_sarimax,0.011923405881184231
vacancies,2023-09-01,w_tbats_prophet,0.06161955815614756
vacancies,2023-09-01,w_var,0.08084317504961461
vacancies,2023-09-01,w_bilstm,0.013663791435895207
vacancies,2023-09-01,weight_entropy_proxy,0.01792509501360821
vacancies,2023-09-01,past_resid_mean_all,0.06600661888035621
vacancies,2023-09-01,past_resid_std_all,0.014067848535803874
vacancies,2023-09-01,past_resid_mean_h,0.08712896390793187
vacancies,2023-09-01,past_resid_std_h,0.022836614265176303
vacancies,2023-09-01,past_resid_mean_fmonth,0.07400303089233735
vacancies,2023-10-01,horizon,0.0353545917495429
vacancies,2023-10-01,origin_month,0.00806341148870706
vacancies,2023-10-01,origin_quarter,0.00580453838401466
vacancies,2023-10-01,forecast_month,0.0576575902561881
vacancies,2023-10-01,forecast_quarter,0.014031060401878036
vacancies,2023-10-01,forecast_year,0.003599379020384724
vacancies,2023-10-01,origin_index,0.04046325930638872
vacancies,2023-10-01,ensemble_pred,0.014527483643799
vacancies,2023-10-01,sarimax_pred,0.012024943546480607
vacancies,2023-10-01,tbats_prophet_pred,0.07872352599361915
vacancies,2023-10-01,var_pred,0.010855060734054393
vacancies,2023-10-01,bilstm_pred,0.03207500914641967
vacancies,2023-10-01,pred_mean,0.024265810380711607
vacancies,2023-10-01,pred_std,0.041775484711363824
vacancies,2023-10-01,pred_range,0.06378005214943068
vacancies,2023-10-01,sarimax_minus_var,0.014221171722358688
vacancies,2023-10-01,tbats_minus_bilstm,0.0734713958824972
vacancies,2023-10-01,ensemble_minus_predmean,0.007312846430314323
vacancies,2023-10-01,w_sarimax,0.012838809477384567
vacancies,2023-10-01,w_tbats_prophet,0.058396260887096256
vacancies,2023-10-01,w_var,0.08153066703160683
vacancies,2023-10-01,w_bilstm,0.016206384090434324
vacancies,2023-10-01,weight_entropy_proxy,0.01961920827904426
vacancies,2023-10-01,past_resid_mean_all,0.06296003553378518
vacancies,2023-10-01,past_resid_std_all,0.014292656118199359
vacancies,2023-10-01,past_resid_mean_h,0.08984665118307351
vacancies,2023-10-01,past_resid_std_h,0.023803605901477932
vacancies,2023-10-01,past_resid_mean_fmonth,0.08249910654974439
vacancies,2023-11-01,horizon,0.031354293923947056
vacancies,2023-11-01,origin_month,0.008692816985548581
vacancies,2023-11-01,origin_quarter,0.0030380896076917297
vacancies,2023-11-01,forecast_month,0.061269477296094756
vacancies,2023-11-01,forecast_quarter,0.010816565086755239
vacancies,2023-11-01,forecast_year,0.0035493779107842326
vacancies,2023-11-01,origin_index,0.04191380033587255
vacancies,2023-11-01,ensemble_pred,0.015341808467537998
vacancies,2023-11-01,sarimax_pred,0.014327338642440134
vacancies,2023-11-01,tbats_prophet_pred,0.05918023999121114
vacancies,2023-11-01,var_pred,0.011222485272286533
vacancies,2023-11-01,bilstm_pred,0.03450739656154231
vacancies,2023-11-01,pred_mean,0.027067955722047878
vacancies,2023-11-01,pred_std,0.044169746266745594
vacancies,2023-11-01,pred_range,0.05783757080035512
vacancies,2023-11-01,sarimax_minus_var,0.013967021466841582
vacancies,2023-11-01,tbats_minus_bilstm,0.06519984520818267
vacancies,2023-11-01,ensemble_minus_predmean,0.00981585278035339
vacancies,2023-11-01,w_sarimax,0.021004356715180247
vacancies,2023-11-01,w_tbats_prophet,0.06274071929285509
vacancies,2023-11-01,w_var,0.08083839297421144
vacancies,2023-11-01,w_bilstm,0.017726098191523883
vacancies,2023-11-01,weight_entropy_proxy,0.020065354495111928
vacancies,2023-11-01,past_resid_mean_all,0.06409983105867754
vacancies,2023-11-01,past_resid_std_all,0.01735931235551297
vacancies,2023-11-01,past_resid_mean_h,0.09868434931875804
vacancies,2023-11-01,past_resid_std_h,0.025587770635162817
vacancies,2023-11-01,past_resid_mean_fmonth,0.07862213263676762
vacancies,2023-12-01,horizon,0.0333822907589436
vacancies,2023-12-01,origin_month,0.009331388242508324
vacancies,2023-12-01,origin_quarter,0.0035187499096642743
vacancies,2023-12-01,forecast_month,0.06016812195765577
vacancies,2023-12-01,forecast_quarter,0.018245461866406427
vacancies,2023-12-01,forecast_year,0.005184686257234976
vacancies,2023-12-01,origin_index,0.04349072594482197
vacancies,2023-12-01,ensemble_pred,0.01649939350192382
vacancies,2023-12-01,sarimax_pred,0.014054370285543571
vacancies,2023-12-01,tbats_prophet_pred,0.055300096107186676
vacancies,2023-12-01,var_pred,0.012149262441470444
vacancies,2023-12-01,bilstm_pred,0.032383810619993056
vacancies,2023-12-01,pred_mean,0.02582702454569536
vacancies,2023-12-01,pred_std,0.04334988650728675
vacancies,2023-12-01,pred_range,0.05675969973062713
vacancies,2023-12-01,sarimax_minus_var,0.013669340350680681
vacancies,2023-12-01,tbats_minus_bilstm,0.05026408019499447
vacancies,2023-12-01,ensemble_minus_predmean,0.00938738191296707
vacancies,2023-12-01,w_sarimax,0.021378779031611624
vacancies,2023-12-01,w_tbats_prophet,0.06838741335228937
vacancies,2023-12-01,w_var,0.07745005617330908
vacancies,2023-12-01,w_bilstm,0.018356892521633954
vacancies,2023-12-01,weight_entropy_proxy,0.024761292030757637
vacancies,2023-12-01,past_resid_mean_all,0.07218794115373053
vacancies,2023-12-01,past_resid_std_all,0.02075126068933919
vacancies,2023-12-01,past_resid_mean_h,0.08466267578833075
vacancies,2023-12-01,past_resid_std_h,0.027916971254303816
vacancies,2023-12-01,past_resid_mean_fmonth,0.08118094686908967
vacancies,2024-01-01,horizon,0.03249238705305615
vacancies,2024-01-01,origin_month,0.05102148404683789
vacancies,2024-01-01,origin_quarter,0.00912946750427708
vacancies,2024-01-01,forecast_month,0.07348479018007092
vacancies,2024-01-01,forecast_quarter,0.011083577374117809
vacancies,2024-01-01,forecast_year,0.0024507583593559863
vacancies,2024-01-01,origin_index,0.05111184559396954
vacancies,2024-01-01,ensemble_pred,0.03175264021163984
vacancies,2024-01-01,sarimax_pred,0.027912295124806086
vacancies,2024-01-01,tbats_prophet_pred,0.050035087394401406
vacancies,2024-01-01,var_pred,0.025153340074248742
vacancies,2024-01-01,bilstm_pred,0.03083983195841558
vacancies,2024-01-01,pred_mean,0.030102106600351845
vacancies,2024-01-01,pred_std,0.03450693964027319
vacancies,2024-01-01,pred_range,0.05699242940347489
vacancies,2024-01-01,sarimax_minus_var,0.013940543427236034
vacancies,2024-01-01,tbats_minus_bilstm,0.047126518011576586
vacancies,2024-01-01,ensemble_minus_predmean,0.012596770980429422
vacancies,2024-01-01,w_sarimax,0.019200466236441237
vacancies,2024-01-01,w_tbats_prophet,0.047251045347794965
vacancies,2024-01-01,w_var,0.05139769407887245
vacancies,2024-01-01,w_bilstm,0.012224792659817438
vacancies,2024-01-01,weight_entropy_proxy,0.021297769110335617
vacancies,2024-01-01,past_resid_mean_all,0.05483337574244888
vacancies,2024-01-01,past_resid_std_all,0.032889521042319736
vacancies,2024-01-01,past_resid_mean_h,0.0629741942620849
vacancies,2024-01-01,past_resid_std_h,0.022088281504355014
vacancies,2024-01-01,past_resid_mean_fmonth,0.08411004707699073
vacancies,2024-02-01,horizon,0.03636604568359505
vacancies,2024-02-01,origin_month,0.04821979551546592
vacancies,2024-02-01,origin_quarter,0.010055935780816738
vacancies,2024-02-01,forecast_month,0.07850457487195993
vacancies,2024-02-01,forecast_quarter,0.01028504945300671
vacancies,2024-02-01,forecast_year,0.002638621126599778
vacancies,2024-02-01,origin_index,0.04486941933129456
vacancies,2024-02-01,ensemble_pred,0.026659236343901712
vacancies,2024-02-01,sarimax_pred,0.02346498605977072
vacancies,2024-02-01,tbats_prophet_pred,0.04718307193482292
vacancies,2024-02-01,var_pred,0.030611731675604572
vacancies,2024-02-01,bilstm_pred,0.03262684456576143
vacancies,2024-02-01,pred_mean,0.030387340296299876
vacancies,2024-02-01,pred_std,0.032778950414252196
vacancies,2024-02-01,pred_range,0.06269818230008255
vacancies,2024-02-01,sarimax_minus_var,0.01812919985851187
vacancies,2024-02-01,tbats_minus_bilstm,0.04850324015761658
vacancies,2024-02-01,ensemble_minus_predmean,0.012383496864949042
vacancies,2024-02-01,w_sarimax,0.02269448889734493
vacancies,2024-02-01,w_tbats_prophet,0.04748923462073613
vacancies,2024-02-01,w_var,0.048180444200606444
vacancies,2024-02-01,w_bilstm,0.014495494479829864
vacancies,2024-02-01,weight_entropy_proxy,0.02296853880117873
vacancies,2024-02-01,past_resid_mean_all,0.05284400802164644
vacancies,2024-02-01,past_resid_std_all,0.032320421193081025
vacancies,2024-02-01,past_resid_mean_h,0.058785795800602385
vacancies,2024-02-01,past_resid_std_h,0.019921700689185785
vacancies,2024-02-01,past_resid_mean_fmonth,0.08393415106147613
vacancies,2024-03-01,horizon,0.044349132830579875
vacancies,2024-03-01,origin_month,0.05586368177176414
vacancies,2024-03-01,origin_quarter,0.007284645786933759
vacancies,2024-03-01,forecast_month,0.08605785766999498
vacancies,2024-03-01,forecast_quarter,0.013310058681186284
vacancies,2024-03-01,forecast_year,0.0036229179638778072
vacancies,2024-03-01,origin_index,0.038330188003409336
vacancies,2024-03-01,ensemble_pred,0.02931135347805854
vacancies,2024-03-01,sarimax_pred,0.020845597456801323
vacancies,2024-03-01,tbats_prophet_pred,0.04903345862256625
vacancies,2024-03-01,var_pred,0.03545360441770868
vacancies,2024-03-01,bilstm_pred,0.0265222001819484
vacancies,2024-03-01,pred_mean,0.03050911110489404
vacancies,2024-03-01,pred_std,0.03049294778638371
vacancies,2024-03-01,pred_range,0.04183188964519573
vacancies,2024-03-01,sarimax_minus_var,0.015238795984394319
vacancies,2024-03-01,tbats_minus_bilstm,0.039005457735670115
vacancies,2024-03-01,ensemble_minus_predmean,0.011624449927188056
vacancies,2024-03-01,w_sarimax,0.026641693067408673
vacancies,2024-03-01,w_tbats_prophet,0.051248462092944036
vacancies,2024-03-01,w_var,0.050010291046122056
vacancies,2024-03-01,w_bilstm,0.013325285160132224
vacancies,2024-03-01,weight_entropy_proxy,0.0273183292533726
vacancies,2024-03-01,past_resid_mean_all,0.051024356011972215
vacancies,2024-03-01,past_resid_std_all,0.028783575737213202
vacancies,2024-03-01,past_resid_mean_h,0.06304513047341187
vacancies,2024-03-01,past_resid_std_h,0.02454750141493072
vacancies,2024-03-01,past_resid_mean_fmonth,0.0853680266939372
vacancies,2024-04-01,horizon,0.04564589809147481
vacancies,2024-04-01,origin_month,0.05167795116906857
vacancies,2024-04-01,origin_quarter,0.006880308632800581
vacancies,2024-04-01,forecast_month,0.08490812841677436
vacancies,2024-04-01,forecast_quarter,0.015978298533734257
vacancies,2024-04-01,forecast_year,0.002448910058068193
vacancies,2024-04-01,origin_index,0.0379880028734083
vacancies,2024-04-01,ensemble_pred,0.02544371127849975
vacancies,2024-04-01,sarimax_pred,0.02029791559275454
vacancies,2024-04-01,tbats_prophet_pred,0.05172469735184987
vacancies,2024-04-01,var_pred,0.0388006162997561
vacancies,2024-04-01,bilstm_pred,0.025126261331432476
vacancies,2024-04-01,pred_mean,0.027996365897963792
vacancies,2024-04-01,pred_std,0.03367828884218864
vacancies,2024-04-01,pred_range,0.042915397878502605
vacancies,2024-04-01,sarimax_minus_var,0.018343327378961015
vacancies,2024-04-01,tbats_minus_bilstm,0.038239989434385724
vacancies,2024-04-01,ensemble_minus_predmean,0.012923526213848086
vacancies,2024-04-01,w_sarimax,0.028324654156387
vacancies,2024-04-01,w_tbats_prophet,0.04936842543755318
vacancies,2024-04-01,w_var,0.04644159929628312
vacancies,2024-04-01,w_bilstm,0.014831851733107892
vacancies,2024-04-01,weight_entropy_proxy,0.028883928809835088
vacancies,2024-04-01,past_resid_mean_all,0.04700923764428646
vacancies,2024-04-01,past_resid_std_all,0.028912379789541597
vacancies,2024-04-01,past_resid_mean_h,0.06251681528245825
vacancies,2024-04-01,past_resid_std_h,0.021358441626510315
vacancies,2024-04-01,past_resid_mean_fmonth,0.09133507094856551
vacancies,2024-05-01,horizon,0.047203403044737746
vacancies,2024-05-01,origin_month,0.0555686515271089
vacancies,2024-05-01,origin_quarter,0.007220491595920412
vacancies,2024-05-01,forecast_month,0.08932935262947835
vacancies,2024-05-01,forecast_quarter,0.01586082907111804
vacancies,2024-05-01,forecast_year,0.0030155583354293703
vacancies,2024-05-01,origin_index,0.036905026684562796
vacancies,2024-05-01,ensemble_pred,0.02229472242914208
vacancies,2024-05-01,sarimax_pred,0.021721642494512763
vacancies,2024-05-01,tbats_prophet_pred,0.046970238170663245
vacancies,2024-05-01,var_pred,0.034361406408026984
vacancies,2024-05-01,bilstm_pred,0.02502204161980289
vacancies,2024-05-01,pred_mean,0.02791043261994056
vacancies,2024-05-01,pred_std,0.031197784744181306
vacancies,2024-05-01,pred_range,0.03728493387274272
vacancies,2024-05-01,sarimax_minus_var,0.017049882388099336
vacancies,2024-05-01,tbats_minus_bilstm,0.03688772994737195
vacancies,2024-05-01,ensemble_minus_predmean,0.012026345705925236
vacancies,2024-05-01,w_sarimax,0.03244769761253173
vacancies,2024-05-01,w_tbats_prophet,0.04816110658130434
vacancies,2024-05-01,w_var,0.04627859846703755
vacancies,2024-05-01,w_bilstm,0.016166120839930763
vacancies,2024-05-01,weight_entropy_proxy,0.031032136774483906
vacancies,2024-05-01,past_resid_mean_all,0.047044147770237375
vacancies,2024-05-01,past_resid_std_all,0.02628011470582897
vacancies,2024-05-01,past_resid_mean_h,0.06337423759379962
vacancies,2024-05-01,past_resid_std_h,0.02259700987675284
vacancies,2024-05-01,past_resid_mean_fmonth,0.09878835648932828
vacancies,2024-06-01,horizon,0.0484869616363014
vacancies,2024-06-01,origin_month,0.059278268264453385
vacancies,2024-06-01,origin_quarter,0.009528342500954405
vacancies,2024-06-01,forecast_month,0.09347393552740822
vacancies,2024-06-01,forecast_quarter,0.015470910191939935
vacancies,2024-06-01,forecast_year,0.00402487773470412
vacancies,2024-06-01,origin_index,0.03541337999860323
vacancies,2024-06-01,ensemble_pred,0.02492307810258376
vacancies,2024-06-01,sarimax_pred,0.020098700284761777
vacancies,2024-06-01,tbats_prophet_pred,0.0362728723441507
vacancies,2024-06-01,var_pred,0.032444162896915874
vacancies,2024-06-01,bilstm_pred,0.024780342838033348
vacancies,2024-06-01,pred_mean,0.029342147128594544
vacancies,2024-06-01,pred_std,0.032987751609412606
vacancies,2024-06-01,pred_range,0.033627700062603814
vacancies,2024-06-01,sarimax_minus_var,0.015136067142435417
vacancies,2024-06-01,tbats_minus_bilstm,0.02713350671490755
vacancies,2024-06-01,ensemble_minus_predmean,0.012173473803091053
vacancies,2024-06-01,w_sarimax,0.03214398271220379
vacancies,2024-06-01,w_tbats_prophet,0.04988689263407884
vacancies,2024-06-01,w_var,0.04857192546118113
vacancies,2024-06-01,w_bilstm,0.017665505567242046
vacancies,2024-06-01,weight_entropy_proxy,0.03106865862767067
vacancies,2024-06-01,past_resid_mean_all,0.04635031157537059
vacancies,2024-06-01,past_resid_std_all,0.02569243352207418
vacancies,2024-06-01,past_resid_mean_h,0.0713326605628445
vacancies,2024-06-01,past_resid_std_h,0.023613138249749074
vacancies,2024-06-01,past_resid_mean_fmonth,0.09907801230573
vacancies,2024-07-01,horizon,0.04774220993127191
vacancies,2024-07-01,origin_month,0.058649546437048665
vacancies,2024-07-01,origin_quarter,0.009848946538922368
vacancies,2024-07-01,forecast_month,0.09305866168592614
vacancies,2024-07-01,forecast_quarter,0.018313707260933527
vacancies,2024-07-01,forecast_year,0.002579095936895351
vacancies,2024-07-01,origin_index,0.033755950247333584
vacancies,2024-07-01,ensemble_pred,0.022051296070059928
vacancies,2024-07-01,sarimax_pred,0.019475199302928185
vacancies,2024-07-01,tbats_prophet_pred,0.02878918626286528
vacancies,2024-07-01,var_pred,0.034855499537102055
vacancies,2024-07-01,bilstm_pred,0.025678016387739845
vacancies,2024-07-01,pred_mean,0.02743134129691931
vacancies,2024-07-01,pred_std,0.03256758244776883
vacancies,2024-07-01,pred_range,0.03485907193021797
vacancies,2024-07-01,sarimax_minus_var,0.016072795859052913
vacancies,2024-07-01,tbats_minus_bilstm,0.026819378477025445
vacancies,2024-07-01,ensemble_minus_predmean,0.012093783584461594
vacancies,2024-07-01,w_sarimax,0.03325340943205057
vacancies,2024-07-01,w_tbats_prophet,0.05109674676894196
vacancies,2024-07-01,w_var,0.0521727949402719
vacancies,2024-07-01,w_bilstm,0.01613191907809214
vacancies,2024-07-01,weight_entropy_proxy,0.03220307545462227
vacancies,2024-07-01,past_resid_mean_all,0.04768543902713104
vacancies,2024-07-01,past_resid_std_all,0.027813836655671963
vacancies,2024-07-01,past_resid_mean_h,0.07064470590124335
vacancies,2024-07-01,past_resid_std_h,0.02401514969494486
vacancies,2024-07-01,past_resid_mean_fmonth,0.1003416538525571
vacancies,2024-08-01,horizon,0.051320956787408646
vacancies,2024-08-01,origin_month,0.0605382812520452
vacancies,2024-08-01,origin_quarter,0.008260035263413963
vacancies,2024-08-01,forecast_month,0.09657959619647896
vacancies,2024-08-01,forecast_quarter,0.018613159498324802
vacancies,2024-08-01,forecast_year,0.004533728993042083
vacancies,2024-08-01,origin_index,0.03365366780768632
vacancies,2024-08-01,ensemble_pred,0.02379406268244495
vacancies,2024-08-01,sarimax_pred,0.015206185026357453
vacancies,2024-08-01,tbats_prophet_pred,0.029094548081616364
vacancies,2024-08-01,var_pred,0.031066223005887055
vacancies,2024-08-01,bilstm_pred,0.02169189308767769
vacancies,2024-08-01,pred_mean,0.028654510901759946
vacancies,2024-08-01,pred_std,0.029622032615611367
vacancies,2024-08-01,pred_range,0.03192257586762808
vacancies,2024-08-01,sarimax_minus_var,0.017189697140132257
vacancies,2024-08-01,tbats_minus_bilstm,0.028132770409076035
vacancies,2024-08-01,ensemble_minus_predmean,0.010802293094330945
vacancies,2024-08-01,w_sarimax,0.03539185190018257
vacancies,2024-08-01,w_tbats_prophet,0.05027891449493077
vacancies,2024-08-01,w_var,0.05245110154666708
vacancies,2024-08-01,w_bilstm,0.017565363252711342
vacancies,2024-08-01,weight_entropy_proxy,0.02948516368763945
vacancies,2024-08-01,past_resid_mean_all,0.049975898551218145
vacancies,2024-08-01,past_resid_std_all,0.025225818244681293
vacancies,2024-08-01,past_resid_mean_h,0.07394374966679
vacancies,2024-08-01,past_resid_std_h,0.022879586709689426
vacancies,2024-08-01,past_resid_mean_fmonth,0.10212633423456793
vacancies,2024-09-01,horizon,0.0494683274958756
vacancies,2024-09-01,origin_month,0.06118060266400344
vacancies,2024-09-01,origin_quarter,0.008940593149561051
vacancies,2024-09-01,forecast_month,0.09603295799476712
vacancies,2024-09-01,forecast_quarter,0.022603417267695502
vacancies,2024-09-01,forecast_year,0.003792065304271211
vacancies,2024-09-01,origin_index,0.03528552305498303
vacancies,2024-09-01,ensemble_pred,0.02133558261456993
vacancies,2024-09-01,sarimax_pred,0.016828206854513205
vacancies,2024-09-01,tbats_prophet_pred,0.027234190852581112
vacancies,2024-09-01,var_pred,0.02808534040943143
vacancies,2024-09-01,bilstm_pred,0.026391131074692913
vacancies,2024-09-01,pred_mean,0.024476591262012473
vacancies,2024-09-01,pred_std,0.028452913042706675
vacancies,2024-09-01,pred_range,0.03214203371643662
vacancies,2024-09-01,sarimax_minus_var,0.017741871504274333
vacancies,2024-09-01,tbats_minus_bilstm,0.027750125970698612
vacancies,2024-09-01,ensemble_minus_predmean,0.013229252241671974
vacancies,2024-09-01,w_sarimax,0.033242181112675004
vacancies,2024-09-01,w_tbats_prophet,0.05087641472735029
vacancies,2024-09-01,w_var,0.04682462023703561
vacancies,2024-09-01,w_bilstm,0.016356214480617665
vacancies,2024-09-01,weight_entropy_proxy,0.03243432068611711
vacancies,2024-09-01,past_resid_mean_all,0.048637081886929966
vacancies,2024-09-01,past_resid_std_all,0.027148994765595166
vacancies,2024-09-01,past_resid_mean_h,0.07231401905299584
vacancies,2024-09-01,past_resid_std_h,0.023087845460069808
vacancies,2024-09-01,past_resid_mean_fmonth,0.10810758111586727
vacancies,2024-10-01,horizon,0.049589197477403785
vacancies,2024-10-01,origin_month,0.055505912300251106
vacancies,2024-10-01,origin_quarter,0.006652147732227776
vacancies,2024-10-01,forecast_month,0.09595959161253957
vacancies,2024-10-01,forecast_quarter,0.02289619900346914
vacancies,2024-10-01,forecast_year,0.004432972878968995
vacancies,2024-10-01,origin_index,0.036181540848726476
vacancies,2024-10-01,ensemble_pred,0.019397610344649364
vacancies,2024-10-01,sarimax_pred,0.015323779711427008
vacancies,2024-10-01,tbats_prophet_pred,0.02831499832456956
vacancies,2024-10-01,var_pred,0.026460958989909803
vacancies,2024-10-01,bilstm_pred,0.024586219404990423
vacancies,2024-10-01,pred_mean,0.026402368628389756
vacancies,2024-10-01,pred_std,0.03249521955521102
vacancies,2024-10-01,pred_range,0.031478485099581406
vacancies,2024-10-01,sarimax_minus_var,0.019169607884608628
vacancies,2024-10-01,tbats_minus_bilstm,0.027447488586276436
vacancies,2024-10-01,ensemble_minus_predmean,0.013232902602202112
vacancies,2024-10-01,w_sarimax,0.029644407706470963
vacancies,2024-10-01,w_tbats_prophet,0.04735244072709837
vacancies,2024-10-01,w_var,0.04762244726964134
vacancies,2024-10-01,w_bilstm,0.01703520256632569
vacancies,2024-10-01,weight_entropy_proxy,0.03527518384292976
vacancies,2024-10-01,past_resid_mean_all,0.04782070431346616
vacancies,2024-10-01,past_resid_std_all,0.029547585857664944
vacancies,2024-10-01,past_resid_mean_h,0.06994923624347817
vacancies,2024-10-01,past_resid_std_h,0.024133392210193953
vacancies,2024-10-01,past_resid_mean_fmonth,0.11609219827732825
vacancies,2024-11-01,horizon,0.04993678548492087
vacancies,2024-11-01,origin_month,0.05817315550542017
vacancies,2024-11-01,origin_quarter,0.005891393937414106
vacancies,2024-11-01,forecast_month,0.08984250575027486
vacancies,2024-11-01,forecast_quarter,0.027106939002599004
vacancies,2024-11-01,forecast_year,0.005423745855881544
vacancies,2024-11-01,origin_index,0.03585418473382635
vacancies,2024-11-01,ensemble_pred,0.02204266641127746
vacancies,2024-11-01,sarimax_pred,0.015854135505583428
vacancies,2024-11-01,tbats_prophet_pred,0.024686423776271872
vacancies,2024-11-01,var_pred,0.021780312415374658
vacancies,2024-11-01,bilstm_pred,0.02241158814908186
vacancies,2024-11-01,pred_mean,0.026894219990280133
vacancies,2024-11-01,pred_std,0.03257935569005937
vacancies,2024-11-01,pred_range,0.029727483768558927
vacancies,2024-11-01,sarimax_minus_var,0.021313708078428497
vacancies,2024-11-01,tbats_minus_bilstm,0.027235184964061257
vacancies,2024-11-01,ensemble_minus_predmean,0.012536681560247964
vacancies,2024-11-01,w_sarimax,0.029931359997416505
vacancies,2024-11-01,w_tbats_prophet,0.04769078173020123
vacancies,2024-11-01,w_var,0.05041213769601522
vacancies,2024-11-01,w_bilstm,0.01718787700505843
vacancies,2024-11-01,weight_entropy_proxy,0.03442916499709172
vacancies,2024-11-01,past_resid_mean_all,0.048598302975811455
vacancies,2024-11-01,past_resid_std_all,0.029974593471307976
vacancies,2024-11-01,past_resid_mean_h,0.06856613554880099
vacancies,2024-11-01,past_resid_std_h,0.023879935605090084
vacancies,2024-11-01,past_resid_mean_fmonth,0.12003924039364415
vacancies,2024-12-01,horizon,0.04904663208879299
vacancies,2024-12-01,origin_month,0.05802683940772338
vacancies,2024-12-01,origin_quarter,0.0065257828488302656
vacancies,2024-12-01,forecast_month,0.0931889555646283
vacancies,2024-12-01,forecast_quarter,0.024313421607149496
vacancies,2024-12-01,forecast_year,0.004128649368955994
vacancies,2024-12-01,origin_index,0.038280365236282705
vacancies,2024-12-01,ensemble_pred,0.018897081406299112
vacancies,2024-12-01,sarimax_pred,0.01597520442443976
vacancies,2024-12-01,tbats_prophet_pred,0.022765799951522923
vacancies,2024-12-01,var_pred,0.023120390914450124
vacancies,2024-12-01,bilstm_pred,0.023360884730688928
vacancies,2024-12-01,pred_mean,0.02529356746350458
vacancies,2024-12-01,pred_std,0.032240793885850993
vacancies,2024-12-01,pred_range,0.03159454146020433
vacancies,2024-12-01,sarimax_minus_var,0.02185662051707255
vacancies,2024-12-01,tbats_minus_bilstm,0.031027950923636662
vacancies,2024-12-01,ensemble_minus_predmean,0.013023658095933274
vacancies,2024-12-01,w_sarimax,0.03149679292634971
vacancies,2024-12-01,w_tbats_prophet,0.04936513897202858
vacancies,2024-12-01,w_var,0.04854248001834246
vacancies,2024-12-01,w_bilstm,0.01645317142941841
vacancies,2024-12-01,weight_entropy_proxy,0.03460616298875492
vacancies,2024-12-01,past_resid_mean_all,0.04483478989322463
vacancies,2024-12-01,past_resid_std_all,0.028836989557134103
vacancies,2024-12-01,past_resid_mean_h,0.06629780041334027
vacancies,2024-12-01,past_resid_std_h,0.022444216946026805
vacancies,2024-12-01,past_resid_mean_fmonth,0.12445531695941357
