origin,forecast_date,horizon,actual,sarimax_pred,tbats_prophet_pred,var_pred,bilstm_pred,w_sarimax,w_tbats_prophet,w_var,w_bilstm,ensemble_pred,residual,rf_residual_pred,final_hybrid_pred,rf_model_used
2022-12-01,2023-01-01,1,0.7273968810556427,0.7103331561374528,0.7757896378780615,0.6889447283713975,0.423973490251788,0.25,0.25,0.25,0.25,0.6497602531596749,0.07763662789596781,0.0,0.6497602531596749,fallback_zero
2022-12-01,2023-02-01,2,0.6820395877040956,0.6990139200253879,0.7781779741003455,0.6839648865516353,0.414516808573205,0.25,0.25,0.25,0.25,0.6439183973126434,0.03812119039145212,0.0,0.6439183973126434,fallback_zero
2022-12-01,2023-03-01,3,0.7323665678280208,0.7438482017726549,0.789992503484812,0.694396803546532,0.4055781501276119,0.25,0.25,0.25,0.25,0.6584539147329027,0.07391265309511807,0.0,0.6584539147329027,fallback_zero
2022-12-01,2023-04-01,4,0.7772277227722773,0.7504852227957982,0.8176555058310405,0.6729135000655283,0.3975443697351347,0.25,0.25,0.25,0.25,0.6596496496068754,0.11757807316540181,0.0,0.6596496496068754,fallback_zero
2022-12-01,2023-05-01,5,0.731134707099793,0.7371716623225801,0.8204252195013519,0.632816649817699,0.3902770830567841,0.25,0.25,0.25,0.25,0.6451726536746039,0.08596205342518914,0.0,0.6451726536746039,fallback_zero
2022-12-01,2023-06-01,6,0.6758671522719389,0.7233651704958355,0.8200906252426835,0.6135187981441056,0.3836425446532671,0.25,0.25,0.25,0.25,0.6351542846339728,0.04071286763796611,0.0,0.6351542846339728,fallback_zero
2022-12-01,2023-07-01,7,0.6331939941989422,0.7295747020152803,0.8237997980039623,0.5922524598419204,0.378346055319802,0.25,0.25,0.25,0.25,0.6309932537952413,0.002200740403700885,0.0,0.6309932537952413,fallback_zero
2022-12-01,2023-08-01,8,0.6369666008414184,0.7305404083546808,0.8291443950998215,0.6001543858478626,0.3739186133587242,0.25,0.25,0.25,0.25,0.6334394506652722,0.003527150176146243,0.0,0.6334394506652722,fallback_zero
2022-12-01,2023-09-01,9,0.5873963094633485,0.7479644474725262,0.8430541457526304,0.6036165556564279,0.3700401559289669,0.25,0.25,0.25,0.25,0.6411688262026378,-0.05377251673928929,0.0,0.6411688262026378,fallback_zero
2022-12-01,2023-10-01,10,0.5760417509507242,0.74922871488162,0.8422199903513674,0.5865275470003596,0.3678883486815684,0.25,0.25,0.25,0.25,0.6364661502287288,-0.06042439927800458,0.0,0.6364661502287288,fallback_zero
2022-12-01,2023-11-01,11,0.5238689858772839,0.7182527587041111,0.8333895569596594,0.5578725377449288,0.3657994581634116,0.25,0.25,0.25,0.25,0.6188285778930277,-0.09495959201574378,0.0,0.6188285778930277,fallback_zero
2022-12-01,2023-12-01,12,0.423118024222275,0.6834235609305611,0.8224251988918792,0.5316993153665475,0.3638583685680525,0.25,0.25,0.25,0.25,0.60035161093926,-0.17723358671698503,0.0,0.60035161093926,fallback_zero
2023-01-01,2023-02-01,1,0.6820395877040956,0.7057341711673912,0.7525393274626433,0.7099077095180037,0.4404300916783962,0.25,0.25,0.25,0.25,0.6521528249566085,0.029886762747487028,0.0,0.6521528249566085,fallback_zero
2023-01-01,2023-03-01,2,0.7323665678280208,0.7570854061120047,0.7639648734710734,0.7253216268999308,0.4354988936513371,0.25,0.25,0.25,0.25,0.6704677000335866,0.06189886779443421,0.0,0.6704677000335866,fallback_zero
2023-01-01,2023-04-01,3,0.7772277227722773,0.7653977040231074,0.790754078393018,0.7000798626268403,0.4307102114591898,0.25,0.25,0.25,0.25,0.6717354641255389,0.10549225864673839,0.0,0.6717354641255389,fallback_zero
2023-01-01,2023-05-01,4,0.731134707099793,0.7543681028274475,0.7934754960231024,0.6570625582239197,0.4261443334500592,0.25,0.25,0.25,0.25,0.6577626226311322,0.07337208446866084,0.0,0.6577626226311322,fallback_zero
2023-01-01,2023-06-01,5,0.6758671522719389,0.7420113634821266,0.7930694872394308,0.642750116139561,0.4218254983623973,0.25,0.25,0.25,0.25,0.6499141163058789,0.025953035966060023,0.0,0.6499141163058789,fallback_zero
2023-01-01,2023-07-01,6,0.6331939941989422,0.7496123267227941,0.79667588254804,0.6336567101821592,0.4177709441758601,0.25,0.25,0.25,0.25,0.6494289659072133,-0.01623497170827115,0.0,0.6494289659072133,fallback_zero
2023-01-01,2023-08-01,7,0.6369666008414184,0.7516093788109638,0.8017931192199995,0.6412718579143264,0.413298365663948,0.25,0.25,0.25,0.25,0.6519931804023095,-0.01502657956089104,0.0,0.6519931804023095,fallback_zero
2023-01-01,2023-09-01,8,0.5873963094633485,0.7701568465309413,0.8153207459293983,0.6482577244382567,0.408588074033691,0.25,0.25,0.25,0.25,0.6605808477330718,-0.07318453826972326,0.0,0.6605808477330718,fallback_zero
2023-01-01,2023-10-01,9,0.5760417509507242,0.7718756911038274,0.8146671103195259,0.6227794531562836,0.4042232817998485,0.25,0.25,0.25,0.25,0.6533863840948713,-0.07734463314414708,0.0,0.6533863840948713,fallback_zero
2023-01-01,2023-11-01,10,0.5238689858772839,0.7405748478296327,0.8060710633945432,0.6002069811694242,0.4001926452354428,0.25,0.25,0.25,0.25,0.6367613844072607,-0.11289239852997679,0.0,0.6367613844072607,fallback_zero
2023-01-01,2023-12-01,11,0.423118024222275,0.7051818737780708,0.7955164599560033,0.5843422172177014,0.3964648411382258,0.25,0.25,0.25,0.25,0.6203763480225003,-0.1972583238002253,0.0,0.6203763480225003,fallback_zero
2023-01-01,2024-01-01,12,0.481831675224647,0.7101106893344152,0.8110498185022251,0.5956940845941912,0.3932045403949994,0.25,0.25,0.25,0.25,0.6275147832064577,-0.14568310798181072,0.0,0.6275147832064577,fallback_zero
2023-02-01,2023-03-01,1,0.7323665678280208,0.7343935616246382,0.7545202878079973,0.7002684375618861,0.4665736759515269,0.25,0.25,0.25,0.25,0.6639389907365121,0.0684275770915087,0.0,0.6639389907365121,fallback_zero
2023-02-01,2023-04-01,2,0.7772277227722773,0.7390924564118736,0.7803519038739789,0.6728169980525834,0.4508048003206151,0.25,0.25,0.25,0.25,0.6607665396647628,0.11646118310751441,0.0,0.6607665396647628,fallback_zero
2023-02-01,2023-05-01,3,0.731134707099793,0.7277475485393219,0.7827038513250856,0.6299523404855979,0.4381676095007845,0.25,0.25,0.25,0.25,0.6446428374626975,0.08649186963709554,0.0,0.6446428374626975,fallback_zero
2023-02-01,2023-06-01,4,0.6758671522719389,0.7147588493531656,0.7824435973435893,0.6144348853868262,0.4281806646920535,0.25,0.25,0.25,0.25,0.6349544991939087,0.04091265307803027,0.0,0.6349544991939087,fallback_zero
2023-02-01,2023-07-01,5,0.6331939941989422,0.7213158389411661,0.7859802157435067,0.6027952786766222,0.4201251414834049,0.25,0.25,0.25,0.25,0.6325541187111751,0.0006398754877671164,0.0,0.6325541187111751,fallback_zero
2023-02-01,2023-08-01,6,0.6369666008414184,0.7225830175416491,0.7911910714547566,0.6057997928926094,0.4131992461743276,0.25,0.25,0.25,0.25,0.6331932820158357,0.003773318825582739,0.0,0.6331932820158357,fallback_zero
2023-02-01,2023-09-01,7,0.5873963094633485,0.7398476153869205,0.8043709528733897,0.6118502752503071,0.4068368075550364,0.25,0.25,0.25,0.25,0.6407264127664134,-0.05333010330306487,0.0,0.6407264127664134,fallback_zero
2023-02-01,2023-10-01,8,0.5760417509507242,0.7409885054992551,0.8037154922904386,0.5856899697830723,0.4004365603175843,0.25,0.25,0.25,0.25,0.6327076319725876,-0.05666588102186343,0.0,0.6327076319725876,fallback_zero
2023-02-01,2023-11-01,9,0.5238689858772839,0.7106057155488087,0.7956013301148036,0.5668033327606374,0.3936038263845904,0.25,0.25,0.25,0.25,0.61665355120221,-0.09278456532492607,0.0,0.61665355120221,fallback_zero
2023-02-01,2023-12-01,10,0.423118024222275,0.6763913350572591,0.7851073286792044,0.5509874357700978,0.3854443771073728,0.25,0.25,0.25,0.25,0.5994826191534834,-0.17636459493120843,0.0,0.5994826191534834,fallback_zero
2023-02-01,2024-01-01,11,0.481831675224647,0.6809518437767565,0.7998592654296032,0.5568622129643637,0.3764344434686197,0.25,0.25,0.25,0.25,0.6035269414098358,-0.12169526618518878,0.0,0.6035269414098358,fallback_zero
2023-02-01,2024-02-01,12,0.452356061188408,0.6745212302209108,0.7980489890577208,0.5635105399212553,0.3655833769457947,0.25,0.25,0.25,0.25,0.6004160340364204,-0.14805997284801242,0.0,0.6004160340364204,fallback_zero
2023-03-01,2023-04-01,1,0.7772277227722773,0.7415218285627716,0.7992879412992907,0.7110899277351518,0.4469306514340794,0.5251423583859031,0.1740074159913733,0.2681603490733337,0.0326898765493899,0.7337827822101436,0.04344494056213366,0.0,0.7337827822101436,fallback_zero
2023-03-01,2023-05-01,2,0.731134707099793,0.7282821814731744,0.8018320169807184,0.6688623998821932,0.4321528134065963,0.4909984025100791,0.2352628720121913,0.2275764837639349,0.0461622417137945,0.7183931865829642,0.012741520516828753,0.0,0.7183931865829642,fallback_zero
2023-03-01,2023-06-01,3,0.6758671522719389,0.7151157180189388,0.8012178613084786,0.6618089685687052,0.4183223577226269,0.7292742944776317,0.1563424028170082,0.0924342575206358,0.0219490451847243,0.717135433306579,-0.041268281034640086,0.0,0.717135433306579,fallback_zero
2023-03-01,2023-07-01,4,0.6331939941989422,0.7207679820644572,0.804717833804489,0.6574201765720498,0.4055850023990932,0.5342231022753768,0.2163168205171573,0.198023056260922,0.0514370209465438,0.7101713474976772,-0.07697735329873501,0.0,0.7101713474976772,fallback_zero
2023-03-01,2023-08-01,5,0.6369666008414184,0.7215083454792096,0.8098562907595043,0.660456573233021,0.3932502154698462,0.3606616523737552,0.1875031087448646,0.3681400494227995,0.0836951894585805,0.6881246310359717,-0.05115803019455323,0.0,0.6881246310359717,fallback_zero
2023-03-01,2023-09-01,6,0.5873963094633485,0.738026760640884,0.8236220803029722,0.6595463084529,0.3790782642315415,0.2433925528054678,0.138644555967547,0.531147160548587,0.086815730678398,0.6770470403984282,-0.08965073093507969,0.0,0.6770470403984282,fallback_zero
2023-03-01,2023-10-01,7,0.5760417509507242,0.7386147124221776,0.8230442169230687,0.6347643019560215,0.3644372850588048,0.1500983254797868,0.0964666914078251,0.6699324535027784,0.0835025296096097,0.6459418253900605,-0.06990007443933632,0.0,0.6459418253900605,fallback_zero
2023-03-01,2023-11-01,8,0.5238689858772839,0.7083024543852148,0.8145068096165833,0.6154643509095575,0.3482512594604955,0.1640376372592506,0.115170122002094,0.601881752733957,0.1189104880046982,0.621842599198767,-0.09797361332148313,0.0,0.621842599198767,fallback_zero
2023-03-01,2023-12-01,9,0.423118024222275,0.6742824682334194,0.8039972931626332,0.6014923109099695,0.3307209447752312,0.1325972622630532,0.0942053340469948,0.6369240532092184,0.1362733504807336,0.5933222147126226,-0.17020419049034757,0.0,0.5933222147126226,fallback_zero
2023-03-01,2024-01-01,10,0.481831675224647,0.6786889094738787,0.8200863126014486,0.5970756512488389,0.3115154644388598,0.1736997498477617,0.1229725011886085,0.4370496380471647,0.2662781109164651,0.5626376055083312,-0.08080593028368421,0.0,0.5626376055083312,fallback_zero
2023-03-01,2024-02-01,11,0.452356061188408,0.6721402410544672,0.8180810078350068,0.6008338545784091,0.2922964884505665,0.1684142079118669,0.1151841955131164,0.3685715898731505,0.3478300067018661,0.5305477476231841,-0.07819168643477614,0.0,0.5305477476231841,fallback_zero
2023-03-01,2024-03-01,12,0.440676836492891,0.7081800638186655,0.8422800983420358,0.6139928606586662,0.2765584956139297,0.1472957892231195,0.0973605338630602,0.3145439294817242,0.440799747432096,0.5013514235311833,-0.060674587038292316,0.0,0.5013514235311833,fallback_zero
2023-04-01,2023-05-01,1,0.731134707099793,0.7560586975099701,0.7946989951688933,0.7284596810877887,0.4029083052165223,0.4728181672643828,0.2397645163001929,0.2494270699385311,0.037990246496893,0.7450230575347846,-0.013888350434991592,0.013460891981020422,0.758483949515805,rolling_rf
2023-04-01,2023-06-01,2,0.6758671522719389,0.7483969355153333,0.794375711583337,0.7278736848180318,0.3958642549941986,0.5336069356408092,0.2099924902211221,0.2129177926286563,0.0434827815094123,0.7383532664411109,-0.062486114169171936,-0.005621731655161676,0.7327315347859492,rolling_rf
2023-04-01,2023-07-01,3,0.6331939941989422,0.7555893217284356,0.7978696753243892,0.7306068717029457,0.3889459701419016,0.5959751337579087,0.1720766722923942,0.1906081027805111,0.041340091169186,0.7429458572952423,-0.10975186309630014,-0.028380320693194166,0.7145655366020481,rolling_rf
2023-04-01,2023-08-01,4,0.6369666008414184,0.758498459835776,0.803145889533717,0.741224945888621,0.3819180848100065,0.4242776570745634,0.2014386781751929,0.3010532276776925,0.0732304370725509,0.7347147864748402,-0.0977481856334218,-0.02843993844890973,0.7062748480259305,rolling_rf
2023-04-01,2023-09-01,5,0.5873963094633485,0.7772942204995941,0.816482979877797,0.7457585287641587,0.3739831204817581,0.3306341078616012,0.1678926689055241,0.4154564559047595,0.0860167673281151,0.7360805021287076,-0.14868419266535904,-0.04239557915635275,0.6936849229723548,rolling_rf
2023-04-01,2023-10-01,6,0.5760417509507242,0.7789967384643683,0.8156781971118195,0.723022258227825,0.3655911026369434,0.2389266734475446,0.1434620990701779,0.5098450228941812,0.1077662045880963,0.711169671032747,-0.1351279200820228,-0.052557361017367396,0.6586123100153796,rolling_rf
2023-04-01,2023-11-01,7,0.5238689858772839,0.7476688880548681,0.807616394191239,0.7030050380519767,0.3569387192321109,0.1722833074531587,0.1116811709722616,0.6105550730616087,0.1054804485129709,0.6858797620803434,-0.16201077620305948,-0.06301720652214256,0.6228625555582008,rolling_rf
2023-04-01,2023-12-01,8,0.423118024222275,0.712173408452165,0.79713476348648,0.6917972100219566,0.3486666466741296,0.1909379097867206,0.129371774435998,0.5275571300911274,0.1521331856861539,0.6571139592576827,-0.23399593503540767,-0.07853175912190707,0.5785822001357757,rolling_rf
2023-04-01,2024-01-01,9,0.481831675224647,0.7174378506650461,0.8124569995595537,0.6837645661419968,0.3410856578894657,0.1973611323072804,0.1360269210128895,0.4181506774416265,0.2484612692382037,0.6227735626938318,-0.1409418874691848,-0.06269046427991663,0.5600830984139151,rolling_rf
2023-04-01,2024-02-01,10,0.452356061188408,0.710841813933844,0.8107937357405639,0.6834944708152833,0.3326723209196708,0.1871326311439314,0.1261234155697641,0.4207983990144511,0.2659455542718533,0.6113678780749202,-0.15901181688651223,-0.06375541476496903,0.5476124633099512,rolling_rf
2023-04-01,2024-03-01,11,0.440676836492891,0.7495377053749204,0.8342297254756093,0.7074702404363012,0.3243333003248668,0.1848443261574781,0.1222467458796479,0.3576937309625827,0.3352151970002912,0.6023087823439257,-0.1616319458510347,-0.050984079195788935,0.5513247031481368,rolling_rf
2023-04-01,2024-04-01,12,0.4724459797148317,0.7693265489117903,0.8479744065247452,0.7083302278321623,0.3157075634017658,0.170991394578337,0.1132801651406665,0.3237963824756171,0.3919320578053794,0.5806975806497082,-0.10825160093487651,-0.04762290456405359,0.5330746760856546,rolling_rf
2023-05-01,2023-06-01,1,0.6758671522719389,0.7215052640395205,0.7756281132569752,0.7290396588924172,0.4711571276239127,0.4648986524313124,0.2196683881247237,0.2785731792412624,0.0368597802027012,0.7262654461332315,-0.050398293861292576,0.025081297080995983,0.7513467432142275,rolling_rf
2023-05-01,2023-07-01,2,0.6331939941989422,0.7273470545791381,0.7789266962138242,0.732129324246254,0.4551710991736797,0.4344283113113417,0.2216019781411372,0.2864004289380092,0.0575692816095116,0.72447787505708,-0.09128388085813777,0.001390476972731384,0.7258683520298114,rolling_rf
2023-05-01,2023-08-01,3,0.6369666008414184,0.7299450085176741,0.7839944585890491,0.7420790764722309,0.4392466729278262,0.3897610449373731,0.2282640656526442,0.3056907335077249,0.0762841559022576,0.723816150718054,-0.08684954987663562,0.002316320869065431,0.7261324715871195,rolling_rf
2023-05-01,2023-09-01,4,0.5873963094633485,0.7478145660973137,0.796900715459375,0.7459966333874235,0.4229129355694186,0.3671803896846074,0.2144225233159084,0.3279460938210293,0.0904509931784548,0.7283558830058031,-0.14095957354245459,-0.04037149515100455,0.6879843878547985,rolling_rf
2023-05-01,2023-10-01,5,0.5760417509507242,0.7493384390293201,0.7960971618181547,0.723889505334759,0.4064776781555905,0.304269125459533,0.2005994022166556,0.3706797212604411,0.1244517510633702,0.7066151851592442,-0.13057343420851997,-0.07026976316052744,0.6363454219987167,rolling_rf
2023-05-01,2023-11-01,6,0.5238689858772839,0.7190629520928872,0.7883030410698808,0.7056955240548811,0.3896629943084089,0.2555881151202383,0.1755108797606036,0.4236825695351383,0.1452184355840197,0.6777168482138193,-0.15384786233653536,-0.11167106260117655,0.5660457856126427,rolling_rf
2023-05-01,2023-12-01,7,0.423118024222275,0.6848158813639924,0.778260140543767,0.694085918476267,0.3721869264299974,0.2359448649213656,0.1642640830909333,0.4240387312565665,0.1757523207311344,0.649151007336661,-0.22603298311438597,-0.13634065706394322,0.5128103502727177,rolling_rf
2023-05-01,2024-01-01,8,0.481831675224647,0.6897926451672057,0.7933419383740031,0.6864118820052596,0.354643963055497,0.2355244923830375,0.1685342276717283,0.347785899580998,0.248155380364236,0.6228995148782154,-0.1410678396535684,-0.13178217479178708,0.49111734008642827,rolling_rf
2023-05-01,2024-02-01,9,0.452356061188408,0.6834025758042079,0.7919547039232506,0.6851592042185705,0.3348149646933691,0.2122083848036644,0.1474791887233356,0.3570000542472952,0.2833123722257046,0.6012796890003125,-0.1489236278119045,-0.13208363412207538,0.4691960548782371,rolling_rf
2023-05-01,2024-03-01,10,0.440676836492891,0.7205937123163481,0.8144692097912671,0.7105414380787028,0.3144641899985751,0.2042726478092447,0.1400971756776887,0.3400852328070824,0.3155449437059842,0.6021746570964722,-0.1614978206035812,-0.12968471751267155,0.4724899395838007,rolling_rf
2023-05-01,2024-04-01,11,0.4724459797148317,0.7395759786036312,0.8277139274875055,0.7130590448485777,0.292958615871805,0.1912613579553896,0.1327411521219568,0.2954598264646804,0.3805376634579731,0.5734860951647682,-0.10104011544993652,-0.12141000040214056,0.45207609476262767,rolling_rf
2023-05-01,2024-05-01,12,0.4465886868979503,0.7298886280609047,0.8274011397804558,0.7044075536070916,0.2727272287678055,0.1821868482976714,0.125820963435506,0.2981835334887016,0.3938086547781207,0.5545255937426492,-0.10793690684469892,-0.12157445778701553,0.43295113595563367,rolling_rf
2023-06-01,2023-07-01,1,0.6331939941989422,0.6820610234009507,0.7488980511625755,0.6780350732999879,0.4422803500362449,0.4454219724730622,0.2075013580266373,0.3023609879086641,0.0447156815916362,0.6839905509361494,-0.05079655673720718,-0.06990770863457557,0.6140828423015738,rolling_rf
2023-06-01,2023-08-01,2,0.6369666008414184,0.6805553216732513,0.7534926255091695,0.6820688551990542,0.4361297880277058,0.3943049959475503,0.2252281239058381,0.3062789652815569,0.0741879148650545,0.6793129965802258,-0.042346395738807385,-0.07341636639372853,0.6058966301864973,rolling_rf
2023-06-01,2023-09-01,3,0.5873963094633485,0.696693443117374,0.7658022258159544,0.6775485150869244,0.428928072177387,0.3779887420708319,0.2269238386469804,0.3078494859674369,0.0872379333147506,0.6831228195444363,-0.09572651008108779,-0.08095752786923273,0.6021652916752036,rolling_rf
2023-06-01,2023-10-01,4,0.5760417509507242,0.6972441761103895,0.7649375812557297,0.6504077139030828,0.4211951324342138,0.3396386015815834,0.223338369486766,0.3217776201312088,0.1152454088004417,0.6654784006086927,-0.08943664965796849,-0.089854005174221,0.5756243954344716,rolling_rf
2023-06-01,2023-11-01,5,0.5238689858772839,0.6682716626704496,0.7570620305934468,0.6310200899256458,0.4130498371219781,0.2953677583294983,0.2058572583277204,0.3548631072435909,0.1439118760991904,0.6366011437869148,-0.11273215790963087,-0.10097086519659022,0.5356302785903245,rolling_rf
2023-06-01,2023-12-01,6,0.423118024222275,0.6357320610047911,0.7473264871548051,0.62007484039156,0.404848046422036,0.2665848048148641,0.1869325697538083,0.3706389663073044,0.175843659124023,0.6101900278344053,-0.18707200361213033,-0.11509999477885004,0.4950900330555553,rolling_rf
2023-06-01,2024-01-01,7,0.481831675224647,0.6397836955297105,0.7622165399496353,0.6109756629495322,0.3968071349285214,0.2535337022096701,0.1800148181608159,0.3319134210764568,0.2345380585530571,0.5952743983094037,-0.11344272308475667,-0.09706707339511347,0.4982073249142902,rolling_rf
2023-06-01,2024-02-01,8,0.452356061188408,0.6335887032351285,0.7607526420647506,0.6066355808058036,0.3876929525282948,0.2400547192912952,0.1694222559741589,0.3224392460386002,0.2680837786959456,0.5805216981409412,-0.12816563695253325,-0.10894206461484206,0.47157963352609916,rolling_rf
2023-06-01,2024-03-01,9,0.440676836492891,0.66804673158931,0.7825429341687562,0.6298833302155722,0.3783105177747499,0.2201718685216365,0.1523629865670675,0.3165615600489601,0.3109035848623357,0.5833306215498704,-0.14265378505697934,-0.1303382428361712,0.45299237871369913,rolling_rf
2023-06-01,2024-04-01,10,0.4724459797148317,0.6853398674563712,0.7946049677160274,0.638410863576024,0.3681711983590136,0.2097603506012187,0.1467408991529844,0.2972783897518707,0.346220360493926,0.5776122968560393,-0.10516631714120761,-0.12725787634814892,0.45035442050789043,rolling_rf
2023-06-01,2024-05-01,11,0.4465886868979503,0.6760681255230475,0.7940776217857984,0.6262080649340063,0.3572209243602602,0.2007622452278832,0.1413561961280087,0.2855587900018635,0.3723227686422445,0.5597974477397466,-0.11320876084179632,-0.1262786060515805,0.4335188416881661,rolling_rf
2023-06-01,2024-06-01,12,0.4115390021082221,0.6647367476855646,0.800845431382514,0.6221072004028801,0.3463150650927846,0.1927868044580304,0.1349836711427463,0.2834693755701887,0.3887601488290345,0.5472353656211625,-0.1356963635129404,-0.12491156731574125,0.4223237983054212,rolling_rf
2023-07-01,2023-08-01,1,0.6369666008414184,0.637823062920914,0.7441735513433709,0.6379519635615417,0.4430284530861363,0.4294889333268955,0.1932774679563086,0.3264302797565319,0.050803318960264,0.6485240804161277,-0.011557479574709317,-0.08074276660152202,0.5677813138146057,rolling_rf
2023-07-01,2023-09-01,2,0.5873963094633485,0.6459556524140004,0.756391434732536,0.6290135150796181,0.4370972593807254,0.397216376107443,0.2127259462265838,0.3143436436089326,0.0757140340570406,0.6483090440415511,-0.060912734578202565,-0.08314650236431995,0.5651625416772311,rolling_rf
2023-07-01,2023-10-01,3,0.5760417509507242,0.644734383846335,0.7553595458665564,0.5987266422686603,0.431366154151194,0.3605283474689347,0.217827503993265,0.3233308811141718,0.0983132674236284,0.6329789353199431,-0.05693718436921891,-0.09628438824723487,0.5366945470727083,rolling_rf
2023-07-01,2023-11-01,4,0.5238689858772839,0.6157319436550417,0.7467337574177039,0.5761882573293462,0.4257260139387628,0.3272737848842614,0.2140061488504683,0.335953909826414,0.1227661564388561,0.6071559835888896,-0.08328699771160564,-0.11644924459536181,0.49070673899352774,rolling_rf
2023-07-01,2023-12-01,5,0.423118024222275,0.5844396037912184,0.7369364260884484,0.5632872895082182,0.4204460252986964,0.290681776504667,0.1974890460625811,0.3564850510735007,0.1553441263592511,0.5815401327373271,-0.15842210851505206,-0.1442397372726414,0.4373003954646857,rolling_rf
2023-07-01,2024-01-01,6,0.481831675224647,0.5870191776613842,0.7523529667464567,0.5529070389882329,0.4155380610377171,0.2673722043363334,0.1840178179267301,0.3429589077485885,0.2056510699883479,0.5704792038216113,-0.08864752859696434,-0.11465838110533552,0.4558208227162758,rolling_rf
2023-07-01,2024-02-01,7,0.452356061188408,0.5803373567324297,0.7505171427965476,0.5474398761770127,0.4103794359687374,0.2529453594037123,0.1737774541651248,0.3283864907433694,0.2448906956877934,0.5574865650576546,-0.1051305038692466,-0.11417068765477982,0.44331587740287476,rolling_rf
2023-07-01,2024-03-01,8,0.440676836492891,0.6109153104540674,0.7729087804397402,0.5653560270485508,0.4053958174036597,0.2389110901899661,0.1641427175751764,0.3149152147191068,0.2820309775157505,0.5651951838073037,-0.12451834731441269,-0.11351899925176025,0.4516761845555435,rolling_rf
2023-07-01,2024-04-01,9,0.4724459797148317,0.6261183369126494,0.7835975303959825,0.5745843515026774,0.4007167094295918,0.2175171256538529,0.1495392386450075,0.3024637643632592,0.3304798713378803,0.5595897915388857,-0.08714381182405395,-0.11034620706038209,0.44924358447850354,rolling_rf
2023-07-01,2024-05-01,10,0.4465886868979503,0.6172018546121502,0.7825345511358608,0.5669367149410374,0.3962670685771919,0.2092214410311788,0.1452951666571197,0.2925907126197957,0.3528926796919057,0.5485505145900951,-0.10196182769214479,-0.1156015123466241,0.432949002243471,rolling_rf
2023-07-01,2024-06-01,11,0.4115390021082221,0.6065749172329973,0.7893721245853776,0.5581248815260091,0.3919322509646586,0.1995196157054143,0.1393053203425603,0.2796692005985239,0.3815058633535016,0.5366021222986027,-0.12506312019038063,-0.1190728601409778,0.4175292621576249,rolling_rf
2023-07-01,2024-07-01,12,0.3965370552664885,0.6032561118187534,0.7935036690056431,0.5609259709831801,0.3875817595502913,0.1908225176777014,0.1321926783037416,0.271617875024232,0.4053669289943249,0.529480573198891,-0.13294351793240244,-0.12088370267671696,0.408596870522174,rolling_rf
2023-08-01,2023-09-01,1,0.5873963094633485,0.6470750178993055,0.7586830353034085,0.6301085432363742,0.4709485676824886,0.4413762567547262,0.1727464017080734,0.3354691714154859,0.0504081701217145,0.6517849600451581,-0.06438865058180954,-0.060700144488441854,0.5910848155567162,rolling_rf
2023-08-01,2023-10-01,2,0.5760417509507242,0.6448855325771767,0.7572564378074356,0.5995932053315828,0.4630473508299074,0.3958829563937781,0.1920828835985787,0.3316135407503109,0.0804206192573323,0.6368269718989116,-0.06078522094818739,-0.0660308574091528,0.5707961144897588,rolling_rf
2023-08-01,2023-11-01,3,0.5238689858772839,0.6156783600520163,0.7486429939496911,0.578198649912044,0.4554840485204309,0.3584977305828979,0.2005325424328347,0.3393193933325221,0.1016503336517453,0.6133406984178966,-0.0894717125406127,-0.09042216454421435,0.5229185338736823,rolling_rf
2023-08-01,2023-12-01,4,0.423118024222275,0.5840591243243658,0.7383430189985127,0.5662724300252674,0.4484632078272267,0.3262017553105543,0.1969651952968339,0.3481618858380753,0.1286711635545364,0.5908077483910852,-0.16768972416881017,-0.13002316063903782,0.46078458775204734,rolling_rf
2023-08-01,2024-01-01,5,0.481831675224647,0.5864260477239839,0.7529156044089216,0.5552649077490577,0.4420163697927338,0.2906113463670446,0.1843641094410408,0.3517433259048122,0.1732812182871023,0.581136538635295,-0.09930486341064804,-0.10103284406074595,0.48010369457454904,rolling_rf
2023-08-01,2024-02-01,6,0.452356061188408,0.5795512637120189,0.7512271346452207,0.5475629283499098,0.4358397164310794,0.2682605401630873,0.1736761366792892,0.3467394409726387,0.2113238821849846,0.5679059661294276,-0.11554990494101958,-0.10122061264479532,0.46668535348463225,rolling_rf
2023-08-01,2024-03-01,7,0.440676836492891,0.6099077532491657,0.7738964066002246,0.5659401847499764,0.4300706101973382,0.2529150860356521,0.1649031958061581,0.3291576803376494,0.2530240378205403,0.5769746233203401,-0.13629778682744909,-0.10654398487410388,0.4704306384462362,rolling_rf
2023-08-01,2024-04-01,8,0.4724459797148317,0.6249614963020518,0.7850197560626601,0.5747928165006426,0.4249950049149794,0.2367590903167203,0.1565832590304623,0.3131380163484017,0.2935196343044157,0.5756201279492101,-0.10317414823437843,-0.10140515446216503,0.4742149734870451,rolling_rf
2023-08-01,2024-05-01,9,0.4465886868979503,0.6159688189415762,0.7837954545339887,0.5683470634026196,0.4205972155898572,0.2169314592425278,0.144585632906442,0.3031605414159539,0.3353223664350762,0.5602846337047822,-0.11369594680683193,-0.10546071830703596,0.45482391539774625,rolling_rf
2023-08-01,2024-06-01,10,0.4115390021082221,0.6052988969811164,0.7899578404547495,0.557594509309779,0.4166195844206067,0.2079771306163762,0.1400603151852996,0.2911359672206275,0.3608265869776966,0.5491933113759486,-0.13765430926772654,-0.10900381013000084,0.4401895012459478,rolling_rf
2023-08-01,2024-07-01,11,0.3965370552664885,0.6019093715056525,0.7936032692566265,0.5586393141106651,0.4127870299473202,0.1974880645113067,0.133413344593551,0.2755798665935703,0.3935187243015719,0.5411363563114163,-0.1445993010449278,-0.10937384904548651,0.4317625072659298,rolling_rf
2023-08-01,2024-08-01,12,0.3888261078008355,0.603202880402809,0.8028512650228172,0.5672013609312964,0.409157489039451,0.1888187873262872,0.126825048436651,0.2656892685072987,0.418666895729763,0.5377176974462391,-0.1488915896454036,-0.1119601031594931,0.425757594286746,rolling_rf
2023-09-01,2023-10-01,1,0.5760417509507242,0.5917158022612099,0.746154843270347,0.5630473178837867,0.4681565138273711,0.420005576085205,0.1577056729731932,0.3643827880864332,0.0579059628551684,0.5984705933227716,-0.022428842372047453,-0.0748104444191518,0.5236601489036199,rolling_rf
2023-09-01,2023-11-01,2,0.5238689858772839,0.5574680399413928,0.7373764261658039,0.5386521262215601,0.4528990779364745,0.3849868101034654,0.1770878485847297,0.3526637145921528,0.0852616267196519,0.5737762191694179,-0.04990723329213398,-0.08320749806582697,0.49056872110359095,rolling_rf
2023-09-01,2023-12-01,3,0.423118024222275,0.5274213886591472,0.7267721375969978,0.5253512133562536,0.4408489644445317,0.3524127079425694,0.1841436858241083,0.3544600034123596,0.1089836028209625,0.5539618012995781,-0.13084377707730305,-0.13454777670328907,0.41941402459628896,rolling_rf
2023-09-01,2024-01-01,4,0.481831675224647,0.5272144109990641,0.7406639183132399,0.5129999808079955,0.432057035071921,0.3211258791219026,0.1846006903836891,0.3472129930233837,0.1470604374710244,0.547688017228116,-0.06585634200346902,-0.11289398375135881,0.43479403347675716,rolling_rf
2023-09-01,2024-02-01,5,0.452356061188408,0.5192174705451359,0.7386985391328701,0.5024522120586278,0.4247683611025487,0.2907579090003551,0.1735144279792689,0.3557161510920328,0.180011511928343,0.5343350024014859,-0.08197894121307792,-0.11861987623140088,0.415715126170085,rolling_rf
2023-09-01,2024-03-01,6,0.440676836492891,0.5443834129780778,0.7618815057771207,0.5131386532892576,0.4191712485599792,0.2678910262667854,0.1647961804264818,0.3471723939976396,0.220140399309093,0.5418146940269999,-0.10113785753410887,-0.11773935713929054,0.4240753368877094,rolling_rf
2023-09-01,2024-04-01,7,0.4724459797148317,0.5567179486491084,0.7726173194011844,0.5203151865227819,0.4139522041227916,0.250205091963711,0.1576196762257678,0.3269265460468075,0.2652486857637137,0.5409784821681907,-0.06853250245335896,-0.1183745284566788,0.4226039537115119,rolling_rf
2023-09-01,2024-05-01,8,0.4465886868979503,0.5479280723318237,0.771009788206522,0.5110607267087129,0.4081790674303532,0.2349887365276316,0.1508240703107006,0.31325925676973,0.3009279363919377,0.5279707477851462,-0.0813820608871959,-0.11974268926293798,0.4082280585222082,rolling_rf
2023-09-01,2024-06-01,9,0.4115390021082221,0.5380015226343693,0.776517606170484,0.5047492688417752,0.4019474899885722,0.2150678839628615,0.1393461404970537,0.3004505944181454,0.3451353811219392,0.514290098493488,-0.10275109638526586,-0.1261859244345282,0.38810417405895975,rolling_rf
2023-09-01,2024-07-01,10,0.3965370552664885,0.534084190195705,0.7796478040566954,0.5052199147486716,0.3947720268046307,0.2057274286556574,0.1343957095005166,0.2865935309015177,0.3732833309423081,0.5068116632993851,-0.11027460803289657,-0.13091391347064008,0.375897749828745,rolling_rf
2023-09-01,2024-08-01,11,0.3888261078008355,0.5346669099501701,0.7884888643658139,0.5050848115397155,0.3862542225335259,0.1953607154013742,0.128249137470966,0.2702165585458244,0.4061735885818353,0.4989444700090418,-0.11011836220820631,-0.13469129539855232,0.36425317461048945,rolling_rf
2023-09-01,2024-09-01,12,0.3940873319869071,0.5322180810455373,0.7968509017840618,0.5017094601412215,0.3758119155717819,0.1869399818077166,0.1221980947243283,0.259145961462022,0.4317159620059331,0.489126483453019,-0.09503915146611192,-0.13254030121300847,0.35658618224001054,rolling_rf
2023-10-01,2023-11-01,1,0.5238689858772839,0.5377115087492058,0.688856112365631,0.544312912645056,0.4062412890434451,0.42849561339673,0.1385996113357082,0.373762752399905,0.0591420228676567,0.5533520362154944,-0.029483050338210526,-0.05803883593460205,0.4953132002808924,rolling_rf
2023-10-01,2023-12-01,2,0.423118024222275,0.5095360577351848,0.6783772943560136,0.5324212199985435,0.3936549235985289,0.3907116793935771,0.1571659415922862,0.3641809128131874,0.0879414662009492,0.534215732110245,-0.11109770788796997,-0.10610174539311391,0.4281139867171311,rolling_rf
2023-10-01,2024-01-01,3,0.481831675224647,0.5095077642769116,0.6906764687895415,0.5170076281530055,0.3809090612646916,0.3546413060009309,0.1669005027663544,0.3575927676318273,0.1208654236008873,0.5268836725118163,-0.045051997287169354,-0.08897647239085321,0.4379072001209631,rolling_rf
2023-10-01,2024-02-01,4,0.452356061188408,0.5023015898505528,0.6876936086137222,0.5039469452332425,0.3685193376540891,0.3254060219015627,0.1709912439489029,0.3534446809209132,0.150158053228621,0.5144950613189403,-0.06213900013053231,-0.09214064962575662,0.42235441169318366,rolling_rf
2023-10-01,2024-03-01,5,0.440676836492891,0.5270875192496518,0.7104204569433388,0.5172069051278221,0.3562255928895566,0.2935343268133819,0.1621244650366366,0.3599842401981088,0.1843569679518727,0.521753821647335,-0.08107698515444395,-0.10008279867539177,0.4216710229719432,rolling_rf
2023-10-01,2024-04-01,6,0.4724459797148317,0.5392846239879767,0.7199871795735066,0.5329835923804918,0.3448024183490343,0.268644687832462,0.155066712898051,0.3497786889918757,0.2265099102776112,0.5210494617700709,-0.04860348205523923,-0.10031609185474431,0.4207333699153266,rolling_rf
2023-10-01,2024-05-01,7,0.4465886868979503,0.5309564654697558,0.7181433044762642,0.5224290244018349,0.3353262573440963,0.2512654648515382,0.1504416596186953,0.3302852589200981,0.2680076166096684,0.503870290291017,-0.05728160339306676,-0.10014007321951329,0.40373021707150375,rolling_rf
2023-10-01,2024-06-01,8,0.4115390021082221,0.5214439452561364,0.7231932210472719,0.5178722989860646,0.3272166427497309,0.2354677679321612,0.1439909169249631,0.3152970358017269,0.3052442793411486,0.4900811060024203,-0.07854210389419819,-0.1034132896222002,0.3866678163802201,rolling_rf
2023-10-01,2024-07-01,9,0.3965370552664885,0.5178791350450404,0.7255872762194506,0.5142014391482631,0.3199251449573242,0.2150271440183001,0.1327080777419599,0.3000243414695018,0.352240436770238,0.4746128849731878,-0.0780758297066993,-0.1074642147066563,0.36714867026653153,rolling_rf
2023-10-01,2024-08-01,10,0.3888261078008355,0.5185826164748675,0.7334037757637748,0.5199381196405151,0.3136174331003799,0.2055782389377741,0.1282881985250203,0.2851364452122581,0.3809971173249475,0.4684369953415655,-0.07961088754073004,-0.10926435262377263,0.3591726427177929,rolling_rf
2023-10-01,2024-09-01,11,0.3940873319869071,0.5164494564289853,0.740558407752827,0.5237614170947466,0.3099352783801085,0.1949993720954298,0.1225908027361153,0.2685483483084717,0.4138614768599831,0.4604185049119771,-0.06633117292507001,-0.10925804036564309,0.35116046454633404,rolling_rf
2023-10-01,2024-10-01,12,0.380092687248688,0.5200261142070789,0.7382202716073601,0.5287697558644829,0.3070942264090154,0.1867709431142299,0.1171294460192428,0.2582064959274721,0.4378931149390552,0.4545993324442657,-0.0745066451955777,-0.10785485829345827,0.34674447415080745,rolling_rf
2023-11-01,2023-12-01,1,0.423118024222275,0.4974331748596417,0.6710229962875853,0.5123126676870982,0.4328524298676934,0.4355702228907145,0.1266907508019737,0.3778123797044952,0.0599266466028164,0.5211769487793866,-0.09805892455711157,-0.06672082470689522,0.45445612407249136,rolling_rf
2023-11-01,2024-01-01,2,0.481831675224647,0.495814198079268,0.6824506523879811,0.4954337961693603,0.4278583228408841,0.3944925387153385,0.1521707081152982,0.3533616895396493,0.0999750636297137,0.5172864870789938,-0.035454811854346846,-0.061341170091500974,0.45594531698749285,rolling_rf
2023-11-01,2024-02-01,3,0.452356061188408,0.4884307955687343,0.6791404812411325,0.4802810989223528,0.4222737187384845,0.3591668954974971,0.1581020561056216,0.3607316863468462,0.121999362050035,0.5075714140099472,-0.05521535282153922,-0.06562161881833613,0.4419497951916111,rolling_rf
2023-11-01,2024-03-01,4,0.440676836492891,0.5120403310678519,0.700874382127548,0.4904054319145455,0.4167816347856675,0.3286795582603828,0.1630195639239065,0.3559030280749542,0.1523978497407564,0.5206068291223176,-0.07992999262942657,-0.07095720523125335,0.4496496238910642,rolling_rf
2023-11-01,2024-04-01,5,0.4724459797148317,0.5235635212751147,0.710977408452472,0.5040608149805672,0.4108739076203146,0.2952780545393844,0.1558578739552034,0.3605669698411926,0.1882971016642196,0.5245222919290707,-0.05207631221423903,-0.07283141046295671,0.451690881466114,rolling_rf
2023-11-01,2024-05-01,6,0.4465886868979503,0.515132396725756,0.7094031021893128,0.4935379511250156,0.4044563107801439,0.271529428322474,0.1511690671903663,0.3520936754905363,0.2252078289966233,0.5119717292936962,-0.06538304239574588,-0.07444935152621394,0.4375223777674822,rolling_rf
2023-11-01,2024-06-01,7,0.4115390021082221,0.5056342025282645,0.7141358573718088,0.4882348372585726,0.3980213114832428,0.2538131998167467,0.1468928824669189,0.3319355509623858,0.2673583667539484,0.5017149369186967,-0.09017593481047464,-0.07737329159093331,0.4243416453277634,rolling_rf
2023-11-01,2024-07-01,8,0.3965370552664885,0.501956351675249,0.7160463904917677,0.4833757355204414,0.3916283272675533,0.2375116668702153,0.1402914971298885,0.3142434726914422,0.3079533633084539,0.4921766402126538,-0.09563958494616526,-0.08007510408732196,0.41210153612533185,rolling_rf
2023-11-01,2024-08-01,9,0.3888261078008355,0.5024785553437793,0.7230820517616586,0.4890877240042531,0.3853752422352758,0.2169804910360557,0.1297406546772506,0.2982873023430668,0.3549915519436269,0.4855347955785991,-0.09670868777776359,-0.07855186237253672,0.4069829332060624,rolling_rf
2023-11-01,2024-09-01,10,0.3940873319869071,0.5002594112276035,0.7295205574204957,0.4949097941633835,0.3789871593109563,0.2075761476771013,0.1256857113683845,0.2830882399509001,0.383649901003614,0.48103376035456,-0.08694642836765293,-0.07786855181118367,0.40316520854337634,rolling_rf
2023-11-01,2024-10-01,11,0.380092687248688,0.5036224091382885,0.7269325742597493,0.4974959739859103,0.3730075799455439,0.1977574087254979,0.1207546807536941,0.2681864904481851,0.4133014200726229,0.4749618353062061,-0.09486914805751812,-0.07906290402983379,0.3958989312763723,rolling_rf
2023-11-01,2024-11-01,12,0.3367218054754119,0.4827992727473659,0.7286344568434489,0.4916526959953122,0.3667396585058533,0.1888737345312208,0.1155177602818181,0.256321949082877,0.4392865561040842,0.4624835010726605,-0.1257616955972486,-0.08127066980841359,0.38121283126424693,rolling_rf
2023-12-01,2024-01-01,1,0.481831675224647,0.43298625982484,0.6734762888857038,0.416228082618204,0.4367415902265138,0.4315167752058836,0.126741751835541,0.3692276090749319,0.0725138638836432,0.4575511192221189,0.024280556002528098,-0.05027595332200507,0.4072751659001138,rolling_rf
2023-12-01,2024-02-01,2,0.452356061188408,0.4155875572969478,0.6695984855808251,0.3947595576500975,0.4309021045668747,0.3988288366269602,0.1426011999160684,0.3574839319087636,0.1010860315482078,0.4459122320629471,0.006443829125460876,-0.06108799992455813,0.384824232138389,rolling_rf
2023-12-01,2024-03-01,3,0.440676836492891,0.4338714997923105,0.6887685416847457,0.3968735020272165,0.4251101230112976,0.3617564041136434,0.1493752406942658,0.3648144372769722,0.1240539179151186,0.4573625199261867,-0.016685683433295684,-0.06766499898383051,0.3896975209423562,rolling_rf
2023-12-01,2024-04-01,4,0.4724459797148317,0.4396571567022532,0.6995648260783801,0.4019715726548313,0.4185646903229424,0.3289362416775256,0.1551687105860731,0.3597985049914043,0.1560965427449969,0.4631350167510124,0.009310962963819336,-0.07358745238095596,0.38954756437005644,rolling_rf
2023-12-01,2024-05-01,5,0.4465886868979503,0.4296171576854568,0.698616102062225,0.3859539885421321,0.4111329421114823,0.2965299780561226,0.1503385394480867,0.3633907851171646,0.189740697378626,0.4506840648269382,-0.004095377928987898,-0.07533775086817573,0.37534631395876245,rolling_rf
2023-12-01,2024-06-01,6,0.4115390021082221,0.4190187497942946,0.7034835719311731,0.3711073715073774,0.4034789977077961,0.2723096067607907,0.1460947733947504,0.3539133396492029,0.2276822801952558,0.4400829714377177,-0.0285439693294956,-0.0831619225832343,0.3569210488544834,rolling_rf
2023-12-01,2024-07-01,7,0.3965370552664885,0.4141860050805965,0.7050260570486572,0.3653943183948825,0.3957443010974604,0.2542894967677648,0.1418172597211537,0.3318535005039432,0.2720397430071382,0.4342235758335329,-0.03768652056704436,-0.08721248870136784,0.34701108713216505,rolling_rf
2023-12-01,2024-08-01,8,0.3888261078008355,0.4131574271459677,0.7112840323123485,0.3637434009782145,0.3880292339251729,0.2376568945950963,0.1356909606722004,0.3134988376501539,0.3131533070825494,0.4302502960276296,-0.04142418822679411,-0.09209274068958072,0.33815755533804887,rolling_rf
2023-12-01,2024-09-01,9,0.3940873319869071,0.4102866873548509,0.716727305363604,0.3733946481260762,0.3799203039724679,0.2170990924535792,0.1258134034525078,0.2963060825583252,0.3607814215355878,0.4269540618775649,-0.03286672989065781,-0.09343898198383092,0.33351507989373397,rolling_rf
2023-12-01,2024-10-01,10,0.380092687248688,0.4122589861003479,0.7135584442876097,0.3761023997889439,0.3721871328660761,0.2079293888274825,0.1221730698781737,0.2813599838508295,0.3885375574435143,0.4233272293411594,-0.043234542092471406,-0.09506306020622089,0.3282641691349385,rolling_rf
2023-12-01,2024-11-01,11,0.3367218054754119,0.3939358223805241,0.7145626309402364,0.3577003919449184,0.3640530031478577,0.197715078605161,0.1176409380526806,0.2657306392354572,0.4189133441067011,0.4095074850756082,-0.07278567960019627,-0.0968238303856121,0.3126836546899961,rolling_rf
2023-12-01,2024-12-01,12,0.2929488885931053,0.3632990586972012,0.7072911389656624,0.3440171477023543,0.3565580809558456,0.1892273441169268,0.1125134289827841,0.2522069739772914,0.4460522529229976,0.3941329264581816,-0.10118403786507629,-0.11526403721827384,0.27886888923990777,rolling_rf
2024-01-01,2024-02-01,1,0.452356061188408,0.4556778705889544,0.6756513468342432,0.455739769473262,0.3875772252457251,0.4336078897215878,0.1248287294123699,0.3638133437566758,0.0777500371093664,0.4778645720705428,-0.025508510882134794,-0.029410324739603245,0.4484542473309395,rolling_rf
2024-01-01,2024-03-01,2,0.440676836492891,0.4832213938060506,0.6921141297372024,0.465599240177971,0.3765621391119563,0.4039451555639994,0.1360156992974733,0.3557604541973733,0.104278690941154,0.4942425325269678,-0.05356569603407679,-0.04674695030321419,0.44749558222375363,rolling_rf
2024-01-01,2024-04-01,3,0.4724459797148317,0.4914841970633031,0.7035893343037275,0.4809993728829421,0.3668004899202339,0.3677433764093885,0.1407176102809185,0.3654143508229621,0.1261246624867309,0.5017741294017084,-0.029328149686876692,-0.0543615670434675,0.4474125623582409,rolling_rf
2024-01-01,2024-05-01,4,0.4465886868979503,0.4831146734107657,0.7033333978550708,0.4698086246204848,0.3582707911801938,0.3336661803318224,0.1504869722237002,0.3572035170315077,0.1586433304129696,0.4916961057949308,-0.0451074188969805,-0.05867369306192463,0.4330224127330061,rolling_rf
2024-01-01,2024-06-01,5,0.4115390021082221,0.4731097467617121,0.7087839431404241,0.4576618538057703,0.3503681299561579,0.3004653927535455,0.1451479715853892,0.362265482098692,0.1921211535623732,0.4781398789212117,-0.0666008768129896,-0.06540392662102087,0.4127359523001908,rolling_rf
2024-01-01,2024-07-01,6,0.3965370552664885,0.4690292585692227,0.7103755276509829,0.4545089287078498,0.3428840706865004,0.2749933321830065,0.1398753764249663,0.3551995412960317,0.2299317500959955,0.4686252604835059,-0.07208820521701736,-0.06919194316009505,0.3994333173234108,rolling_rf
2024-01-01,2024-08-01,7,0.3888261078008355,0.4690555460126856,0.7163892265889593,0.4556763682792917,0.3360751755489727,0.2561909926945684,0.1360360384590316,0.3335489385174413,0.2742240303289587,0.4617728164213664,-0.07294670862053093,-0.071204819526655,0.39056799689471144,rolling_rf
2024-01-01,2024-09-01,8,0.3940873319869071,0.4664855197137882,0.7212635416413443,0.4724808125602286,0.3306456880472935,0.2390914068292965,0.1304338478765809,0.3151644241933912,0.3153103211007314,0.4587749995449707,-0.0646876675580636,-0.07749708144626632,0.38127791809870437,rolling_rf
2024-01-01,2024-10-01,9,0.380092687248688,0.4693736569607809,0.7175338374590009,0.4736028720533904,0.3259272087284741,0.218238895737511,0.1215401843646837,0.2976716257793872,0.362549294118418,0.4487875998324785,-0.06869491258379051,-0.0805335324996324,0.3682540673328461,rolling_rf
2024-01-01,2024-11-01,10,0.3367218054754119,0.4491571889926623,0.7179455549454449,0.4447882867436794,0.3217702041994362,0.2087287228129939,0.1181766142928442,0.2827348054132062,0.3903598574809556,0.4299596820862202,-0.09323787661080829,-0.08229369801101562,0.3476659840752046,rolling_rf
2024-01-01,2024-12-01,11,0.2929488885931053,0.414581721355113,0.710020996154241,0.4359218214754862,0.3178949995637302,0.1985316717625215,0.1134339579804959,0.2674208951073472,0.4206134751496354,0.4131336182608366,-0.1201847296677313,-0.09614406864227693,0.3169895496185597,rolling_rf
2024-01-01,2025-01-01,12,0.3168293987828529,0.428743101314545,0.7117310264582009,0.4463726832313388,0.3134750923172498,0.191281231434467,0.1089920506038518,0.2550087822526158,0.4447179357090653,0.4128204827737346,-0.09599108399088174,-0.07897942668388157,0.33384105608985304,rolling_rf
2024-02-01,2024-03-01,1,0.440676836492891,0.4732543421879707,0.6510491747508077,0.4575557379121699,0.4329824041225137,0.4387933111517476,0.1145875072464406,0.3681927110920611,0.0784264705097507,0.4846889112209148,-0.044012074728023765,-0.027836264646185067,0.45685264657472974,rolling_rf
2024-02-01,2024-04-01,2,0.4724459797148317,0.4838326486135115,0.6621055661880565,0.4723032335223769,0.4299281163223191,0.4039992200870652,0.127456110371623,0.3621076300784989,0.1064370394628128,0.4966422932666199,-0.024196313551788196,-0.035821628908895196,0.46082066435772473,rolling_rf
2024-02-01,2024-05-01,3,0.4465886868979503,0.4761362151028571,0.6625591924916908,0.4580556599195448,0.4262138262511359,0.3705797698536257,0.1341856756163764,0.3690718727006014,0.1261626818293965,0.4881801414523595,-0.04159145455440921,-0.0378432677122784,0.4503368737400811,rolling_rf
2024-02-01,2024-06-01,4,0.4115390021082221,0.467291275226515,0.6686228816585017,0.4431115838479949,0.4221966324788319,0.3359044936890249,0.1439381672822411,0.3607547886137703,0.1594025504149636,0.4803594371562881,-0.06882043504806601,-0.043471192074552606,0.4368882450817355,rolling_rf
2024-02-01,2024-07-01,5,0.3965370552664885,0.4639836002800108,0.6705491977422345,0.4408348998818225,0.417924561985423,0.301933718320353,0.1388196305318201,0.3648238918282141,0.1944227593196129,0.4752588359134275,-0.07872178064693897,-0.04688587209179837,0.42837296382162915,rolling_rf
2024-02-01,2024-08-01,6,0.3888261078008355,0.4646149066724134,0.6763440283154017,0.4469971745083003,0.4137484268338305,0.2762464081255654,0.1345380973294672,0.3565366115425901,0.2326788830023771,0.4749836176075382,-0.08615750980670273,-0.05259023897815964,0.4223933786293786,rolling_rf
2024-02-01,2024-09-01,7,0.3940873319869071,0.4626216162866482,0.6806408048265349,0.462007416735714,0.4095706599191548,0.2573132097544523,0.1313529341727748,0.3343553889036109,0.2769784671691618,0.4763597429010863,-0.0822724109141792,-0.056237190237730585,0.4201225526633557,rolling_rf
2024-02-01,2024-10-01,8,0.380092687248688,0.4659092202135147,0.6766919250677089,0.4635430863266506,0.405904040826739,0.2409719948480086,0.1267870812930628,0.3152356446784294,0.3170052791804991,0.4728658957640332,-0.0927732085153452,-0.060002830258934325,0.4128630655050989,rolling_rf
2024-02-01,2024-11-01,9,0.3367218054754119,0.446170453341301,0.6764569715272187,0.433020276129163,0.4018195894880977,0.2196933303622685,0.1186099399512889,0.2967849989684554,0.364911730717987,0.4533977976170744,-0.11667599214166247,-0.06193461668511925,0.39146318093195515,rolling_rf
2024-02-01,2024-12-01,10,0.2929488885931053,0.4121390372710009,0.6682568697174788,0.4292291481247619,0.3985804651553662,0.2090552933494917,0.1145206271940198,0.2807103011513043,0.3957137783051841,0.4409018684425118,-0.14795297984940647,-0.07612655122449408,0.3647753172180177,rolling_rf
2024-02-01,2025-01-01,11,0.3168293987828529,0.4263244512524977,0.6693045511259178,0.4429035715657182,0.3974955899489582,0.1994312074406918,0.1099986951992166,0.2635672702617304,0.4270028270983609,0.4451116534036076,-0.1282822546207547,-0.06418150465541092,0.38093014874819664,rolling_rf
2024-02-01,2025-02-01,12,0.3191737430920609,0.4218657139402985,0.6771771660670933,0.4467516398547037,0.3958065740619317,0.1916822577755893,0.1061047558697519,0.2521549832952188,0.4500580030594398,0.4435024590170924,-0.12432871592503147,-0.062486411487314014,0.38101604752977836,rolling_rf
2024-03-01,2024-04-01,1,0.4724459797148317,0.4515798047825671,0.6386000039358833,0.45472820119343,0.3767022014540093,0.4365810893809887,0.1088600127975776,0.3743979116071134,0.0801609862143201,0.467115316568759,0.005330663146072723,-0.032010601546633106,0.4351047150221259,rolling_rf
2024-03-01,2024-05-01,2,0.4465886868979503,0.441269990353163,0.6383549646928435,0.439276532479059,0.3676993567538293,0.4059157089329098,0.1226992853235203,0.3644372684208738,0.1069477373226957,0.4568574727134497,-0.010268785815499393,-0.031693922831051935,0.42516354988239774,rolling_rf
2024-03-01,2024-06-01,3,0.4115390021082221,0.4325340148513089,0.6433545331689792,0.4225270844442688,0.3594037973933019,0.371387990318631,0.1293456047976039,0.3720156225383106,0.1272507823454543,0.4467741104671551,-0.03523510835893301,-0.03584893444588855,0.41092517602126655,rolling_rf
2024-03-01,2024-07-01,4,0.3965370552664885,0.4283495497895109,0.6446295348937172,0.4182329314959846,0.3514676733950871,0.3359197817277289,0.1386131040328874,0.3638793979690272,0.1615877162703565,0.4422243940617061,-0.04568733879521758,-0.04825586825593741,0.3939685258057687,rolling_rf
2024-03-01,2024-08-01,5,0.3888261078008355,0.4282312691896904,0.649721156462366,0.4228352155311348,0.3445791745072253,0.3019447533176437,0.1343300781907996,0.3666974888784219,0.1970276796131347,0.4395235256289903,-0.05069741782815479,-0.059090721329745105,0.3804328042992452,rolling_rf
2024-03-01,2024-09-01,6,0.3940873319869071,0.4256328044370773,0.6537239340548713,0.4367586493146093,0.3406315165588182,0.2765430621380294,0.1307744908516528,0.357003215400899,0.2356792316094187,0.4394002299629941,-0.04531289797608701,-0.07136956962043209,0.36803066034256204,rolling_rf
2024-03-01,2024-10-01,7,0.380092687248688,0.4280676400273295,0.6503049232300726,0.4373320062279415,0.3382485782544123,0.2581408553921712,0.1281984899174267,0.3336875006797903,0.2799731540106118,0.4345026013252996,-0.05440991407661161,-0.0784840136752399,0.3560185876500597,rolling_rf
2024-03-01,2024-11-01,8,0.3367218054754119,0.4097054529765552,0.6504468751364515,0.4075558757651337,0.3367209842067302,0.2414751016115669,0.1241709449353634,0.3139252913403957,0.3204286621126738,0.4155374205159593,-0.0788156150405474,-0.08028229353034812,0.3352551269856112,rolling_rf
2024-03-01,2024-12-01,9,0.2929488885931053,0.3783439648267028,0.643050228514429,0.4042408107270671,0.3361973125928899,0.2206558366693149,0.1162936358818318,0.2964199926255619,0.3666305348232914,0.4013517118929606,-0.10840282329985529,-0.10546647506368854,0.29588523682927204,rolling_rf
2024-03-01,2025-01-01,10,0.3168293987828529,0.391138763773009,0.6446674139135414,0.4190326435378829,0.3346051883731698,0.212834589081438,0.1135208718510539,0.2805507742693856,0.3930937647981224,0.4055222107501743,-0.08869281196732143,-0.10000885780672249,0.30551335294345183,rolling_rf
2024-03-01,2025-02-01,11,0.3191737430920609,0.3868544254129438,0.6528134455507859,0.4209998846844876,0.3370498176302951,0.2018876777930491,0.1089816825381047,0.2632967367862058,0.4258339028826403,0.4036209844023909,-0.08444724131032999,-0.10168016269461991,0.30194082170777103,rolling_rf
2024-03-01,2025-03-01,12,0.3376594765224253,0.3987654708608004,0.6614578104809725,0.4330483949712364,0.3378593781457166,0.1942052379544731,0.1052018298996371,0.2520800907976708,0.4485128413482189,0.4077260636129675,-0.0700665870905422,-0.10136886843922667,0.3063571951737408,rolling_rf
2024-04-01,2024-05-01,1,0.4465886868979503,0.4575637975375917,0.6312913579601508,0.4540449286163148,0.3809933356395872,0.437067663520559,0.1057489618188195,0.3766862684577005,0.0804971062029208,0.4684460964850356,-0.02185740958708532,-0.020509504800974937,0.44793659168406064,rolling_rf
2024-04-01,2024-06-01,2,0.4115390021082221,0.4519437823197543,0.6357358912394788,0.4384884862157696,0.3734076998660079,0.4081980183586221,0.118393826807783,0.3664161966469894,0.1069919581866053,0.4603706657586212,-0.04883166365039909,-0.025764772528404464,0.4346058932302167,rolling_rf
2024-04-01,2024-07-01,3,0.3965370552664885,0.4482419374103938,0.6364279927414708,0.4352337344764675,0.3664282294583896,0.3731050975579095,0.124281364735062,0.3746549674993579,0.1279585702076705,0.4562876042506864,-0.05975054898419785,-0.035074580716017094,0.4212130235346693,rolling_rf
2024-04-01,2024-08-01,4,0.3888261078008355,0.4493573425044758,0.6408682235702026,0.440811727737617,0.3602751520124879,0.3373452507992208,0.1338525450161506,0.3661488262152583,0.1626533779693702,0.4573730753168028,-0.06854696751596734,-0.047567887049075386,0.40980518826772744,rolling_rf
2024-04-01,2024-09-01,5,0.3940873319869071,0.4473551345613955,0.6445128300677545,0.4572444005567811,0.3556712206204589,0.3032397226767776,0.1303602104809571,0.3681024160594833,0.1982976507827818,0.4585162112024428,-0.0644288792155357,-0.05933544231604684,0.399180768886396,rolling_rf
2024-04-01,2024-10-01,6,0.380092687248688,0.450613511122123,0.6410974382870688,0.4610866471756765,0.3521054378236722,0.2782020774930907,0.1277007830230019,0.3575600083260608,0.2365371311578465,0.4553824153349891,-0.07528972808630108,-0.06424468533940032,0.39113772999558877,rolling_rf
2024-04-01,2024-11-01,7,0.3367218054754119,0.4317150994859999,0.6410185349768117,0.4299150924423367,0.3496330208350384,0.2594139978527209,0.1255586061087864,0.3335589195226997,0.2814684765157929,0.4342910210682533,-0.09756921559284137,-0.07133125870160968,0.3629597623666436,rolling_rf
2024-04-01,2024-12-01,8,0.2929488885931053,0.3988730697064224,0.6337726496769843,0.4278460150997789,0.3471872123379595,0.2420433320193093,0.1210973803673881,0.3133217666771004,0.3235375209362022,0.4196743337662882,-0.1267254451731829,-0.09634932013100345,0.32332501363528476,rolling_rf
2024-04-01,2025-01-01,9,0.3168293987828529,0.412812477306937,0.6360335829271075,0.4419668141398709,0.3444909136110216,0.222287366260368,0.1137911540767112,0.2936958039531197,0.3702256757098011,0.4214811738397337,-0.10465177505688084,-0.09366266676684729,0.3278185070728864,rolling_rf
2024-04-01,2025-02-01,10,0.3191737430920609,0.4085232726616705,0.6446433955120384,0.4444562480769033,0.3434023913832183,0.2137570332292513,0.1113489467212357,0.2783901754305428,0.3965038446189701,0.4189977071784539,-0.09982396408639299,-0.09535397608888037,0.32364373108957356,rolling_rf
2024-04-01,2025-03-01,11,0.3376594765224253,0.4213486656996481,0.6528580925380901,0.4612192938919527,0.3427491951703295,0.202738904818483,0.1069499802199686,0.2615344134508768,0.4287767015106715,0.4228345139649017,-0.0851750374424764,-0.09358427955406973,0.32925023441083195,rolling_rf
2024-04-01,2025-04-01,12,0.3603701319600901,0.435970125148434,0.667136234554126,0.4699339605838621,0.3425864958195088,0.1947954685010099,0.1034052873935843,0.2506330427232137,0.451166201382192,0.4262548452293043,-0.06588471326921419,-0.08954316360335052,0.3367116816259538,rolling_rf
2024-05-01,2024-06-01,1,0.4115390021082221,0.4410378402564303,0.6217872345796039,0.4294593856570358,0.4197274572085717,0.4387381458913145,0.1016577312425994,0.3788489338786057,0.0807551889874803,0.4533050044154302,-0.04176600230720812,-0.02623084561648974,0.42707415879894045,rolling_rf
2024-05-01,2024-07-01,2,0.3965370552664885,0.4365437139270925,0.6219950029068853,0.4255556422948807,0.4148438936828642,0.4068503775414883,0.1143768035596171,0.3700465830088957,0.1087262358899988,0.4513296014406106,-0.05479254617412205,-0.03811508337050342,0.4132145180701072,rolling_rf
2024-05-01,2024-08-01,3,0.3888261078008355,0.4374555050647921,0.6257077901006687,0.4288051262743094,0.4103936564326297,0.3721828470584476,0.1207177706309246,0.3769733440058954,0.1301260383047323,0.4533984878592289,-0.06457238005839344,-0.04595768570103714,0.4074408021581918,rolling_rf
2024-05-01,2024-09-01,4,0.3940873319869071,0.4352736941352524,0.6286101080463822,0.4427089141188209,0.4061450441051583,0.3374323708034615,0.1304808630260307,0.3669797352592033,0.1651070309113045,0.4584196264169751,-0.064332294430068,-0.05648892180025175,0.4019307046167233,rolling_rf
2024-05-01,2024-10-01,5,0.380092687248688,0.4382941729190888,0.6250485811680058,0.4462633407620504,0.4025927029228729,0.3048114958324042,0.1278023637655164,0.3667606401430278,0.2006255002590516,0.4579219795584481,-0.0778292923097601,-0.06267514924133749,0.3952468303171106,rolling_rf
2024-05-01,2024-11-01,6,0.3367218054754119,0.4197479368318307,0.6246175855455857,0.4179559782020339,0.3994092744722894,0.2794914268516018,0.1258012650591648,0.3548091553347191,0.2398981527545144,0.4400057869548631,-0.10328398147945117,-0.06949880711080442,0.37050697984405867,rolling_rf
2024-05-01,2024-12-01,7,0.2929488885931053,0.3877032780943657,0.6173243065932713,0.4150749848568006,0.3970961038394177,0.2597360581363507,0.1231942115204334,0.3311035074042974,0.2859662229389184,0.4277401586625194,-0.1347912700694141,-0.09521455519559761,0.3325256034669218,rolling_rf
2024-05-01,2025-01-01,8,0.3168293987828529,0.4011452874161922,0.6200030449784978,0.4285054274048372,0.3964216520417311,0.2439621517206736,0.1192760706292051,0.3080593976704466,0.3287023799796746,0.4341256588202827,-0.11729626003742982,-0.09435558397188441,0.3397700748483983,rolling_rf
2024-05-01,2025-02-01,9,0.3191737430920609,0.3969120502572877,0.6288920579584051,0.4300394275534264,0.3951852821999044,0.2233782781680123,0.112214974427835,0.2894332255903281,0.3749735218138245,0.4318843522555741,-0.11271060916351316,-0.10241360675634249,0.3294707454992316,rolling_rf
2024-05-01,2025-03-01,10,0.3376594765224253,0.4093604603589246,0.6369787835014099,0.4491089437509238,0.3945831868844903,0.2147615988938527,0.1097254227661943,0.2748655540724075,0.4006474242675455,0.4393409894509166,-0.10168151292849131,-0.10355828568682712,0.3357827037640895,rolling_rf
2024-05-01,2025-04-01,11,0.3603701319600901,0.4235174552135747,0.6510657722093135,0.4583668224381704,0.3941969706210351,0.2033982732099337,0.1054926220936898,0.2584391468839704,0.4326699578124059,0.4438424717297385,-0.08347233976964841,-0.09990379203144002,0.3439386796982985,rolling_rf
2024-05-01,2025-05-01,12,0.3460407383831954,0.416062286048507,0.6502312323653896,0.4520128232241757,0.3933004536903044,0.1953541956947945,0.1021039232696099,0.248696576646464,0.4538453043891315,0.4385822789644988,-0.09254154058130343,-0.09753007837499097,0.3410522005895078,rolling_rf
2024-06-01,2024-07-01,1,0.3965370552664885,0.408710715075898,0.5969925283938348,0.4077855633847307,0.4124911586610416,0.4370075788837842,0.0979120636691752,0.3829796971936208,0.0821006602534196,0.4271018385690813,-0.03056478330259277,-0.03735901094056328,0.38974282762851803,rolling_rf
2024-06-01,2024-08-01,2,0.3888261078008355,0.4065400148792648,0.6000335333241447,0.4090987269278541,0.4074371200862422,0.4056335183998279,0.1108817808115419,0.3729848533208357,0.1104998474677944,0.4290484116065909,-0.04022230380575542,-0.04297646051215284,0.38607195109443804,rolling_rf
2024-06-01,2024-09-01,3,0.3940873319869071,0.4039448105154967,0.6023022132500006,0.4195078807565492,0.4024195922194639,0.3717284656256539,0.1176439674391795,0.3784713743804604,0.1321561925547061,0.4329689718850072,-0.03888163989810012,-0.05572290786861225,0.377246064016395,rolling_rf
2024-06-01,2024-10-01,4,0.380092687248688,0.4057950082104865,0.5977839842612203,0.4206236991407635,0.3980741540846578,0.338746347521178,0.1276060998127117,0.3667525983211167,0.1668949543449934,0.434443861982902,-0.054351174734214025,-0.0657929959450687,0.3686508660378333,rolling_rf
2024-06-01,2024-11-01,5,0.3367218054754119,0.387936498698499,0.5968145995737147,0.39265275717152,0.3937660441260942,0.3059642346086461,0.1257273396538022,0.3650674859309638,0.2032409398065878,0.4171047415485744,-0.08038293607316249,-0.07103664556090677,0.34606809598766763,rolling_rf
2024-06-01,2024-12-01,6,0.2929488885931053,0.3577075349162468,0.5898434986756493,0.3894897937803069,0.3905048286993627,0.2803911713127649,0.1236956857402537,0.3532246197501014,0.24268852319688,0.4056075552335763,-0.11265866664047097,-0.10021929690839583,0.30538825832518046,rolling_rf
2024-06-01,2025-01-01,7,0.3168293987828529,0.3697370475883059,0.591831975372468,0.4011827758055067,0.3894114327716931,0.2629897513968023,0.121930399756165,0.3274261224987208,0.2876537263483118,0.4127727339877654,-0.0959433352049125,-0.09270601551777367,0.3200667184699917,rolling_rf
2024-06-01,2025-02-01,8,0.3191737430920609,0.3655021033200017,0.6013275708487185,0.4013269742426188,0.3874993140951849,0.2461952590489449,0.1181131685507583,0.3058531626479466,0.3298384097523501,0.411568871608993,-0.0923951285169321,-0.10044640550590873,0.3111224661030843,rolling_rf
2024-06-01,2025-03-01,9,0.3376594765224253,0.3767930779914058,0.6091248827342103,0.419484937392204,0.3860688472596305,0.225796381359134,0.1112606857490573,0.2880468025845438,0.374896130307265,0.4184171775094756,-0.08075770098705032,-0.1027534829619218,0.31566369454755383,rolling_rf
2024-06-01,2025-04-01,10,0.3603701319600901,0.3896486782477424,0.6228712249601723,0.4303066122075185,0.3846828053510196,0.2164918691736334,0.1087552166526397,0.2731930105426806,0.4015599036310462,0.4241262147827978,-0.06375608282270767,-0.1008179843539287,0.3233082304288691,rolling_rf
2024-06-01,2025-05-01,11,0.3460407383831954,0.3825747235965048,0.6221425679277104,0.4222358779172359,0.3826038058446728,0.2043112682989652,0.1043541789218342,0.2571514085291133,0.4341831442500872,0.4177861780071795,-0.07174543962398411,-0.09775599978055444,0.32003017822662505,rolling_rf
2024-06-01,2025-06-01,12,0.3377324980625161,0.3740978591019583,0.6235047576930904,0.4202142100243413,0.3809103099091865,0.1966136758972226,0.101221798799911,0.2478320385491607,0.4543324867537056,0.4138675009861375,-0.07613500292362141,-0.09634848985628026,0.31751901112985725,rolling_rf
2024-07-01,2024-08-01,1,0.3888261078008355,0.3973295173876944,0.5983976060709353,0.4006451816367157,0.4122994260736762,0.4384261907965407,0.0942683246769271,0.3846737825393645,0.0826317019871676,0.4187963073954721,-0.029970199594636593,-0.03453863403984922,0.3842576733556229,rolling_rf
2024-07-01,2024-09-01,2,0.3940873319869071,0.3925520075642404,0.6002281982312911,0.409642916390527,0.4096170862743473,0.4070723289928444,0.1074970198375654,0.3741585363829016,0.1112721147866884,0.4231701559811383,-0.029082823994231177,-0.04104439494971139,0.38212576103142687,rolling_rf
2024-07-01,2024-10-01,3,0.380092687248688,0.3938771080620916,0.5952493437983819,0.4106748905711688,0.4077708014589851,0.3735381390213817,0.1148035693295867,0.3787752142185385,0.1328830774304929,0.4252041798922237,-0.0451114926435357,-0.0524608941117726,0.37274328578045113,rolling_rf
2024-07-01,2024-11-01,4,0.3367218054754119,0.3757854103772823,0.5935384759770661,0.3837439328726095,0.4061171208789267,0.340290897533746,0.1251202290428637,0.3665320782005968,0.1680567952227933,0.4110452276700633,-0.07432342219465138,-0.06244279978008445,0.34860242788997886,rolling_rf
2024-07-01,2024-12-01,5,0.2929488885931053,0.3460665554493802,0.5857888649386704,0.3792262505301759,0.4053135458766178,0.307256601638206,0.123229101260645,0.3647262605373803,0.2047880365637686,0.3998346066291564,-0.10688571803605107,-0.09348997803491196,0.3063446285942444,rolling_rf
2024-07-01,2025-01-01,6,0.3168293987828529,0.3572810325201746,0.5875237742818695,0.3870638364910413,0.4056508017851207,0.2837853729572056,0.1220148756989975,0.350028611657224,0.2441711396865729,0.4076094072498044,-0.0907800084669515,-0.0874555717658202,0.3201538354839842,rolling_rf
2024-07-01,2025-02-01,7,0.3191737430920609,0.3528649241211831,0.5970226052640103,0.3873784966951363,0.4061514734439051,0.2651700460348605,0.1204217465811291,0.3259529953122504,0.2884552120717599,0.4088874037704656,-0.0897136606784047,-0.09056566218490697,0.31832174158555865,rolling_rf
2024-07-01,2025-03-01,8,0.3376594765224253,0.3634680406359779,0.6054656324205434,0.4036876603466608,0.4068712362695203,0.2482356771524154,0.1166827752027269,0.3051508517245097,0.3299306959203479,0.41829808898907,-0.08063861246664472,-0.09173996080143774,0.32655812818763225,rolling_rf
2024-07-01,2025-04-01,9,0.3603701319600901,0.3756321961935394,0.6194383855175911,0.4159870146681952,0.4075687449481479,0.2273344730866619,0.1100899194656392,0.2871192686292381,0.3754563388184608,0.4260502255774601,-0.06568009361736998,-0.08878443906818106,0.337265786509279,rolling_rf
2024-07-01,2025-05-01,10,0.3460407383831954,0.3686386297571264,0.6188765711367842,0.4065108152360644,0.4081997667212154,0.217331065186903,0.1075172006581489,0.2724807197045824,0.4026710144503656,0.4217930762229512,-0.07575233783975582,-0.08772891095218335,0.3340641652707679,rolling_rf
2024-07-01,2025-06-01,11,0.3377324980625161,0.3603373620662721,0.620365021109689,0.4008397977865604,0.4091453180154966,0.2053192747943814,0.1032930869870343,0.2567527694402369,0.4346348687783474,0.4188091737404684,-0.08107667567795229,-0.08620103179477741,0.332608141945691,rolling_rf
2024-07-01,2025-07-01,12,0.3244310532726457,0.3555492211648592,0.6207705809434163,0.3996240581934909,0.4098895496133822,0.1978354176033204,0.1003307757646671,0.2476138351049621,0.4542199715270502,0.4177550878097461,-0.09332403453710036,-0.08699086987622963,0.33076421793351646,rolling_rf
2024-08-01,2024-09-01,1,0.3940873319869071,0.3822855397564813,0.5788093698492082,0.3943929727599054,0.4497341103741382,0.4402619085619008,0.0906866793930083,0.3859734136032102,0.0830779984418806,0.410384272820171,-0.016296940833263884,-0.03383618560722667,0.3765480872129443,rolling_rf
2024-08-01,2024-10-01,2,0.380092687248688,0.3836428734798998,0.5734233993455403,0.3941651257023382,0.4524559996223531,0.4089104747947001,0.1043839028657988,0.3749517842832481,0.1117538380562528,0.4150883736582288,-0.034995686409540816,-0.03798757289573569,0.37710080076249314,rolling_rf
2024-08-01,2024-11-01,3,0.3367218054754119,0.3660431050035509,0.5711930357975149,0.364803710358539,0.4558453198336362,0.3755008106461291,0.1121301284794756,0.3786995737592373,0.1336694871151579,0.4005810508753909,-0.063859245399979,-0.04939876818378772,0.35118228269160323,rolling_rf
2024-08-01,2024-12-01,4,0.2929488885931053,0.3371823063546431,0.5630431983566048,0.357395372013563,0.4612895107749091,0.3419559667931458,0.1221366084878305,0.3667879117989833,0.1691195129200403,0.3931710477993131,-0.1002221592062078,-0.08562077729630553,0.3075502705030076,rolling_rf
2024-08-01,2025-01-01,5,0.3168293987828529,0.3481653668568135,0.5640283743978183,0.3646342465936742,0.470838587985271,0.3112130850751784,0.1211701170630089,0.3617824946118771,0.2058343032499356,0.405530022143196,-0.08870062336034312,-0.07252242267882072,0.3330075994643753,rolling_rf
2024-08-01,2025-02-01,6,0.3191737430920609,0.3439170099470527,0.5733675998914088,0.3679863933639578,0.4797650954630883,0.286353417112868,0.1202566745361988,0.3490776349288832,0.24431227342205,0.4131014129139554,-0.09392766982189449,-0.08565147025378299,0.3274499426601724,rolling_rf
2024-08-01,2025-03-01,7,0.3376594765224253,0.3543035662453551,0.581713895423557,0.3819741694947712,0.4887211824978948,0.2676125236014834,0.118811940372638,0.3259616222362693,0.2876139137896093,0.4290025601318962,-0.09134308360947091,-0.08569417755979174,0.34330838257210444,rolling_rf
2024-08-01,2025-04-01,8,0.3603701319600901,0.366197133304303,0.59534366049132,0.3931570439987725,0.4966529369779039,0.2501815333741755,0.1153645675490442,0.3052247264493802,0.3292291726274001,0.4438112109933199,-0.08344107903322978,-0.08328210398040622,0.36052910701291363,rolling_rf
2024-08-01,2025-05-01,9,0.3460407383831954,0.3594065099842807,0.595059308908254,0.3827403274806035,0.5021692713159096,0.2286125494995641,0.1089007752338338,0.2872791070599383,0.3752075682066638,0.4453382692374761,-0.09929753085428072,-0.08090013973338193,0.36443812950409415,rolling_rf
2024-08-01,2025-06-01,10,0.3377324980625161,0.351333282598232,0.5967484527883147,0.381850802387245,0.5067464089627369,0.2190439273358282,0.1066046567102782,0.2732861678466535,0.40106524810724,0.4481665026876661,-0.11043400462515002,-0.08199811419226116,0.36616838849540495,rolling_rf
2024-08-01,2025-07-01,11,0.3244310532726457,0.3466859953206453,0.5971510507807928,0.3818829700732544,0.5106149277844336,0.2075347588882506,0.102744752215202,0.2583035353955412,0.4314169535010059,0.4522331890304912,-0.1278021357578455,-0.08088268702278838,0.3713505020077028,rolling_rf
2024-08-01,2025-08-01,12,0.316052449531476,0.347606299670881,0.6011550436009491,0.3907875786229751,0.5139782224176677,0.2009113942037123,0.1002778226574739,0.2499889789010828,0.4488218042377307,0.4584978060243155,-0.14244535649283951,-0.08002061267795513,0.3784771933463604,rolling_rf
2024-09-01,2024-10-01,1,0.380092687248688,0.3960580292044987,0.5836506914105986,0.3971185311478726,0.4064927079717541,0.4408354140966235,0.0882180645990231,0.3877053585242558,0.0832411627800973,0.4138868478772937,-0.033794160628605685,-0.03023267157499559,0.3836541763022981,rolling_rf
2024-09-01,2024-11-01,2,0.3367218054754119,0.3786518690442071,0.580652568329461,0.367494363487271,0.4068906962155098,0.4105735042314394,0.101925118714273,0.3757925531792289,0.1117088238750586,0.3982024329697876,-0.06148062749437566,-0.04105182157692372,0.35715061139286386,rolling_rf
2024-09-01,2024-12-01,3,0.2929488885931053,0.3489474770478064,0.5713866174690857,0.3618047967856988,0.4077151456336975,0.3769190277614391,0.1094964032534617,0.3802834408458398,0.1333011281392594,0.3860269851773225,-0.09307809658421717,-0.07384975614446498,0.3121772290328575,rolling_rf
2024-09-01,2025-01-01,4,0.3168293987828529,0.3604910400661892,0.5721638721888,0.3710128921207793,0.4094570787456131,0.3456631670249608,0.1200009423932657,0.3666698694041075,0.1676660211776658,0.3979599663969106,-0.08113056761405774,-0.06543120381409072,0.3325287625828199,rolling_rf
2024-09-01,2025-02-01,5,0.3191737430920609,0.3562297861467058,0.580231654308907,0.3736987845620304,0.4111328634211573,0.3143343163281287,0.1196725614404108,0.3632986079952343,0.2026945142362261,0.4005116788626909,-0.08133793577062998,-0.08183249420114541,0.3186791846615455,rolling_rf
2024-09-01,2025-03-01,6,0.3376594765224253,0.3671485135857336,0.5897729499240452,0.3842063170630502,0.4131206096833372,0.2901441827810492,0.1192813768053247,0.3516274172822368,0.2389470231313893,0.4106863497535461,-0.07302687323112084,-0.08935932317766669,0.3213270265758794,rolling_rf
2024-09-01,2025-04-01,7,0.3603701319600901,0.3795595343028876,0.603637609616383,0.3963777453836496,0.4151381889149081,0.2715419538278131,0.1184514155299161,0.3293922952405752,0.2806143354016956,0.4216255691811615,-0.06125543722107141,-0.08618438035733401,0.3354411888238275,rolling_rf
2024-09-01,2025-05-01,8,0.3460407383831954,0.3725926836705794,0.6033706418709296,0.38538952322378,0.4166074005789859,0.2540273865360973,0.1154118039401201,0.3092938361745859,0.3212669733491967,0.4173256426164049,-0.07128490423320955,-0.08892687708647876,0.3283987655299262,rolling_rf
2024-09-01,2025-06-01,9,0.3377324980625161,0.3642732822980764,0.6051492707858579,0.3862777586490007,0.4180389360529412,0.2347627953419927,0.1101906756306361,0.2943893512469582,0.3606571777804128,0.4166844226749684,-0.07895192461245232,-0.0923060640085442,0.3243783586664242,rolling_rf
2024-09-01,2025-07-01,10,0.3244310532726457,0.3595215480871175,0.6057513822057081,0.3830665122242966,0.4195971910225078,0.2267684069121694,0.1087704607595317,0.2821702022853659,0.3822909300429329,0.4159141413010266,-0.0914830880283809,-0.09530714779496911,0.3206069935060575,rolling_rf
2024-09-01,2025-08-01,11,0.316052449531476,0.3605182208681483,0.6099560355000753,0.3892828797484946,0.4211786059926293,0.2178937039723272,0.1063245948314325,0.2701664431779022,0.4056152580183378,0.4194156187872128,-0.1033631692557368,-0.0953704825955039,0.3240451361917089,rolling_rf
2024-09-01,2025-09-01,12,0.3233193408934277,0.3594530357160227,0.6147517777044694,0.3952506675108969,0.4225570178374634,0.2129867470446812,0.1048043805213691,0.2635083300253371,0.4187005424086125,0.4220641079335265,-0.09874476704009882,-0.09595116118859433,0.3261129467449322,rolling_rf
2024-10-01,2024-11-01,1,0.3367218054754119,0.3632157844125556,0.5620473792257119,0.3512184190761787,0.4779498332600266,0.4417003557530772,0.0857263483384071,0.3887341788269181,0.0838391170815976,0.3852163063626351,-0.04849450088722318,-0.04542272221859008,0.33979358414404504,rolling_rf
2024-10-01,2024-12-01,2,0.2929488885931053,0.3336198689188145,0.5527420048846231,0.3441714433674018,0.4938448745145789,0.4089943610690948,0.099399242434609,0.3785214061019305,0.1130849903943656,0.3775134832500719,-0.08456459465696659,-0.0675492169982921,0.3099642662517798,rolling_rf
2024-10-01,2025-01-01,3,0.3168293987828529,0.3444543891938242,0.5521215904819059,0.3501923247607542,0.5165401413704545,0.378930684998237,0.1076479933737906,0.3780502398411096,0.1353710817868628,0.3922740090515644,-0.07544461026871152,-0.05470004141774014,0.33757396763382425,rolling_rf
2024-10-01,2025-02-01,4,0.3191737430920609,0.340036446305111,0.5601945391752194,0.3504675895900835,0.5320944495369031,0.3473200759405793,0.1178582051561561,0.3664261350429356,0.1683955838603289,0.4021478470886424,-0.08297410399658145,-0.0696337077712639,0.3325141393173785,rolling_rf
2024-10-01,2025-03-01,5,0.3376594765224253,0.3501876551867019,0.5686735670419041,0.3592781816454573,0.544056013128615,0.3163752490838248,0.1177299982722859,0.3630749183356734,0.2028198343082159,0.4185308915989593,-0.080871415076534,-0.0781672979583317,0.34036359364062757,rolling_rf
2024-10-01,2025-04-01,6,0.3603701319600901,0.3618243090447705,0.5819131222157921,0.370812416064974,0.5514769255242333,0.2917039945125215,0.117611024658695,0.3518856630049811,0.2387993178238021,0.4361608813144894,-0.07579074935439928,-0.07857838240224461,0.35758249891224475,rolling_rf
2024-10-01,2025-05-01,7,0.3460407383831954,0.3550342021145148,0.5818011114811953,0.3594950955628205,0.550956941987605,0.2726297041857463,0.1169523313250653,0.3299191830000461,0.2804987814891421,0.4379829449546591,-0.09194220657146374,-0.08294647590101648,0.3550364690536426,rolling_rf
2024-10-01,2025-06-01,8,0.3377324980625161,0.3469949106057124,0.5838443553734989,0.3592012614931543,0.5490290736854406,0.255422302227581,0.1141596055257896,0.3103586914148739,0.3200594008317553,0.4424848300606254,-0.1047523319981093,-0.08929731738985028,0.3531875126707751,rolling_rf
2024-10-01,2025-07-01,9,0.3244310532726457,0.342351606061074,0.5846162799302197,0.3562144805278834,0.5485342770519557,0.2367048141676326,0.1093431243630789,0.2958692986612758,0.3580827628080127,0.4467736418422035,-0.12234258856955776,-0.09574538610710474,0.3510282557350987,rolling_rf
2024-10-01,2025-08-01,10,0.316052449531476,0.3432155779097271,0.5887927164082271,0.3643762668192395,0.5496341219365253,0.2293506262633692,0.1082989289142812,0.2842947784999823,0.3780556663223672,0.4538648925447297,-0.13781244301325374,-0.0993133873531373,0.3545515051915924,rolling_rf
2024-10-01,2025-09-01,11,0.3233193408934277,0.3421131008573057,0.5933812580413944,0.3685417982050485,0.5512401680371044,0.2211234819229452,0.1062836724339598,0.2727651056709995,0.3998277399720954,0.4596424324308395,-0.13632309153741184,-0.1016127656427679,0.35802966678807163,rolling_rf
2024-10-01,2025-10-01,12,0.3124621138840524,0.3420883319754632,0.59142848291567,0.3635896739231253,0.5527731829829656,0.2159712265161363,0.1047753794047702,0.2658894752401589,0.4133639188389346,0.4610195370709474,-0.14855742318689502,-0.10223913992489159,0.3587803971460558,rolling_rf
2024-11-01,2024-12-01,1,0.2929488885931053,0.3075138541521351,0.5113854655132304,0.3259066598360268,0.4201727940101303,0.4406239036283297,0.083347230476594,0.392424407999373,0.0836044578957033,0.341142563807764,-0.04819367521465867,-0.0677454346054494,0.27339712920231457,rolling_rf
2024-11-01,2025-01-01,2,0.3168293987828529,0.3161583184670745,0.5108877907201586,0.3301126537052862,0.4223719770858686,0.4117178390059705,0.0975985459921126,0.3785896388566817,0.1120939761452351,0.3523525098746198,-0.035523111091766923,-0.051615415617955705,0.3007370942566641,rolling_rf
2024-11-01,2025-02-01,3,0.3191737430920609,0.3118420764352186,0.5170930754760628,0.3256993752023191,0.4236488230686469,0.3816582829247722,0.1058500514865636,0.3799027126035124,0.1325889529851517,0.3536566701151418,-0.03448292702308087,-0.06369770521698193,0.28995896489815987,rolling_rf
2024-11-01,2025-03-01,4,0.3376594765224253,0.3208432643862352,0.524917765275665,0.3295885152531618,0.426780885019535,0.3508489525757924,0.1162495197033152,0.3692059890743993,0.163695538646493,0.3651371419668484,-0.027477665444423094,-0.07517150059694779,0.2899656413699006,rolling_rf
2024-11-01,2025-04-01,5,0.3603701319600901,0.3312984409739997,0.5370626086187936,0.3400597412263944,0.4315704513513348,0.320135762182569,0.1168322312685562,0.3669289156725097,0.196103090876365,0.3782167533599331,-0.017846621399843,-0.08043599527983064,0.29778075808010246,rolling_rf
2024-11-01,2025-05-01,6,0.3460407383831954,0.3248700543207983,0.5367641849815703,0.3340209914787507,0.4355678619071398,0.2955160179307768,0.1172821860941424,0.3563720032573084,0.2308297927177723,0.3785349509713397,-0.03249421258814433,-0.08598376305319778,0.29255118791814194,rolling_rf
2024-11-01,2025-06-01,7,0.3377324980625161,0.3173444585447418,0.5385164182268948,0.3317588868210565,0.4407784470205698,0.278060636472318,0.1174353201492971,0.3363945819125425,0.2681094614658423,0.3812606141884173,-0.043528116125901184,-0.09257462368993248,0.2886859904984848,rolling_rf
2024-11-01,2025-07-01,8,0.3244310532726457,0.3129753455560499,0.5393296174925704,0.3284792770011864,0.4475091180141491,0.2626087580964378,0.1156010214624899,0.3188473202279461,0.3029429002131261,0.3848415688036588,-0.060410515531013065,-0.09749319284711809,0.28734837595654067,rolling_rf
2024-11-01,2025-08-01,9,0.316052449531476,0.3136701480817221,0.5434082898404093,0.3339006910985482,0.455093259109291,0.2464192137931921,0.1121378578177714,0.307595713812801,0.3338472145762354,0.3928690311709175,-0.0768165816394415,-0.1066055188472834,0.28626351232363406,rolling_rf
2024-11-01,2025-09-01,10,0.3233193408934277,0.3125904783777556,0.5479718688770827,0.3437638757534026,0.4627015544926874,0.2403410267634617,0.1118413043768284,0.29712629780174,0.3506913710579697,0.4008209353630931,-0.07750159446966542,-0.10830937449304683,0.29251156087004626,rolling_rf
2024-11-01,2025-10-01,11,0.3124621138840524,0.312511827427555,0.5463543004015409,0.3409757085709521,0.4699545247222081,0.2323629637072405,0.1101979275322122,0.2859800839169228,0.3714590248436245,0.4049043972421074,-0.09244228335805504,-0.11390194410543118,0.2910024531366762,rolling_rf
2024-11-01,2025-11-01,12,0.3138688590875396,0.3007014343419215,0.5421854693373372,0.339217644876331,0.4774792260972935,0.2284868632069326,0.1094318339274703,0.280652478880756,0.381428823984841,0.405365290335139,-0.09149643124759943,-0.1152160904682569,0.29014919986688215,rolling_rf
2024-12-01,2025-01-01,1,0.3168293987828529,0.3088171853207423,0.5335406526928597,0.3048497334479904,0.393099718966257,0.4444537316438076,0.0814825994724023,0.3903992642177584,0.0836644046660317,0.3326307953139291,-0.015801396531076206,-0.0315243594227823,0.3011064358911468,rolling_rf
2024-12-01,2025-02-01,2,0.3191737430920609,0.3001663571380006,0.5389240707493762,0.2971799145670913,0.3912923106228093,0.4132889746742182,0.0957763092851217,0.3794166272755771,0.1115180887650827,0.3320627759627673,-0.012889032870706363,-0.03546543622658045,0.29659733973618685,rolling_rf
2024-12-01,2025-03-01,3,0.3376594765224253,0.3081072207154557,0.5467229166040061,0.3003566681821434,0.3899369355245605,0.3828405269344261,0.1041523754877895,0.3811087548197722,0.1318983427580121,0.340799012617466,-0.003139536095040696,-0.04007305905195028,0.3007259535655157,rolling_rf
2024-12-01,2025-04-01,4,0.3603701319600901,0.3166383333984929,0.5594091934220787,0.3111144907978583,0.3887699313926968,0.3516206971070595,0.1149184502365256,0.3703223018406352,0.1631385508157794,0.3542590266529203,0.006111105307169795,-0.04292447801917795,0.3113345486337423,rolling_rf
2024-12-01,2025-05-01,5,0.3460407383831954,0.3092526206932799,0.55881375006171,0.3010856369326005,0.3877515721395427,0.320553438995114,0.1159398679750699,0.3677124492292819,0.1957942438005339,0.3505532463200657,-0.0045125079368703025,-0.04613073927438657,0.3044225070456791,rolling_rf
2024-12-01,2025-06-01,6,0.3377324980625161,0.3009633604549478,0.5602668137463414,0.2892815379502932,0.3872875709714667,0.2964300826702376,0.1164176611274784,0.3576452180001012,0.2295070382021826,0.3467849279338825,-0.009052429871366396,-0.05258213314867278,0.2942027947852097,rolling_rf
2024-12-01,2025-07-01,7,0.3244310532726457,0.2959811736253824,0.5611269644830221,0.2871159423713615,0.3871354187518429,0.2794299133543658,0.1167858506333629,0.3382429298908052,0.2655413061214661,0.3481530658684246,-0.023722012595778885,-0.05930686591655464,0.28884619995186994,rolling_rf
2024-12-01,2025-08-01,8,0.316052449531476,0.2960413965578683,0.5655188188874934,0.288496984276851,0.3874584536696828,0.2649259293751249,0.1153224966797625,0.3217049600953354,0.2980466138497772,0.351937675168228,-0.035885225636752005,-0.06693033141732588,0.2850073437509021,rolling_rf
2024-12-01,2025-09-01,9,0.3233193408934277,0.2945044744152114,0.5706780329898077,0.3021009835653385,0.3876320783653688,0.2497910837821634,0.1123849645546923,0.3116400751229963,0.3261838765401478,0.3582863295581367,-0.03496698866470904,-0.07343233889171734,0.28485399066641937,rolling_rf
2024-12-01,2025-10-01,10,0.3124621138840524,0.2940262626563398,0.5692891908578146,0.2953441247277068,0.3881652345439288,0.2437691757681468,0.1123055703822862,0.3012167962322963,0.3427084576172706,0.3575990068613891,-0.04513689297733675,-0.07676244312397999,0.2808365637374091,rolling_rf
2024-12-01,2025-11-01,11,0.3138688590875396,0.282349366645108,0.5649307718701386,0.2838144565985165,0.38866250600232,0.2369588555116267,0.1112551139621147,0.2913409397222301,0.3604450908040283,0.3525348829400685,-0.03866602385252893,-0.08263022897176306,0.26990465396830543,rolling_rf
2024-12-01,2025-12-01,12,0.2722659019140298,0.257866832242461,0.5533728561650418,0.272336839024438,0.3886118207532325,0.2333130193461809,0.1107733688226217,0.2864103867387563,0.3695032250924409,0.3430560851776861,-0.07079018326365633,-0.09304974135398765,0.25000634382369846,rolling_rf
