month,actual,sarimax_pred,tbats_prophet_pred,var_pred,bilstm_pred,ensemble_pred,rf_hybrid_pred,chronos_uni_pred,chronos_mv_pred
2023-01-01,1083700.0,1049994.519288581,1050283.129621511,1049085.6102249422,0.423973490251788,1053873.7426025984,,,
2023-02-01,1096300.0,1049833.1500655073,1050283.129621511,1065547.6403194324,0.4209047728512977,1090014.486865447,,,
2023-02-01,1096300.0,1049833.1500655073,1050283.129621511,1065547.6403194324,0.4209047728512977,1060383.320804132,,,
2023-03-01,1079200.0,1049809.582545039,1050283.129621511,1103972.529069014,0.4178551926720936,1072938.82349735,,,
2023-03-01,1079200.0,1049809.582545039,1050283.129621511,1103972.529069014,0.4178551926720936,1101501.7621745924,,,
2023-03-01,1079200.0,1049809.582545039,1050283.129621511,1103972.529069014,0.4178551926720936,1099132.6462014928,,,
2023-04-01,1080700.0,1049806.140316181,1050283.129621511,1130547.000105094,0.4177312873455782,1082605.0581088343,,,
2023-04-01,1080700.0,1049806.140316181,1050283.129621511,1130547.000105094,0.4177312873455782,1110986.531971373,,,
2023-04-01,1080700.0,1049806.140316181,1050283.129621511,1130547.000105094,0.4177312873455782,1109941.0792056925,,,
2023-04-01,1080700.0,1049806.140316181,1050283.129621511,1130547.000105094,0.4177312873455782,1087902.8925473397,,,
2023-05-01,1111300.0,1049805.6375450185,1050283.129621511,1159673.3712930526,0.4190259192204845,1070992.1576019763,,,
2023-05-01,1111300.0,1049805.6375450185,1050283.129621511,1159673.3712930526,0.4190259192204845,1120784.764605233,,,
2023-05-01,1111300.0,1049805.6375450185,1050283.129621511,1159673.3712930526,0.4190259192204845,1098195.2362859407,,,
2023-05-01,1111300.0,1049805.6375450185,1050283.129621511,1159673.3712930526,0.4190259192204845,1093151.4030832192,,,
2023-05-01,1111300.0,1049805.6375450185,1050283.129621511,1159673.3712930526,0.4190259192204845,1120522.9894528715,,,
2023-06-01,1153200.0,1049805.5641102584,1050283.129621511,1171418.159106623,0.4189507886733166,1099705.603282339,,,
2023-06-01,1153200.0,1049805.5641102584,1050283.129621511,1171418.159106623,0.4189507886733166,1126095.4428304553,,,
2023-06-01,1153200.0,1049805.5641102584,1050283.129621511,1171418.159106623,0.4189507886733166,1128385.4775508286,,,
2023-06-01,1153200.0,1049805.5641102584,1050283.129621511,1171418.159106623,0.4189507886733166,1099844.6691382695,,,
2023-06-01,1153200.0,1049805.5641102584,1050283.129621511,1171418.159106623,0.4189507886733166,1073166.1891699587,,,
2023-06-01,1153200.0,1049805.5641102584,1050283.129621511,1171418.159106623,0.4189507886733166,1108962.51226662,,,
2023-07-01,1172200.0,1049805.5533843748,1050283.129621511,1185074.8913072865,0.4175116904667713,1108058.1460490278,,,
2023-07-01,1172200.0,1049805.5533843748,1050283.129621511,1185074.8913072865,0.4175116904667713,1143267.0196683565,,,
2023-07-01,1172200.0,1049805.5533843748,1050283.129621511,1185074.8913072865,0.4175116904667713,1080198.197012973,,,
2023-07-01,1172200.0,1049805.5533843748,1050283.129621511,1185074.8913072865,0.4175116904667713,1106943.1290173244,,,
2023-07-01,1172200.0,1049805.5533843748,1050283.129621511,1185074.8913072865,0.4175116904667713,1133432.0877002762,,,
2023-07-01,1172200.0,1049805.5533843748,1050283.129621511,1185074.8913072865,0.4175116904667713,1129543.863502436,,,
2023-07-01,1172200.0,1049805.5533843748,1050283.129621511,1185074.8913072865,0.4175116904667713,1114656.867721222,,,
2023-08-01,1164700.0,1049805.551817753,1050283.129621511,1187245.6783557397,0.4154848434105626,1111355.289134326,,,
2023-08-01,1164700.0,1049805.551817753,1050283.129621511,1187245.6783557397,0.4154848434105626,1134399.326835323,,,
2023-08-01,1164700.0,1049805.551817753,1050283.129621511,1187245.6783557397,0.4154848434105626,1140620.0126935511,,,
2023-08-01,1164700.0,1049805.551817753,1050283.129621511,1187245.6783557397,0.4154848434105626,1137361.492231825,,,
2023-08-01,1164700.0,1049805.551817753,1050283.129621511,1187245.6783557397,0.4154848434105626,1088214.4894599463,,,
2023-08-01,1164700.0,1049805.551817753,1050283.129621511,1187245.6783557397,0.4154848434105626,1110358.354835112,,,
2023-08-01,1164700.0,1049805.551817753,1050283.129621511,1187245.6783557397,0.4154848434105626,1140644.9594668024,,,
2023-08-01,1164700.0,1049805.551817753,1050283.129621511,1187245.6783557397,0.4154848434105626,1162282.6819978682,,,
2023-09-01,1181400.0,1049805.5515889323,1050283.129621511,1197886.4519101,0.4143154905428057,1116874.375075174,,,
2023-09-01,1181400.0,1049805.5515889323,1050283.129621511,1197886.4519101,0.4143154905428057,1159620.0618647283,,,
2023-09-01,1181400.0,1049805.5515889323,1050283.129621511,1197886.4519101,0.4143154905428057,1145193.8524437796,,,
2023-09-01,1181400.0,1049805.5515889323,1050283.129621511,1197886.4519101,0.4143154905428057,1101603.564399578,,,
2023-09-01,1181400.0,1049805.5515889323,1050283.129621511,1197886.4519101,0.4143154905428057,1163388.9618513586,,,
2023-09-01,1181400.0,1049805.5515889323,1050283.129621511,1197886.4519101,0.4143154905428057,1148968.6507899768,,,
2023-09-01,1181400.0,1049805.5515889323,1050283.129621511,1197886.4519101,0.4143154905428057,1139795.7704931663,,,
2023-09-01,1181400.0,1049805.5515889323,1050283.129621511,1197886.4519101,0.4143154905428057,1162206.0145174796,,,
2023-09-01,1181400.0,1049805.5515889323,1050283.129621511,1197886.4519101,0.4143154905428057,1118856.7358968563,,,
2023-10-01,1235900.0,1049805.5515555106,1050283.129621511,1208646.2811499287,0.4121226042275117,1182514.7631784636,,,
2023-10-01,1235900.0,1049805.5515555106,1050283.129621511,1208646.2811499287,0.4121226042275117,1159232.280210921,,,
2023-10-01,1235900.0,1049805.5515555106,1050283.129621511,1208646.2811499287,0.4121226042275117,1167085.6244399836,,,
2023-10-01,1235900.0,1049805.5515555106,1050283.129621511,1208646.2811499287,0.4121226042275117,1148705.784646947,,,
2023-10-01,1235900.0,1049805.5515555106,1050283.129621511,1208646.2811499287,0.4121226042275117,1122194.2046541846,,,
2023-10-01,1235900.0,1049805.5515555106,1050283.129621511,1208646.2811499287,0.4121226042275117,1188635.812134188,,,
2023-10-01,1235900.0,1049805.5515555106,1050283.129621511,1208646.2811499287,0.4121226042275117,1158283.0529251352,,,
2023-10-01,1235900.0,1049805.5515555106,1050283.129621511,1208646.2811499287,0.4121226042275117,1144903.9100300244,,,
2023-10-01,1235900.0,1049805.5515555106,1050283.129621511,1208646.2811499287,0.4121226042275117,1127607.3445664444,,,
2023-10-01,1235900.0,1049805.5515555106,1050283.129621511,1208646.2811499287,0.4121226042275117,1112228.9213258815,,,
2023-11-01,1253300.0,1049805.5515506286,1050283.129621511,1215736.5483016442,0.4092640986666645,1150188.3844540436,,,
2023-11-01,1253300.0,1049805.5515506286,1050283.129621511,1215736.5483016442,0.4092640986666645,1182323.152338883,,,
2023-11-01,1253300.0,1049805.5515506286,1050283.129621511,1215736.5483016442,0.4092640986666645,1158730.5307935628,,,
2023-11-01,1253300.0,1049805.5515506286,1050283.129621511,1215736.5483016442,0.4092640986666645,1230164.256309216,,,
2023-11-01,1253300.0,1049805.5515506286,1050283.129621511,1215736.5483016442,0.4092640986666645,1123636.4110844056,,,
2023-11-01,1253300.0,1049805.5515506286,1050283.129621511,1215736.5483016442,0.4092640986666645,1170000.3753752862,,,
2023-11-01,1253300.0,1049805.5515506286,1050283.129621511,1215736.5483016442,0.4092640986666645,1201194.8882554567,,,
2023-11-01,1253300.0,1049805.5515506286,1050283.129621511,1215736.5483016442,0.4092640986666645,1165942.5469610742,,,
2023-11-01,1253300.0,1049805.5515506286,1050283.129621511,1215736.5483016442,0.4092640986666645,1147565.203993881,,,
2023-11-01,1253300.0,1049805.5515506286,1050283.129621511,1215736.5483016442,0.4092640986666645,1136497.522107747,,,
2023-11-01,1253300.0,1049805.5515506286,1050283.129621511,1215736.5483016442,0.4092640986666645,1125125.018344544,,,
2023-12-01,1263300.0,1049805.5515499162,1050283.129621511,1221302.098040957,0.4047095992704881,1246660.5193744905,,,
2023-12-01,1263300.0,1049805.5515499162,1050283.129621511,1221302.098040957,0.4047095992704881,1226866.6428249364,,,
2023-12-01,1263300.0,1049805.5515499162,1050283.129621511,1221302.098040957,0.4047095992704881,1184596.4114569735,,,
2023-12-01,1263300.0,1049805.5515499162,1050283.129621511,1221302.098040957,0.4047095992704881,1158459.1347216915,,,
2023-12-01,1263300.0,1049805.5515499162,1050283.129621511,1221302.098040957,0.4047095992704881,1172100.0175942832,,,
2023-12-01,1263300.0,1049805.5515499162,1050283.129621511,1221302.098040957,0.4047095992704881,1151933.6279545198,,,
2023-12-01,1263300.0,1049805.5515499162,1050283.129621511,1221302.098040957,0.4047095992704881,1135425.7021402954,,,
2023-12-01,1263300.0,1049805.5515499162,1050283.129621511,1221302.098040957,0.4047095992704881,1199407.2318942663,,,
2023-12-01,1263300.0,1049805.5515499162,1050283.129621511,1221302.098040957,0.4047095992704881,1175777.8899871716,,,
2023-12-01,1263300.0,1049805.5515499162,1050283.129621511,1221302.098040957,0.4047095992704881,1150969.9040520545,,,
2023-12-01,1263300.0,1049805.5515499162,1050283.129621511,1221302.098040957,0.4047095992704881,1145407.5967941766,,,
2023-12-01,1263300.0,1049805.5515499162,1050283.129621511,1221302.098040957,0.4047095992704881,1131014.7288409371,,,
2024-01-01,1246400.0,1049805.5515498118,1050283.129621511,1224706.8983228514,0.3955188376789874,1162492.314161411,,,
2024-01-01,1246400.0,1049805.5515498118,1050283.129621511,1224706.8983228514,0.3955188376789874,1268537.4270408906,,,
2024-01-01,1246400.0,1049805.5515498118,1050283.129621511,1224706.8983228514,0.3955188376789874,1252027.3267173762,,,
2024-01-01,1246400.0,1049805.5515498118,1050283.129621511,1224706.8983228514,0.3955188376789874,1234983.3235201954,,,
2024-01-01,1246400.0,1049805.5515498118,1050283.129621511,1224706.8983228514,0.3955188376789874,1194233.6226806063,,,
2024-01-01,1246400.0,1049805.5515498118,1050283.129621511,1224706.8983228514,0.3955188376789874,1177992.0541253411,,,
2024-01-01,1246400.0,1049805.5515498118,1050283.129621511,1224706.8983228514,0.3955188376789874,1186636.4563964636,,,
2024-01-01,1246400.0,1049805.5515498118,1050283.129621511,1224706.8983228514,0.3955188376789874,1142449.6812179503,,,
2024-01-01,1246400.0,1049805.5515498118,1050283.129621511,1224706.8983228514,0.3955188376789874,1153743.0303148571,,,
2024-01-01,1246400.0,1049805.5515498118,1050283.129621511,1224706.8983228514,0.3955188376789874,1158660.615115909,,,
2024-01-01,1246400.0,1049805.5515498118,1050283.129621511,1224706.8983228514,0.3955188376789874,1142595.671723452,,,
2024-01-01,1246400.0,1049805.5515498118,1050283.129621511,1224706.8983228514,0.3955188376789874,1226844.110245,,,
2024-02-01,1300900.0,1049805.551549797,1050283.129621511,1231042.9748316188,0.3923535974100939,1246527.2028688306,,,
2024-02-01,1300900.0,1049805.551549797,1050283.129621511,1231042.9748316188,0.3923535974100939,1276968.9003325766,,,
2024-02-01,1300900.0,1049805.551549797,1050283.129621511,1231042.9748316188,0.3923535974100939,1260608.570151953,,,
2024-02-01,1300900.0,1049805.551549797,1050283.129621511,1231042.9748316188,0.3923535974100939,1244488.565904715,,,
2024-02-01,1300900.0,1049805.551549797,1050283.129621511,1231042.9748316188,0.3923535974100939,1165625.200772397,,,
2024-02-01,1300900.0,1049805.551549797,1050283.129621511,1231042.9748316188,0.3923535974100939,1204720.6799424216,,,
2024-02-01,1300900.0,1049805.551549797,1050283.129621511,1231042.9748316188,0.3923535974100939,1166224.05437754,,,
2024-02-01,1300900.0,1049805.551549797,1050283.129621511,1231042.9748316188,0.3923535974100939,1154465.9540244034,,,
2024-02-01,1300900.0,1049805.551549797,1050283.129621511,1231042.9748316188,0.3923535974100939,1145828.12279021,,,
2024-02-01,1300900.0,1049805.551549797,1050283.129621511,1231042.9748316188,0.3923535974100939,1232428.1424487752,,,
2024-02-01,1300900.0,1049805.551549797,1050283.129621511,1231042.9748316188,0.3923535974100939,1198124.972836805,,,
2024-02-01,1300900.0,1049805.551549797,1050283.129621511,1231042.9748316188,0.3923535974100939,1183630.4983414377,,,
2024-03-01,1350400.0,1049805.551549795,1050283.129621511,1231673.074286003,0.3874571768816401,1253887.6911377567,,,
2024-03-01,1350400.0,1049805.551549795,1050283.129621511,1231673.074286003,0.3874571768816401,1317846.5404715328,,,
2024-03-01,1350400.0,1049805.551549795,1050283.129621511,1231673.074286003,0.3874571768816401,1256972.5277612498,,,
2024-03-01,1350400.0,1049805.551549795,1050283.129621511,1231673.074286003,0.3874571768816401,1291118.1013181636,,,
2024-03-01,1350400.0,1049805.551549795,1050283.129621511,1231673.074286003,0.3874571768816401,1271447.796517589,,,
2024-03-01,1350400.0,1049805.551549795,1050283.129621511,1231673.074286003,0.3874571768816401,1214498.4569393992,,,
2024-03-01,1350400.0,1049805.551549795,1050283.129621511,1231673.074286003,0.3874571768816401,1176649.887416185,,,
2024-03-01,1350400.0,1049805.551549795,1050283.129621511,1231673.074286003,0.3874571768816401,1190730.2070419495,,,
2024-03-01,1350400.0,1049805.551549795,1050283.129621511,1231673.074286003,0.3874571768816401,1174698.7224069426,,,
2024-03-01,1350400.0,1049805.551549795,1050283.129621511,1231673.074286003,0.3874571768816401,1162384.1853240426,,,
2024-03-01,1350400.0,1049805.551549795,1050283.129621511,1231673.074286003,0.3874571768816401,1279548.7391095762,,,
2024-03-01,1350400.0,1049805.551549795,1050283.129621511,1231673.074286003,0.3874571768816401,1167004.1242191172,,,
2024-04-01,1360600.0,1049805.551549795,1050283.129621511,1232556.2426321711,0.3827372689406139,1275428.4692989802,,,
2024-04-01,1360600.0,1049805.551549795,1050283.129621511,1232556.2426321711,0.3827372689406139,1325067.5855341195,,,
2024-04-01,1360600.0,1049805.551549795,1050283.129621511,1232556.2426321711,0.3827372689406139,1265013.9199323698,,,
2024-04-01,1360600.0,1049805.551549795,1050283.129621511,1232556.2426321711,0.3827372689406139,1305000.5948028292,,,
2024-04-01,1360600.0,1049805.551549795,1050283.129621511,1232556.2426321711,0.3827372689406139,1355844.0034776556,,,
2024-04-01,1360600.0,1049805.551549795,1050283.129621511,1232556.2426321711,0.3827372689406139,1257522.2269249195,,,
2024-04-01,1360600.0,1049805.551549795,1050283.129621511,1232556.2426321711,0.3827372689406139,1168429.527819652,,,
2024-04-01,1360600.0,1049805.551549795,1050283.129621511,1232556.2426321711,0.3827372689406139,1196102.151690398,,,
2024-04-01,1360600.0,1049805.551549795,1050283.129621511,1232556.2426321711,0.3827372689406139,1180793.8637534874,,,
2024-04-01,1360600.0,1049805.551549795,1050283.129621511,1232556.2426321711,0.3827372689406139,1189468.7755679558,,,
2024-04-01,1360600.0,1049805.551549795,1050283.129621511,1232556.2426321711,0.3827372689406139,1235438.706600557,,,
2024-04-01,1360600.0,1049805.551549795,1050283.129621511,1232556.2426321711,0.3827372689406139,1222110.917564337,,,
2024-05-01,1380700.0,1049805.551549795,1050283.129621511,1231065.1374743185,0.3819747787542686,1359253.9959602607,,,
2024-05-01,1380700.0,1049805.551549795,1050283.129621511,1231065.1374743185,0.3819747787542686,1329747.4136564098,,,
2024-05-01,1380700.0,1049805.551549795,1050283.129621511,1231065.1374743185,0.3819747787542686,1269559.9110067545,,,
2024-05-01,1380700.0,1049805.551549795,1050283.129621511,1231065.1374743185,0.3819747787542686,1317329.055431383,,,
2024-05-01,1380700.0,1049805.551549795,1050283.129621511,1231065.1374743185,0.3819747787542686,1282793.0545587763,,,
2024-05-01,1380700.0,1049805.551549795,1050283.129621511,1231065.1374743185,0.3819747787542686,1360387.1011383464,,,
2024-05-01,1380700.0,1049805.551549795,1050283.129621511,1231065.1374743185,0.3819747787542686,1230044.3745353022,,,
2024-05-01,1380700.0,1049805.551549795,1050283.129621511,1231065.1374743185,0.3819747787542686,1167272.4237665364,,,
2024-05-01,1380700.0,1049805.551549795,1050283.129621511,1231065.1374743185,0.3819747787542686,1199448.041222707,,,
2024-05-01,1380700.0,1049805.551549795,1050283.129621511,1231065.1374743185,0.3819747787542686,1188506.0340125486,,,
2024-05-01,1380700.0,1049805.551549795,1050283.129621511,1231065.1374743185,0.3819747787542686,1235892.516323315,,,
2024-05-01,1380700.0,1049805.551549795,1050283.129621511,1231065.1374743185,0.3819747787542686,1266304.3131663527,,,
2024-06-01,1423000.0,1049805.551549795,1050283.129621511,1232100.692717551,0.3799953825545913,1379374.335621573,,,
2024-06-01,1423000.0,1049805.551549795,1050283.129621511,1232100.692717551,0.3799953825545913,1369764.4309193322,,,
2024-06-01,1423000.0,1049805.551549795,1050283.129621511,1232100.692717551,0.3799953825545913,1371076.8164413115,,,
2024-06-01,1423000.0,1049805.551549795,1050283.129621511,1232100.692717551,0.3799953825545913,1340409.5507383794,,,
2024-06-01,1423000.0,1049805.551549795,1050283.129621511,1232100.692717551,0.3799953825545913,1280197.861580548,,,
2024-06-01,1423000.0,1049805.551549795,1050283.129621511,1232100.692717551,0.3799953825545913,1330719.3929246727,,,
2024-06-01,1423000.0,1049805.551549795,1050283.129621511,1232100.692717551,0.3799953825545913,1291230.2222409043,,,
2024-06-01,1423000.0,1049805.551549795,1050283.129621511,1232100.692717551,0.3799953825545913,1238704.1516409542,,,
2024-06-01,1423000.0,1049805.551549795,1050283.129621511,1232100.692717551,0.3799953825545913,1165469.1142955984,,,
2024-06-01,1423000.0,1049805.551549795,1050283.129621511,1232100.692717551,0.3799953825545913,1202838.1680941842,,,
2024-06-01,1423000.0,1049805.551549795,1050283.129621511,1232100.692717551,0.3799953825545913,1200199.0369441025,,,
2024-06-01,1423000.0,1049805.551549795,1050283.129621511,1232100.692717551,0.3799953825545913,1274644.4756814593,,,
2024-07-01,1422200.0,1049805.551549795,1050283.129621511,1232015.2391788429,0.3754519844490294,1347904.2066931566,,,
2024-07-01,1422200.0,1049805.551549795,1050283.129621511,1232015.2391788429,0.3754519844490294,1420407.6559488832,,,
2024-07-01,1422200.0,1049805.551549795,1050283.129621511,1232015.2391788429,0.3754519844490294,1379330.1028635302,,,
2024-07-01,1422200.0,1049805.551549795,1050283.129621511,1232015.2391788429,0.3754519844490294,1378385.2826446474,,,
2024-07-01,1422200.0,1049805.551549795,1050283.129621511,1232015.2391788429,0.3754519844490294,1381495.4147464377,,,
2024-07-01,1422200.0,1049805.551549795,1050283.129621511,1232015.2391788429,0.3754519844490294,1287690.2542584245,,,
2024-07-01,1422200.0,1049805.551549795,1050283.129621511,1232015.2391788429,0.3754519844490294,1159992.2500476644,,,
2024-07-01,1422200.0,1049805.551549795,1050283.129621511,1232015.2391788429,0.3754519844490294,1297998.3858690446,,,
2024-07-01,1422200.0,1049805.551549795,1050283.129621511,1232015.2391788429,0.3754519844490294,1207265.3552208734,,,
2024-07-01,1422200.0,1049805.551549795,1050283.129621511,1232015.2391788429,0.3754519844490294,1340752.5215653365,,,
2024-07-01,1422200.0,1049805.551549795,1050283.129621511,1232015.2391788429,0.3754519844490294,1281748.343782528,,,
2024-07-01,1422200.0,1049805.551549795,1050283.129621511,1232015.2391788429,0.3754519844490294,1246788.087810445,,,
2024-08-01,1460100.0,1049805.551549795,1050283.129621511,1233752.28911197,0.3709727338146246,1411029.1879744397,,,
2024-08-01,1460100.0,1049805.551549795,1050283.129621511,1233752.28911197,0.3709727338146246,1412513.7973934116,,,
2024-08-01,1460100.0,1049805.551549795,1050283.129621511,1233752.28911197,0.3709727338146246,1375196.577173824,,,
2024-08-01,1460100.0,1049805.551549795,1050283.129621511,1233752.28911197,0.3709727338146246,1378731.6070504864,,,
2024-08-01,1460100.0,1049805.551549795,1050283.129621511,1233752.28911197,0.3709727338146246,1348242.84632263,,,
2024-08-01,1460100.0,1049805.551549795,1050283.129621511,1233752.28911197,0.3709727338146246,1384177.0398742575,,,
2024-08-01,1460100.0,1049805.551549795,1050283.129621511,1233752.28911197,0.3709727338146246,1351509.585504855,,,
2024-08-01,1460100.0,1049805.551549795,1050283.129621511,1233752.28911197,0.3709727338146246,1302941.9507905869,,,
2024-08-01,1460100.0,1049805.551549795,1050283.129621511,1233752.28911197,0.3709727338146246,1288275.7799402878,,,
2024-08-01,1460100.0,1049805.551549795,1050283.129621511,1233752.28911197,0.3709727338146246,1259963.6103998106,,,
2024-08-01,1460100.0,1049805.551549795,1050283.129621511,1233752.28911197,0.3709727338146246,1154516.3288464746,,,
2024-08-01,1460100.0,1049805.551549795,1050283.129621511,1233752.28911197,0.3709727338146246,1292286.2942032958,,,
2024-09-01,1435900.0,1049805.551549795,1050283.129621511,1234452.015530858,0.3665284904931279,1379494.741129614,,,
2024-09-01,1435900.0,1049805.551549795,1050283.129621511,1234452.015530858,0.3665284904931279,1462011.613491331,,,
2024-09-01,1435900.0,1049805.551549795,1050283.129621511,1234452.015530858,0.3665284904931279,1409306.8161094976,,,
2024-09-01,1435900.0,1049805.551549795,1050283.129621511,1234452.015530858,0.3665284904931279,1409651.9843936758,,,
2024-09-01,1435900.0,1049805.551549795,1050283.129621511,1234452.015530858,0.3665284904931279,1372200.7126690634,,,
2024-09-01,1435900.0,1049805.551549795,1050283.129621511,1234452.015530858,0.3665284904931279,1386897.361086673,,,
2024-09-01,1435900.0,1049805.551549795,1050283.129621511,1234452.015530858,0.3665284904931279,1297248.025800216,,,
2024-09-01,1435900.0,1049805.551549795,1050283.129621511,1234452.015530858,0.3665284904931279,1294552.6089350248,,,
2024-09-01,1435900.0,1049805.551549795,1050283.129621511,1234452.015530858,0.3665284904931279,1358758.7413545414,,,
2024-09-01,1435900.0,1049805.551549795,1050283.129621511,1234452.015530858,0.3665284904931279,1306812.256166424,,,
2024-09-01,1435900.0,1049805.551549795,1050283.129621511,1234452.015530858,0.3665284904931279,1273961.6800072433,,,
2024-09-01,1435900.0,1049805.551549795,1050283.129621511,1234452.015530858,0.3665284904931279,1349116.4315127337,,,
2024-10-01,1467300.0,1049805.551549795,1050283.129621511,1232466.571458979,0.3640712708212161,1407526.766092209,,,
2024-10-01,1467300.0,1049805.551549795,1050283.129621511,1232466.571458979,0.3640712708212161,1410220.1948716803,,,
2024-10-01,1467300.0,1049805.551549795,1050283.129621511,1232466.571458979,0.3640712708212161,1369690.893214054,,,
2024-10-01,1467300.0,1049805.551549795,1050283.129621511,1232466.571458979,0.3640712708212161,1429039.4251173397,,,
2024-10-01,1467300.0,1049805.551549795,1050283.129621511,1232466.571458979,0.3640712708212161,1460138.3231390954,,,
2024-10-01,1467300.0,1049805.551549795,1050283.129621511,1232466.571458979,0.3640712708212161,1380008.7405987163,,,
2024-10-01,1467300.0,1049805.551549795,1050283.129621511,1232466.571458979,0.3640712708212161,1390309.1430894253,,,
2024-10-01,1467300.0,1049805.551549795,1050283.129621511,1232466.571458979,0.3640712708212161,1349751.4256202923,,,
2024-10-01,1467300.0,1049805.551549795,1050283.129621511,1232466.571458979,0.3640712708212161,1297989.2283200484,,,
2024-10-01,1467300.0,1049805.551549795,1050283.129621511,1232466.571458979,0.3640712708212161,1364788.519746004,,,
2024-10-01,1467300.0,1049805.551549795,1050283.129621511,1232466.571458979,0.3640712708212161,1312418.7867098672,,,
2024-10-01,1467300.0,1049805.551549795,1050283.129621511,1232466.571458979,0.3640712708212161,1304211.0681034238,,,
2024-11-01,1559700.0,1049805.551549795,1050283.129621511,1229382.8761467433,0.3606586352526851,1429637.190298558,,,
2024-11-01,1559700.0,1049805.551549795,1050283.129621511,1229382.8761467433,0.3606586352526851,1459957.7599970335,,,
2024-11-01,1559700.0,1049805.551549795,1050283.129621511,1229382.8761467433,0.3606586352526851,1409531.1796471735,,,
2024-11-01,1559700.0,1049805.551549795,1050283.129621511,1229382.8761467433,0.3606586352526851,1403200.7675637996,,,
2024-11-01,1559700.0,1049805.551549795,1050283.129621511,1229382.8761467433,0.3606586352526851,1365843.7636096808,,,
2024-11-01,1559700.0,1049805.551549795,1050283.129621511,1229382.8761467433,0.3606586352526851,1459847.4496626342,,,
2024-11-01,1559700.0,1049805.551549795,1050283.129621511,1229382.8761467433,0.3606586352526851,1393200.9213017242,,,
2024-11-01,1559700.0,1049805.551549795,1050283.129621511,1229382.8761467433,0.3606586352526851,1349744.428578109,,,
2024-11-01,1559700.0,1049805.551549795,1050283.129621511,1229382.8761467433,0.3606586352526851,1301462.8442983166,,,
2024-11-01,1559700.0,1049805.551549795,1050283.129621511,1229382.8761467433,0.3606586352526851,1369341.6873726393,,,
2024-11-01,1559700.0,1049805.551549795,1050283.129621511,1229382.8761467433,0.3606586352526851,1316233.9808302964,,,
2024-11-01,1559700.0,1049805.551549795,1050283.129621511,1229382.8761467433,0.3606586352526851,1380891.728282764,,,
2024-12-01,1502600.0,1049805.551549795,1050283.129621511,1226121.87012132,0.3518234898944129,1553839.5073892465,,,
2024-12-01,1502600.0,1049805.551549795,1050283.129621511,1226121.87012132,0.3518234898944129,1450381.7752450006,,,
2024-12-01,1502600.0,1049805.551549795,1050283.129621511,1226121.87012132,0.3518234898944129,1425260.901085553,,,
2024-12-01,1502600.0,1049805.551549795,1050283.129621511,1226121.87012132,0.3518234898944129,1455265.368779214,,,
2024-12-01,1502600.0,1049805.551549795,1050283.129621511,1226121.87012132,0.3518234898944129,1404705.1393941054,,,
2024-12-01,1502600.0,1049805.551549795,1050283.129621511,1226121.87012132,0.3518234898944129,1395296.337658326,,,
2024-12-01,1502600.0,1049805.551549795,1050283.129621511,1226121.87012132,0.3518234898944129,1359372.9235311626,,,
2024-12-01,1502600.0,1049805.551549795,1050283.129621511,1226121.87012132,0.3518234898944129,1390366.863550258,,,
2024-12-01,1502600.0,1049805.551549795,1050283.129621511,1226121.87012132,0.3518234898944129,1345179.801405401,,,
2024-12-01,1502600.0,1049805.551549795,1050283.129621511,1226121.87012132,0.3518234898944129,1304564.5027247365,,,
2024-12-01,1502600.0,1049805.551549795,1050283.129621511,1226121.87012132,0.3518234898944129,1371790.9609309393,,,
2024-12-01,1502600.0,1049805.551549795,1050283.129621511,1226121.87012132,0.3518234898944129,1375803.3157817114,,,
2025-01-01,1495300.0,1049805.551549795,1050283.129621511,1226606.160650778,0.3384231438133453,1454759.7539815593,,1499103.375,1499103.375
2025-01-01,1495300.0,1049805.551549795,1050283.129621511,1226606.160650778,0.3384231438133453,1549409.6482514185,,1499103.375,1499103.375
2025-01-01,1495300.0,1049805.551549795,1050283.129621511,1226606.160650778,0.3384231438133453,1450861.6542303236,,1499103.375,1499103.375
2025-01-01,1495300.0,1049805.551549795,1050283.129621511,1226606.160650778,0.3384231438133453,1424352.6790869562,,1499103.375,1499103.375
2025-01-01,1495300.0,1049805.551549795,1050283.129621511,1226606.160650778,0.3384231438133453,1494218.5359284042,,1499103.375,1499103.375
2025-01-01,1495300.0,1049805.551549795,1050283.129621511,1226606.160650778,0.3384231438133453,1405179.3949498995,,1499103.375,1499103.375
2025-01-01,1495300.0,1049805.551549795,1050283.129621511,1226606.160650778,0.3384231438133453,1356172.846540725,,1499103.375,1499103.375
2025-01-01,1495300.0,1049805.551549795,1050283.129621511,1226606.160650778,0.3384231438133453,1372235.2094840049,,1499103.375,1499103.375
2025-01-01,1495300.0,1049805.551549795,1050283.129621511,1226606.160650778,0.3384231438133453,1388879.2415978997,,1499103.375,1499103.375
2025-01-01,1495300.0,1049805.551549795,1050283.129621511,1226606.160650778,0.3384231438133453,1344012.2198407804,,1499103.375,1499103.375
2025-01-01,1495300.0,1049805.551549795,1050283.129621511,1226606.160650778,0.3384231438133453,1309022.658424939,,1499103.375,1499103.375
2025-01-01,1495300.0,1049805.551549795,1050283.129621511,1226606.160650778,0.3384231438133453,1389630.645381442,,1499103.375,1499103.375
2025-02-01,1483800.0,1049805.551549795,1050283.129621511,1228252.390345264,0.3304353051253347,1497639.8748479178,,1508713.625,1508713.625
2025-02-01,1483800.0,1049805.551549795,1050283.129621511,1228252.390345264,0.3304353051253347,1445467.1089930043,,1508713.625,1508713.625
2025-02-01,1483800.0,1049805.551549795,1050283.129621511,1228252.390345264,0.3304353051253347,1417741.2872171008,,1508713.625,1508713.625
2025-02-01,1483800.0,1049805.551549795,1050283.129621511,1228252.390345264,0.3304353051253347,1446383.8647401603,,1508713.625,1508713.625
2025-02-01,1483800.0,1049805.551549795,1050283.129621511,1228252.390345264,0.3304353051253347,1401281.8987489983,,1508713.625,1508713.625
2025-02-01,1483800.0,1049805.551549795,1050283.129621511,1228252.390345264,0.3304353051253347,1546868.6465139948,,1508713.625,1508713.625
2025-02-01,1483800.0,1049805.551549795,1050283.129621511,1228252.390345264,0.3304353051253347,1351329.4056906144,,1508713.625,1508713.625
2025-02-01,1483800.0,1049805.551549795,1050283.129621511,1228252.390345264,0.3304353051253347,1365558.5256607053,,1508713.625,1508713.625
2025-02-01,1483800.0,1049805.551549795,1050283.129621511,1228252.390345264,0.3304353051253347,1385924.7049932792,,1508713.625,1508713.625
2025-02-01,1483800.0,1049805.551549795,1050283.129621511,1228252.390345264,0.3304353051253347,1339948.3462085766,,1508713.625,1508713.625
2025-02-01,1483800.0,1049805.551549795,1050283.129621511,1228252.390345264,0.3304353051253347,1383472.193643158,,1508713.625,1508713.625
2025-03-01,1520600.0,1049805.551549795,1050283.129621511,1230907.3916018768,0.3246285437948794,1506683.384007642,,1518323.25,1518323.25
2025-03-01,1520600.0,1049805.551549795,1050283.129621511,1230907.3916018768,0.3246285437948794,1550663.2913074172,,1518323.25,1518323.25
2025-03-01,1520600.0,1049805.551549795,1050283.129621511,1230907.3916018768,0.3246285437948794,1446252.6458779266,,1518323.25,1518323.25
2025-03-01,1520600.0,1049805.551549795,1050283.129621511,1230907.3916018768,0.3246285437948794,1417139.675587319,,1518323.25,1518323.25
2025-03-01,1520600.0,1049805.551549795,1050283.129621511,1230907.3916018768,0.3246285437948794,1442786.2132230282,,1518323.25,1518323.25
2025-03-01,1520600.0,1049805.551549795,1050283.129621511,1230907.3916018768,0.3246285437948794,1398603.1728250445,,1518323.25,1518323.25
2025-03-01,1520600.0,1049805.551549795,1050283.129621511,1230907.3916018768,0.3246285437948794,1347975.852115373,,1518323.25,1518323.25
2025-03-01,1520600.0,1049805.551549795,1050283.129621511,1230907.3916018768,0.3246285437948794,1360910.1847683978,,1518323.25,1518323.25
2025-03-01,1520600.0,1049805.551549795,1050283.129621511,1230907.3916018768,0.3246285437948794,1383729.1181506189,,1518323.25,1518323.25
2025-03-01,1520600.0,1049805.551549795,1050283.129621511,1230907.3916018768,0.3246285437948794,1377339.6830497475,,1518323.25,1518323.25
2025-04-01,1553500.0,1049805.551549795,1050283.129621511,1232118.364747153,0.3218398137525262,1410494.267433486,,1499104.0,1499104.0
2025-04-01,1553500.0,1049805.551549795,1050283.129621511,1232118.364747153,0.3218398137525262,1546187.0128332216,,1499104.0,1499104.0
2025-04-01,1553500.0,1049805.551549795,1050283.129621511,1232118.364747153,0.3218398137525262,1437971.6961098984,,1499104.0,1499104.0
2025-04-01,1553500.0,1049805.551549795,1050283.129621511,1232118.364747153,0.3218398137525262,1438681.3809525638,,1499104.0,1499104.0
2025-04-01,1553500.0,1049805.551549795,1050283.129621511,1232118.364747153,0.3218398137525262,1508945.3985098405,,1499104.0,1499104.0
2025-04-01,1553500.0,1049805.551549795,1050283.129621511,1232118.364747153,0.3218398137525262,1371442.015367054,,1499104.0,1499104.0
2025-04-01,1553500.0,1049805.551549795,1050283.129621511,1232118.364747153,0.3218398137525262,1343994.3653775018,,1499104.0,1499104.0
2025-04-01,1553500.0,1049805.551549795,1050283.129621511,1232118.364747153,0.3218398137525262,1355498.0097930932,,1499104.0,1499104.0
2025-04-01,1553500.0,1049805.551549795,1050283.129621511,1232118.364747153,0.3218398137525262,1394971.9672146786,,1499104.0,1499104.0
2025-05-01,1571000.0,1049805.551549795,1050283.129621511,1232634.8088709514,0.3225999425275553,1506887.133820314,,1470275.125,1470275.125
2025-05-01,1571000.0,1049805.551549795,1050283.129621511,1232634.8088709514,0.3225999425275553,1431619.977008288,,1470275.125,1470275.125
2025-05-01,1571000.0,1049805.551549795,1050283.129621511,1232634.8088709514,0.3225999425275553,1405326.8743312757,,1470275.125,1470275.125
2025-05-01,1571000.0,1049805.551549795,1050283.129621511,1232634.8088709514,0.3225999425275553,1538132.5200323183,,1470275.125,1470275.125
2025-05-01,1571000.0,1049805.551549795,1050283.129621511,1232634.8088709514,0.3225999425275553,1391448.6794864542,,1470275.125,1470275.125
2025-05-01,1571000.0,1049805.551549795,1050283.129621511,1232634.8088709514,0.3225999425275553,1363678.9678625164,,1470275.125,1470275.125
2025-05-01,1571000.0,1049805.551549795,1050283.129621511,1232634.8088709514,0.3225999425275553,1340043.719258248,,1470275.125,1470275.125
2025-05-01,1571000.0,1049805.551549795,1050283.129621511,1232634.8088709514,0.3225999425275553,1434103.0679010486,,1470275.125,1470275.125
2025-06-01,1548400.0,1049805.551549795,1050283.129621511,1232703.8097468151,0.3210745798204283,1359055.544020938,,1489494.375,1489494.375
2025-06-01,1548400.0,1049805.551549795,1050283.129621511,1232703.8097468151,0.3210745798204283,1388232.7400796977,,1489494.375,1489494.375
2025-06-01,1548400.0,1049805.551549795,1050283.129621511,1232703.8097468151,0.3210745798204283,1428449.462054482,,1489494.375,1489494.375
2025-06-01,1548400.0,1049805.551549795,1050283.129621511,1232703.8097468151,0.3210745798204283,1398579.8731087889,,1489494.375,1489494.375
2025-06-01,1548400.0,1049805.551549795,1050283.129621511,1232703.8097468151,0.3210745798204283,1425252.968238824,,1489494.375,1489494.375
2025-06-01,1548400.0,1049805.551549795,1050283.129621511,1232703.8097468151,0.3210745798204283,1536128.9144747332,,1489494.375,1489494.375
2025-06-01,1548400.0,1049805.551549795,1050283.129621511,1232703.8097468151,0.3210745798204283,1514763.6479021595,,1489494.375,1489494.375
2025-07-01,1559900.0,1049805.551549795,1050283.129621511,1233558.2575742598,0.3195688124784201,1535834.958009609,,1465470.0,1465470.0
2025-07-01,1559900.0,1049805.551549795,1050283.129621511,1233558.2575742598,0.3195688124784201,1514380.633983701,,1465470.0,1465470.0
2025-07-01,1559900.0,1049805.551549795,1050283.129621511,1233558.2575742598,0.3195688124784201,1420393.744998572,,1465470.0,1465470.0
2025-07-01,1559900.0,1049805.551549795,1050283.129621511,1233558.2575742598,0.3195688124784201,1384959.900499357,,1465470.0,1465470.0
2025-07-01,1559900.0,1049805.551549795,1050283.129621511,1233558.2575742598,0.3195688124784201,1423057.7534431375,,1465470.0,1465470.0
2025-07-01,1559900.0,1049805.551549795,1050283.129621511,1233558.2575742598,0.3195688124784201,1394509.929851533,,1465470.0,1465470.0
2025-08-01,1590100.0,1049805.551549795,1050283.129621511,1235592.6588403312,0.3166886039508194,1419400.2640928268,,1441445.625,1441445.625
2025-08-01,1590100.0,1049805.551549795,1050283.129621511,1235592.6588403312,0.3166886039508194,1390347.404485293,,1441445.625,1441445.625
2025-08-01,1590100.0,1049805.551549795,1050283.129621511,1235592.6588403312,0.3166886039508194,1415260.938309252,,1441445.625,1441445.625
2025-08-01,1590100.0,1049805.551549795,1050283.129621511,1235592.6588403312,0.3166886039508194,1531964.8232674198,,1441445.625,1441445.625
2025-08-01,1590100.0,1049805.551549795,1050283.129621511,1235592.6588403312,0.3166886039508194,1515322.6557768832,,1441445.625,1441445.625
2025-09-01,1596100.0,1049805.551549795,1050283.129621511,1237233.2547903575,0.3126973562179774,1510365.7716732684,,1446250.75,1446250.75
2025-09-01,1596100.0,1049805.551549795,1050283.129621511,1237233.2547903575,0.3126973562179774,1524406.5285896522,,1446250.75,1446250.75
2025-09-01,1596100.0,1049805.551549795,1050283.129621511,1237233.2547903575,0.3126973562179774,1410698.3475871056,,1446250.75,1446250.75
2025-09-01,1596100.0,1049805.551549795,1050283.129621511,1237233.2547903575,0.3126973562179774,1386088.5919403904,,1446250.75,1446250.75
2025-10-01,1550700.0,1049805.551549795,1050283.129621511,1238369.5568425374,0.3100651430218084,1406568.6513720418,,1436641.125,1436641.125
2025-10-01,1550700.0,1049805.551549795,1050283.129621511,1238369.5568425374,0.3100651430218084,1519441.8943551297,,1436641.125,1436641.125
2025-10-01,1550700.0,1049805.551549795,1050283.129621511,1238369.5568425374,0.3100651430218084,1511299.9512665044,,1436641.125,1436641.125
2025-11-01,1483900.0,1049805.551549795,1050283.129621511,1238534.7579871195,0.3077056961003633,1508012.938545422,,1451055.25,1451055.25
2025-11-01,1483900.0,1049805.551549795,1050283.129621511,1238534.7579871195,0.3077056961003633,1512220.1630979006,,1451055.25,1451055.25
2025-12-01,1551700.0,1049805.551549795,1050283.129621511,1239233.2116267858,0.3074988487720637,1504203.8846189035,,1451055.875,1451055.875
