origin,forecast_date,horizon,actual,sarimax_pred,tbats_prophet_pred,var_pred,bilstm_pred,w_sarimax,w_tbats_prophet,w_var,w_bilstm,ensemble_pred
2022-12-01,2023-01-01,1,0.7273968810556427,0.7103331561374528,0.7757896378780615,0.6889447283713975,0.423973490251788,0.25,0.25,0.25,0.25,0.6497602531596749
2022-12-01,2023-02-01,2,0.6820395877040956,0.6990139200253879,0.7781779741003455,0.6839648865516353,0.414516808573205,0.25,0.25,0.25,0.25,0.6439183973126434
2022-12-01,2023-03-01,3,0.7323665678280208,0.7438482017726549,0.789992503484812,0.694396803546532,0.4055781501276119,0.25,0.25,0.25,0.25,0.6584539147329027
2022-12-01,2023-04-01,4,0.7772277227722773,0.7504852227957982,0.8176555058310405,0.6729135000655283,0.3975443697351347,0.25,0.25,0.25,0.25,0.6596496496068754
2022-12-01,2023-05-01,5,0.731134707099793,0.7371716623225801,0.8204252195013519,0.632816649817699,0.3902770830567841,0.25,0.25,0.25,0.25,0.6451726536746039
2022-12-01,2023-06-01,6,0.6758671522719389,0.7233651704958355,0.8200906252426835,0.6135187981441056,0.3836425446532671,0.25,0.25,0.25,0.25,0.6351542846339728
2022-12-01,2023-07-01,7,0.6331939941989422,0.7295747020152803,0.8237997980039623,0.5922524598419204,0.378346055319802,0.25,0.25,0.25,0.25,0.6309932537952413
2022-12-01,2023-08-01,8,0.6369666008414184,0.7305404083546808,0.8291443950998215,0.6001543858478626,0.3739186133587242,0.25,0.25,0.25,0.25,0.6334394506652722
2022-12-01,2023-09-01,9,0.5873963094633485,0.7479644474725262,0.8430541457526304,0.6036165556564279,0.3700401559289669,0.25,0.25,0.25,0.25,0.6411688262026378
2022-12-01,2023-10-01,10,0.5760417509507242,0.74922871488162,0.8422199903513674,0.5865275470003596,0.3678883486815684,0.25,0.25,0.25,0.25,0.6364661502287288
2022-12-01,2023-11-01,11,0.5238689858772839,0.7182527587041111,0.8333895569596594,0.5578725377449288,0.3657994581634116,0.25,0.25,0.25,0.25,0.6188285778930277
2022-12-01,2023-12-01,12,0.423118024222275,0.6834235609305611,0.8224251988918792,0.5316993153665475,0.3638583685680525,0.25,0.25,0.25,0.25,0.60035161093926
2023-01-01,2023-02-01,1,0.6820395877040956,0.7057341711673912,0.7525393274626433,0.7099077095180037,0.4404300916783962,0.25,0.25,0.25,0.25,0.6521528249566085
2023-01-01,2023-03-01,2,0.7323665678280208,0.7570854061120047,0.7639648734710734,0.7253216268999308,0.4354988936513371,0.25,0.25,0.25,0.25,0.6704677000335866
2023-01-01,2023-04-01,3,0.7772277227722773,0.7653977040231074,0.790754078393018,0.7000798626268403,0.4307102114591898,0.25,0.25,0.25,0.25,0.6717354641255389
2023-01-01,2023-05-01,4,0.731134707099793,0.7543681028274475,0.7934754960231024,0.6570625582239197,0.4261443334500592,0.25,0.25,0.25,0.25,0.6577626226311322
2023-01-01,2023-06-01,5,0.6758671522719389,0.7420113634821266,0.7930694872394308,0.642750116139561,0.4218254983623973,0.25,0.25,0.25,0.25,0.6499141163058789
2023-01-01,2023-07-01,6,0.6331939941989422,0.7496123267227941,0.79667588254804,0.6336567101821592,0.4177709441758601,0.25,0.25,0.25,0.25,0.6494289659072133
2023-01-01,2023-08-01,7,0.6369666008414184,0.7516093788109638,0.8017931192199995,0.6412718579143264,0.413298365663948,0.25,0.25,0.25,0.25,0.6519931804023095
2023-01-01,2023-09-01,8,0.5873963094633485,0.7701568465309413,0.8153207459293983,0.6482577244382567,0.408588074033691,0.25,0.25,0.25,0.25,0.6605808477330718
2023-01-01,2023-10-01,9,0.5760417509507242,0.7718756911038274,0.8146671103195259,0.6227794531562836,0.4042232817998485,0.25,0.25,0.25,0.25,0.6533863840948713
2023-01-01,2023-11-01,10,0.5238689858772839,0.7405748478296327,0.8060710633945432,0.6002069811694242,0.4001926452354428,0.25,0.25,0.25,0.25,0.6367613844072607
2023-01-01,2023-12-01,11,0.423118024222275,0.7051818737780708,0.7955164599560033,0.5843422172177014,0.3964648411382258,0.25,0.25,0.25,0.25,0.6203763480225003
2023-01-01,2024-01-01,12,0.481831675224647,0.7101106893344152,0.8110498185022251,0.5956940845941912,0.3932045403949994,0.25,0.25,0.25,0.25,0.6275147832064577
2023-02-01,2023-03-01,1,0.7323665678280208,0.7343935616246382,0.7545202878079973,0.7002684375618861,0.4665736759515269,0.25,0.25,0.25,0.25,0.6639389907365121
2023-02-01,2023-04-01,2,0.7772277227722773,0.7390924564118736,0.7803519038739789,0.6728169980525834,0.4508048003206151,0.25,0.25,0.25,0.25,0.6607665396647628
2023-02-01,2023-05-01,3,0.731134707099793,0.7277475485393219,0.7827038513250856,0.6299523404855979,0.4381676095007845,0.25,0.25,0.25,0.25,0.6446428374626975
2023-02-01,2023-06-01,4,0.6758671522719389,0.7147588493531656,0.7824435973435893,0.6144348853868262,0.4281806646920535,0.25,0.25,0.25,0.25,0.6349544991939087
2023-02-01,2023-07-01,5,0.6331939941989422,0.7213158389411661,0.7859802157435067,0.6027952786766222,0.4201251414834049,0.25,0.25,0.25,0.25,0.6325541187111751
2023-02-01,2023-08-01,6,0.6369666008414184,0.7225830175416491,0.7911910714547566,0.6057997928926094,0.4131992461743276,0.25,0.25,0.25,0.25,0.6331932820158357
2023-02-01,2023-09-01,7,0.5873963094633485,0.7398476153869205,0.8043709528733897,0.6118502752503071,0.4068368075550364,0.25,0.25,0.25,0.25,0.6407264127664134
2023-02-01,2023-10-01,8,0.5760417509507242,0.7409885054992551,0.8037154922904386,0.5856899697830723,0.4004365603175843,0.25,0.25,0.25,0.25,0.6327076319725876
2023-02-01,2023-11-01,9,0.5238689858772839,0.7106057155488087,0.7956013301148036,0.5668033327606374,0.3936038263845904,0.25,0.25,0.25,0.25,0.61665355120221
2023-02-01,2023-12-01,10,0.423118024222275,0.6763913350572591,0.7851073286792044,0.5509874357700978,0.3854443771073728,0.25,0.25,0.25,0.25,0.5994826191534834
2023-02-01,2024-01-01,11,0.481831675224647,0.6809518437767565,0.7998592654296032,0.5568622129643637,0.3764344434686197,0.25,0.25,0.25,0.25,0.6035269414098358
2023-02-01,2024-02-01,12,0.452356061188408,0.6745212302209108,0.7980489890577208,0.5635105399212553,0.3655833769457947,0.25,0.25,0.25,0.25,0.6004160340364204
2023-03-01,2023-04-01,1,0.7772277227722773,0.7415218285627716,0.7992879412992907,0.7110899277351518,0.4469306514340794,0.5251423583859031,0.1740074159913733,0.2681603490733337,0.032689876549389985,0.7337827822101436
2023-03-01,2023-05-01,2,0.731134707099793,0.7282821814731744,0.8018320169807184,0.6688623998821932,0.4321528134065963,0.4909984025100791,0.23526287201219137,0.2275764837639349,0.0461622417137945,0.7183931865829642
2023-03-01,2023-06-01,3,0.6758671522719389,0.7151157180189388,0.8012178613084786,0.6618089685687052,0.4183223577226269,0.7292742944776317,0.1563424028170082,0.09243425752063586,0.02194904518472432,0.717135433306579
2023-03-01,2023-07-01,4,0.6331939941989422,0.7207679820644572,0.804717833804489,0.6574201765720498,0.4055850023990932,0.5342231022753768,0.21631682051715734,0.198023056260922,0.051437020946543836,0.7101713474976772
2023-03-01,2023-08-01,5,0.6369666008414184,0.7215083454792096,0.8098562907595043,0.660456573233021,0.3932502154698462,0.3606616523737552,0.18750310874486464,0.3681400494227995,0.08369518945858058,0.6881246310359717
2023-03-01,2023-09-01,6,0.5873963094633485,0.738026760640884,0.8236220803029722,0.6595463084529,0.3790782642315415,0.24339255280546787,0.13864455596754707,0.531147160548587,0.08681573067839805,0.6770470403984282
2023-03-01,2023-10-01,7,0.5760417509507242,0.7386147124221776,0.8230442169230687,0.6347643019560215,0.3644372850588048,0.1500983254797868,0.09646669140782514,0.6699324535027784,0.08350252960960972,0.6459418253900605
2023-03-01,2023-11-01,8,0.5238689858772839,0.7083024543852148,0.8145068096165833,0.6154643509095575,0.3482512594604955,0.16403763725925066,0.11517012200209402,0.601881752733957,0.11891048800469828,0.621842599198767
2023-03-01,2023-12-01,9,0.423118024222275,0.6742824682334194,0.8039972931626332,0.6014923109099695,0.3307209447752312,0.13259726226305324,0.0942053340469948,0.6369240532092184,0.1362733504807336,0.5933222147126226
2023-03-01,2024-01-01,10,0.481831675224647,0.6786889094738787,0.8200863126014486,0.5970756512488389,0.3115154644388598,0.1736997498477617,0.12297250118860854,0.4370496380471647,0.2662781109164651,0.5626376055083312
2023-03-01,2024-02-01,11,0.452356061188408,0.6721402410544672,0.8180810078350068,0.6008338545784091,0.2922964884505665,0.1684142079118669,0.11518419551311641,0.36857158987315053,0.3478300067018661,0.5305477476231841
2023-03-01,2024-03-01,12,0.440676836492891,0.7081800638186655,0.8422800983420358,0.6139928606586662,0.2765584956139297,0.1472957892231195,0.09736053386306028,0.31454392948172427,0.44079974743209605,0.5013514235311833
2023-04-01,2023-05-01,1,0.731134707099793,0.7560586975099701,0.7946989951688933,0.7284596810877887,0.4029083052165223,0.4728181672643828,0.23976451630019294,0.24942706993853114,0.03799024649689308,0.7450230575347846
2023-04-01,2023-06-01,2,0.6758671522719389,0.7483969355153333,0.794375711583337,0.7278736848180318,0.3958642549941986,0.5336069356408092,0.20999249022112215,0.21291779262865634,0.043482781509412316,0.7383532664411109
2023-04-01,2023-07-01,3,0.6331939941989422,0.7555893217284356,0.7978696753243892,0.7306068717029457,0.3889459701419016,0.5959751337579087,0.1720766722923942,0.19060810278051113,0.041340091169186036,0.7429458572952423
2023-04-01,2023-08-01,4,0.6369666008414184,0.758498459835776,0.803145889533717,0.741224945888621,0.3819180848100065,0.4242776570745634,0.20143867817519298,0.30105322767769255,0.07323043707255099,0.7347147864748402
2023-04-01,2023-09-01,5,0.5873963094633485,0.7772942204995941,0.816482979877797,0.7457585287641587,0.3739831204817581,0.3306341078616012,0.1678926689055241,0.41545645590475955,0.08601676732811513,0.7360805021287076
2023-04-01,2023-10-01,6,0.5760417509507242,0.7789967384643683,0.8156781971118195,0.723022258227825,0.3655911026369434,0.23892667344754465,0.1434620990701779,0.5098450228941812,0.10776620458809631,0.711169671032747
2023-04-01,2023-11-01,7,0.5238689858772839,0.7476688880548681,0.807616394191239,0.7030050380519767,0.3569387192321109,0.17228330745315873,0.1116811709722616,0.6105550730616087,0.1054804485129709,0.6858797620803434
2023-04-01,2023-12-01,8,0.423118024222275,0.712173408452165,0.79713476348648,0.6917972100219566,0.3486666466741296,0.19093790978672062,0.129371774435998,0.5275571300911274,0.15213318568615397,0.6571139592576827
2023-04-01,2024-01-01,9,0.481831675224647,0.7174378506650461,0.8124569995595537,0.6837645661419968,0.3410856578894657,0.1973611323072804,0.13602692101288955,0.4181506774416265,0.2484612692382037,0.6227735626938318
2023-04-01,2024-02-01,10,0.452356061188408,0.710841813933844,0.8107937357405639,0.6834944708152833,0.3326723209196708,0.18713263114393142,0.1261234155697641,0.42079839901445115,0.2659455542718533,0.6113678780749202
2023-04-01,2024-03-01,11,0.440676836492891,0.7495377053749204,0.8342297254756093,0.7074702404363012,0.3243333003248668,0.18484432615747812,0.12224674587964793,0.3576937309625827,0.33521519700029123,0.6023087823439257
2023-04-01,2024-04-01,12,0.4724459797148317,0.7693265489117903,0.8479744065247452,0.7083302278321623,0.3157075634017658,0.170991394578337,0.11328016514066659,0.3237963824756171,0.3919320578053794,0.5806975806497082
2023-05-01,2023-06-01,1,0.6758671522719389,0.7215052640395205,0.7756281132569752,0.7290396588924172,0.4711571276239127,0.4648986524313124,0.21966838812472378,0.27857317924126246,0.03685978020270127,0.7262654461332315
2023-05-01,2023-07-01,2,0.6331939941989422,0.7273470545791381,0.7789266962138242,0.732129324246254,0.4551710991736797,0.43442831131134174,0.22160197814113725,0.2864004289380092,0.057569281609511684,0.72447787505708
2023-05-01,2023-08-01,3,0.6369666008414184,0.7299450085176741,0.7839944585890491,0.7420790764722309,0.4392466729278262,0.3897610449373731,0.22826406565264426,0.3056907335077249,0.07628415590225768,0.723816150718054
2023-05-01,2023-09-01,4,0.5873963094633485,0.7478145660973137,0.796900715459375,0.7459966333874235,0.4229129355694186,0.3671803896846074,0.2144225233159084,0.32794609382102935,0.09045099317845488,0.7283558830058031
2023-05-01,2023-10-01,5,0.5760417509507242,0.7493384390293201,0.7960971618181547,0.723889505334759,0.4064776781555905,0.30426912545953305,0.2005994022166556,0.3706797212604411,0.12445175106337027,0.7066151851592442
2023-05-01,2023-11-01,6,0.5238689858772839,0.7190629520928872,0.7883030410698808,0.7056955240548811,0.3896629943084089,0.2555881151202383,0.17551087976060364,0.42368256953513833,0.14521843558401976,0.6777168482138193
2023-05-01,2023-12-01,7,0.423118024222275,0.6848158813639924,0.778260140543767,0.694085918476267,0.3721869264299974,0.23594486492136565,0.16426408309093338,0.4240387312565665,0.17575232073113442,0.649151007336661
2023-05-01,2024-01-01,8,0.481831675224647,0.6897926451672057,0.7933419383740031,0.6864118820052596,0.354643963055497,0.2355244923830375,0.16853422767172832,0.34778589958099804,0.24815538036423607,0.6228995148782154
2023-05-01,2024-02-01,9,0.452356061188408,0.6834025758042079,0.7919547039232506,0.6851592042185705,0.3348149646933691,0.21220838480366444,0.14747918872333562,0.3570000542472952,0.28331237222570466,0.6012796890003125
2023-05-01,2024-03-01,10,0.440676836492891,0.7205937123163481,0.8144692097912671,0.7105414380787028,0.3144641899985751,0.20427264780924473,0.14009717567768873,0.3400852328070824,0.31554494370598424,0.6021746570964722
2023-05-01,2024-04-01,11,0.4724459797148317,0.7395759786036312,0.8277139274875055,0.7130590448485777,0.292958615871805,0.19126135795538965,0.13274115212195686,0.29545982646468044,0.38053766345797313,0.5734860951647682
2023-05-01,2024-05-01,12,0.4465886868979503,0.7298886280609047,0.8274011397804558,0.7044075536070916,0.2727272287678055,0.18218684829767148,0.12582096343550608,0.2981835334887016,0.39380865477812077,0.5545255937426492
2023-06-01,2023-07-01,1,0.6331939941989422,0.6820610234009507,0.7488980511625755,0.6780350732999879,0.4422803500362449,0.44542197247306226,0.2075013580266373,0.3023609879086641,0.04471568159163623,0.6839905509361494
2023-06-01,2023-08-01,2,0.6369666008414184,0.6805553216732513,0.7534926255091695,0.6820688551990542,0.4361297880277058,0.39430499594755036,0.2252281239058381,0.30627896528155696,0.07418791486505455,0.6793129965802258
2023-06-01,2023-09-01,3,0.5873963094633485,0.696693443117374,0.7658022258159544,0.6775485150869244,0.428928072177387,0.37798874207083194,0.22692383864698049,0.30784948596743694,0.08723793331475063,0.6831228195444363
2023-06-01,2023-10-01,4,0.5760417509507242,0.6972441761103895,0.7649375812557297,0.6504077139030828,0.4211951324342138,0.33963860158158343,0.22333836948676605,0.32177762013120886,0.11524540880044175,0.6654784006086927
2023-06-01,2023-11-01,5,0.5238689858772839,0.6682716626704496,0.7570620305934468,0.6310200899256458,0.4130498371219781,0.2953677583294983,0.20585725832772045,0.3548631072435909,0.14391187609919043,0.6366011437869148
2023-06-01,2023-12-01,6,0.423118024222275,0.6357320610047911,0.7473264871548051,0.62007484039156,0.404848046422036,0.26658480481486413,0.18693256975380834,0.3706389663073044,0.17584365912402308,0.6101900278344053
2023-06-01,2024-01-01,7,0.481831675224647,0.6397836955297105,0.7622165399496353,0.6109756629495322,0.3968071349285214,0.25353370220967014,0.18001481816081596,0.3319134210764568,0.23453805855305715,0.5952743983094037
2023-06-01,2024-02-01,8,0.452356061188408,0.6335887032351285,0.7607526420647506,0.6066355808058036,0.3876929525282948,0.2400547192912952,0.16942225597415897,0.32243924603860025,0.26808377869594563,0.5805216981409412
2023-06-01,2024-03-01,9,0.440676836492891,0.66804673158931,0.7825429341687562,0.6298833302155722,0.3783105177747499,0.22017186852163656,0.15236298656706754,0.3165615600489601,0.3109035848623357,0.5833306215498704
2023-06-01,2024-04-01,10,0.4724459797148317,0.6853398674563712,0.7946049677160274,0.638410863576024,0.3681711983590136,0.20976035060121873,0.14674089915298447,0.29727838975187076,0.346220360493926,0.5776122968560393
2023-06-01,2024-05-01,11,0.4465886868979503,0.6760681255230475,0.7940776217857984,0.6262080649340063,0.3572209243602602,0.20076224522788327,0.14135619612800876,0.2855587900018635,0.3723227686422445,0.5597974477397466
2023-06-01,2024-06-01,12,0.4115390021082221,0.6647367476855646,0.800845431382514,0.6221072004028801,0.3463150650927846,0.19278680445803043,0.13498367114274631,0.2834693755701887,0.38876014882903454,0.5472353656211625
2023-07-01,2023-08-01,1,0.6369666008414184,0.637823062920914,0.7441735513433709,0.6379519635615417,0.4430284530861363,0.4294889333268955,0.19327746795630865,0.3264302797565319,0.05080331896026405,0.6485240804161277
2023-07-01,2023-09-01,2,0.5873963094633485,0.6459556524140004,0.756391434732536,0.6290135150796181,0.4370972593807254,0.39721637610744304,0.21272594622658383,0.31434364360893263,0.07571403405704062,0.6483090440415511
2023-07-01,2023-10-01,3,0.5760417509507242,0.644734383846335,0.7553595458665564,0.5987266422686603,0.431366154151194,0.36052834746893475,0.21782750399326506,0.3233308811141718,0.0983132674236284,0.6329789353199431
2023-07-01,2023-11-01,4,0.5238689858772839,0.6157319436550417,0.7467337574177039,0.5761882573293462,0.4257260139387628,0.3272737848842614,0.21400614885046837,0.33595390982641404,0.1227661564388561,0.6071559835888896
2023-07-01,2023-12-01,5,0.423118024222275,0.5844396037912184,0.7369364260884484,0.5632872895082182,0.4204460252986964,0.290681776504667,0.1974890460625811,0.35648505107350076,0.15534412635925118,0.5815401327373271
2023-07-01,2024-01-01,6,0.481831675224647,0.5870191776613842,0.7523529667464567,0.5529070389882329,0.4155380610377171,0.2673722043363334,0.1840178179267301,0.34295890774858856,0.20565106998834792,0.5704792038216113
2023-07-01,2024-02-01,7,0.452356061188408,0.5803373567324297,0.7505171427965476,0.5474398761770127,0.4103794359687374,0.2529453594037123,0.17377745416512488,0.3283864907433694,0.24489069568779342,0.5574865650576546
2023-07-01,2024-03-01,8,0.440676836492891,0.6109153104540674,0.7729087804397402,0.5653560270485508,0.4053958174036597,0.23891109018996615,0.16414271757517646,0.31491521471910683,0.2820309775157505,0.5651951838073037
2023-07-01,2024-04-01,9,0.4724459797148317,0.6261183369126494,0.7835975303959825,0.5745843515026774,0.4007167094295918,0.21751712565385292,0.14953923864500754,0.3024637643632592,0.3304798713378803,0.5595897915388857
2023-07-01,2024-05-01,10,0.4465886868979503,0.6172018546121502,0.7825345511358608,0.5669367149410374,0.3962670685771919,0.20922144103117882,0.14529516665711975,0.29259071261979575,0.3528926796919057,0.5485505145900951
2023-07-01,2024-06-01,11,0.4115390021082221,0.6065749172329973,0.7893721245853776,0.5581248815260091,0.3919322509646586,0.1995196157054143,0.1393053203425603,0.2796692005985239,0.3815058633535016,0.5366021222986027
2023-07-01,2024-07-01,12,0.3965370552664885,0.6032561118187534,0.7935036690056431,0.5609259709831801,0.3875817595502913,0.1908225176777014,0.13219267830374168,0.271617875024232,0.40536692899432497,0.529480573198891
2023-08-01,2023-09-01,1,0.5873963094633485,0.6470750178993055,0.7586830353034085,0.6301085432363742,0.4709485676824886,0.4413762567547262,0.1727464017080734,0.33546917141548593,0.05040817012171453,0.6517849600451581
2023-08-01,2023-10-01,2,0.5760417509507242,0.6448855325771767,0.7572564378074356,0.5995932053315828,0.4630473508299074,0.39588295639377813,0.1920828835985787,0.33161354075031096,0.0804206192573323,0.6368269718989116
2023-08-01,2023-11-01,3,0.5238689858772839,0.6156783600520163,0.7486429939496911,0.578198649912044,0.4554840485204309,0.3584977305828979,0.2005325424328347,0.3393193933325221,0.10165033365174536,0.6133406984178966
2023-08-01,2023-12-01,4,0.423118024222275,0.5840591243243658,0.7383430189985127,0.5662724300252674,0.4484632078272267,0.32620175531055434,0.19696519529683393,0.3481618858380753,0.12867116355453642,0.5908077483910852
2023-08-01,2024-01-01,5,0.481831675224647,0.5864260477239839,0.7529156044089216,0.5552649077490577,0.4420163697927338,0.2906113463670446,0.18436410944104084,0.3517433259048122,0.17328121828710238,0.581136538635295
2023-08-01,2024-02-01,6,0.452356061188408,0.5795512637120189,0.7512271346452207,0.5475629283499098,0.4358397164310794,0.26826054016308737,0.1736761366792892,0.34673944097263876,0.21132388218498468,0.5679059661294276
2023-08-01,2024-03-01,7,0.440676836492891,0.6099077532491657,0.7738964066002246,0.5659401847499764,0.4300706101973382,0.2529150860356521,0.16490319580615811,0.3291576803376494,0.25302403782054034,0.5769746233203401
2023-08-01,2024-04-01,8,0.4724459797148317,0.6249614963020518,0.7850197560626601,0.5747928165006426,0.4249950049149794,0.2367590903167203,0.1565832590304623,0.3131380163484017,0.2935196343044157,0.5756201279492101
2023-08-01,2024-05-01,9,0.4465886868979503,0.6159688189415762,0.7837954545339887,0.5683470634026196,0.4205972155898572,0.21693145924252782,0.14458563290644208,0.3031605414159539,0.3353223664350762,0.5602846337047822
2023-08-01,2024-06-01,10,0.4115390021082221,0.6052988969811164,0.7899578404547495,0.557594509309779,0.4166195844206067,0.2079771306163762,0.14006031518529968,0.2911359672206275,0.36082658697769665,0.5491933113759486
2023-08-01,2024-07-01,11,0.3965370552664885,0.6019093715056525,0.7936032692566265,0.5586393141106651,0.4127870299473202,0.19748806451130677,0.13341334459355106,0.2755798665935703,0.3935187243015719,0.5411363563114163
2023-08-01,2024-08-01,12,0.3888261078008355,0.603202880402809,0.8028512650228172,0.5672013609312964,0.409157489039451,0.18881878732628724,0.126825048436651,0.26568926850729874,0.418666895729763,0.5377176974462391
2023-09-01,2023-10-01,1,0.5760417509507242,0.5917158022612099,0.746154843270347,0.5630473178837867,0.4681565138273711,0.420005576085205,0.15770567297319324,0.36438278808643326,0.057905962855168455,0.5984705933227716
2023-09-01,2023-11-01,2,0.5238689858772839,0.5574680399413928,0.7373764261658039,0.5386521262215601,0.4528990779364745,0.3849868101034654,0.17708784858472973,0.35266371459215284,0.08526162671965194,0.5737762191694179
2023-09-01,2023-12-01,3,0.423118024222275,0.5274213886591472,0.7267721375969978,0.5253512133562536,0.4408489644445317,0.35241270794256946,0.18414368582410837,0.3544600034123596,0.10898360282096259,0.5539618012995781
2023-09-01,2024-01-01,4,0.481831675224647,0.5272144109990641,0.7406639183132399,0.5129999808079955,0.432057035071921,0.32112587912190266,0.18460069038368918,0.34721299302338376,0.14706043747102449,0.547688017228116
2023-09-01,2024-02-01,5,0.452356061188408,0.5192174705451359,0.7386985391328701,0.5024522120586278,0.4247683611025487,0.2907579090003551,0.17351442797926897,0.35571615109203286,0.18001151192834308,0.5343350024014859
2023-09-01,2024-03-01,6,0.440676836492891,0.5443834129780778,0.7618815057771207,0.5131386532892576,0.4191712485599792,0.26789102626678546,0.16479618042648186,0.3471723939976396,0.22014039930909302,0.5418146940269999
2023-09-01,2024-04-01,7,0.4724459797148317,0.5567179486491084,0.7726173194011844,0.5203151865227819,0.4139522041227916,0.250205091963711,0.15761967622576784,0.3269265460468075,0.26524868576371374,0.5409784821681907
2023-09-01,2024-05-01,8,0.4465886868979503,0.5479280723318237,0.771009788206522,0.5110607267087129,0.4081790674303532,0.2349887365276316,0.15082407031070066,0.31325925676973,0.3009279363919377,0.5279707477851462
2023-09-01,2024-06-01,9,0.4115390021082221,0.5380015226343693,0.776517606170484,0.5047492688417752,0.4019474899885722,0.21506788396286153,0.13934614049705377,0.3004505944181454,0.34513538112193926,0.514290098493488
2023-09-01,2024-07-01,10,0.3965370552664885,0.534084190195705,0.7796478040566954,0.5052199147486716,0.3947720268046307,0.20572742865565743,0.13439570950051669,0.2865935309015177,0.37328333094230814,0.5068116632993851
2023-09-01,2024-08-01,11,0.3888261078008355,0.5346669099501701,0.7884888643658139,0.5050848115397155,0.3862542225335259,0.19536071540137429,0.12824913747096608,0.27021655854582444,0.40617358858183533,0.49894447000904185
2023-09-01,2024-09-01,12,0.3940873319869071,0.5322180810455373,0.7968509017840618,0.5017094601412215,0.3758119155717819,0.18693998180771662,0.1221980947243283,0.259145961462022,0.4317159620059331,0.489126483453019
2023-10-01,2023-11-01,1,0.5238689858772839,0.5377115087492058,0.688856112365631,0.544312912645056,0.4062412890434451,0.42849561339673,0.13859961133570828,0.373762752399905,0.05914202286765678,0.5533520362154944
2023-10-01,2023-12-01,2,0.423118024222275,0.5095360577351848,0.6783772943560136,0.5324212199985435,0.3936549235985289,0.39071167939357715,0.15716594159228625,0.36418091281318743,0.08794146620094923,0.534215732110245
2023-10-01,2024-01-01,3,0.481831675224647,0.5095077642769116,0.6906764687895415,0.5170076281530055,0.3809090612646916,0.3546413060009309,0.16690050276635446,0.3575927676318273,0.12086542360088731,0.5268836725118163
2023-10-01,2024-02-01,4,0.452356061188408,0.5023015898505528,0.6876936086137222,0.5039469452332425,0.3685193376540891,0.32540602190156276,0.17099124394890294,0.35344468092091325,0.15015805322862102,0.5144950613189403
2023-10-01,2024-03-01,5,0.440676836492891,0.5270875192496518,0.7104204569433388,0.5172069051278221,0.3562255928895566,0.29353432681338193,0.1621244650366366,0.3599842401981088,0.18435696795187273,0.521753821647335
2023-10-01,2024-04-01,6,0.4724459797148317,0.5392846239879767,0.7199871795735066,0.5329835923804918,0.3448024183490343,0.26864468783246204,0.15506671289805102,0.3497786889918757,0.22650991027761122,0.5210494617700709
2023-10-01,2024-05-01,7,0.4465886868979503,0.5309564654697558,0.7181433044762642,0.5224290244018349,0.3353262573440963,0.2512654648515382,0.15044165961869538,0.3302852589200981,0.26800761660966843,0.503870290291017
2023-10-01,2024-06-01,8,0.4115390021082221,0.5214439452561364,0.7231932210472719,0.5178722989860646,0.3272166427497309,0.23546776793216123,0.14399091692496313,0.31529703580172697,0.30524427934114867,0.4900811060024203
2023-10-01,2024-07-01,9,0.3965370552664885,0.5178791350450404,0.7255872762194506,0.5142014391482631,0.3199251449573242,0.21502714401830014,0.13270807774195997,0.30002434146950185,0.35224043677023803,0.4746128849731878
2023-10-01,2024-08-01,10,0.3888261078008355,0.5185826164748675,0.7334037757637748,0.5199381196405151,0.3136174331003799,0.2055782389377741,0.12828819852502032,0.2851364452122581,0.38099711732494757,0.4684369953415655
2023-10-01,2024-09-01,11,0.3940873319869071,0.5164494564289853,0.740558407752827,0.5237614170947466,0.3099352783801085,0.1949993720954298,0.12259080273611532,0.2685483483084717,0.41386147685998315,0.4604185049119771
2023-10-01,2024-10-01,12,0.380092687248688,0.5200261142070789,0.7382202716073601,0.5287697558644829,0.3070942264090154,0.18677094311422993,0.11712944601924286,0.2582064959274721,0.43789311493905525,0.4545993324442657
2023-11-01,2023-12-01,1,0.423118024222275,0.4974331748596417,0.6710229962875853,0.5123126676870982,0.4328524298676934,0.43557022289071456,0.1266907508019737,0.37781237970449527,0.05992664660281643,0.5211769487793866
2023-11-01,2024-01-01,2,0.481831675224647,0.495814198079268,0.6824506523879811,0.4954337961693603,0.4278583228408841,0.39449253871533857,0.1521707081152982,0.3533616895396493,0.09997506362971377,0.5172864870789938
2023-11-01,2024-02-01,3,0.452356061188408,0.4884307955687343,0.6791404812411325,0.4802810989223528,0.4222737187384845,0.3591668954974971,0.1581020561056216,0.3607316863468462,0.12199936205003506,0.5075714140099472
2023-11-01,2024-03-01,4,0.440676836492891,0.5120403310678519,0.700874382127548,0.4904054319145455,0.4167816347856675,0.32867955826038286,0.16301956392390657,0.3559030280749542,0.15239784974075649,0.5206068291223176
2023-11-01,2024-04-01,5,0.4724459797148317,0.5235635212751147,0.710977408452472,0.5040608149805672,0.4108739076203146,0.2952780545393844,0.15585787395520345,0.3605669698411926,0.18829710166421962,0.5245222919290707
2023-11-01,2024-05-01,6,0.4465886868979503,0.515132396725756,0.7094031021893128,0.4935379511250156,0.4044563107801439,0.271529428322474,0.15116906719036635,0.35209367549053633,0.22520782899662337,0.5119717292936962
2023-11-01,2024-06-01,7,0.4115390021082221,0.5056342025282645,0.7141358573718088,0.4882348372585726,0.3980213114832428,0.2538131998167467,0.14689288246691892,0.33193555096238586,0.2673583667539484,0.5017149369186967
2023-11-01,2024-07-01,8,0.3965370552664885,0.501956351675249,0.7160463904917677,0.4833757355204414,0.3916283272675533,0.2375116668702153,0.14029149712988856,0.31424347269144226,0.3079533633084539,0.49217664021265384
2023-11-01,2024-08-01,9,0.3888261078008355,0.5024785553437793,0.7230820517616586,0.4890877240042531,0.3853752422352758,0.2169804910360557,0.1297406546772506,0.2982873023430668,0.3549915519436269,0.48553479557859913
2023-11-01,2024-09-01,10,0.3940873319869071,0.5002594112276035,0.7295205574204957,0.4949097941633835,0.3789871593109563,0.20757614767710134,0.12568571136838455,0.2830882399509001,0.383649901003614,0.48103376035456
2023-11-01,2024-10-01,11,0.380092687248688,0.5036224091382885,0.7269325742597493,0.4974959739859103,0.3730075799455439,0.19775740872549794,0.12075468075369418,0.2681864904481851,0.4133014200726229,0.47496183530620617
2023-11-01,2024-11-01,12,0.3367218054754119,0.4827992727473659,0.7286344568434489,0.4916526959953122,0.3667396585058533,0.1888737345312208,0.11551776028181811,0.25632194908287703,0.4392865561040842,0.46248350107266056
2023-12-01,2024-01-01,1,0.481831675224647,0.43298625982484,0.6734762888857038,0.416228082618204,0.4367415902265138,0.43151677520588366,0.12674175183554107,0.3692276090749319,0.07251386388364323,0.4575511192221189
2023-12-01,2024-02-01,2,0.452356061188408,0.4155875572969478,0.6695984855808251,0.3947595576500975,0.4309021045668747,0.3988288366269602,0.14260119991606843,0.3574839319087636,0.10108603154820785,0.44591223206294717
2023-12-01,2024-03-01,3,0.440676836492891,0.4338714997923105,0.6887685416847457,0.3968735020272165,0.4251101230112976,0.3617564041136434,0.1493752406942658,0.36481443727697227,0.1240539179151186,0.45736251992618676
2023-12-01,2024-04-01,4,0.4724459797148317,0.4396571567022532,0.6995648260783801,0.4019715726548313,0.4185646903229424,0.32893624167752566,0.15516871058607312,0.3597985049914043,0.15609654274499693,0.46313501675101243
2023-12-01,2024-05-01,5,0.4465886868979503,0.4296171576854568,0.698616102062225,0.3859539885421321,0.4111329421114823,0.29652997805612263,0.15033853944808678,0.3633907851171646,0.189740697378626,0.4506840648269382
2023-12-01,2024-06-01,6,0.4115390021082221,0.4190187497942946,0.7034835719311731,0.3711073715073774,0.4034789977077961,0.27230960676079075,0.1460947733947504,0.35391333964920296,0.22768228019525583,0.4400829714377177
2023-12-01,2024-07-01,7,0.3965370552664885,0.4141860050805965,0.7050260570486572,0.3653943183948825,0.3957443010974604,0.2542894967677648,0.14181725972115372,0.33185350050394324,0.2720397430071382,0.4342235758335329
2023-12-01,2024-08-01,8,0.3888261078008355,0.4131574271459677,0.7112840323123485,0.3637434009782145,0.3880292339251729,0.23765689459509634,0.13569096067220043,0.3134988376501539,0.3131533070825494,0.43025029602762965
2023-12-01,2024-09-01,9,0.3940873319869071,0.4102866873548509,0.716727305363604,0.3733946481260762,0.3799203039724679,0.21709909245357925,0.12581340345250788,0.2963060825583252,0.3607814215355878,0.42695406187756496
2023-12-01,2024-10-01,10,0.380092687248688,0.4122589861003479,0.7135584442876097,0.3761023997889439,0.3721871328660761,0.2079293888274825,0.12217306987817378,0.2813599838508295,0.3885375574435143,0.4233272293411594
2023-12-01,2024-11-01,11,0.3367218054754119,0.3939358223805241,0.7145626309402364,0.3577003919449184,0.3640530031478577,0.19771507860516105,0.11764093805268065,0.2657306392354572,0.41891334410670117,0.4095074850756082
2023-12-01,2024-12-01,12,0.2929488885931053,0.3632990586972012,0.7072911389656624,0.3440171477023543,0.3565580809558456,0.18922734411692682,0.11251342898278419,0.2522069739772914,0.4460522529229976,0.39413292645818165
2024-01-01,2024-02-01,1,0.452356061188408,0.4556778705889544,0.6756513468342432,0.455739769473262,0.3875772252457251,0.4336078897215878,0.12482872941236996,0.3638133437566758,0.07775003710936643,0.47786457207054284
2024-01-01,2024-03-01,2,0.440676836492891,0.4832213938060506,0.6921141297372024,0.465599240177971,0.3765621391119563,0.4039451555639994,0.13601569929747334,0.35576045419737334,0.104278690941154,0.49424253252696787
2024-01-01,2024-04-01,3,0.4724459797148317,0.4914841970633031,0.7035893343037275,0.4809993728829421,0.3668004899202339,0.36774337640938853,0.14071761028091853,0.36541435082296214,0.1261246624867309,0.5017741294017084
2024-01-01,2024-05-01,4,0.4465886868979503,0.4831146734107657,0.7033333978550708,0.4698086246204848,0.3582707911801938,0.3336661803318224,0.15048697222370028,0.3572035170315077,0.1586433304129696,0.49169610579493084
2024-01-01,2024-06-01,5,0.4115390021082221,0.4731097467617121,0.7087839431404241,0.4576618538057703,0.3503681299561579,0.3004653927535455,0.1451479715853892,0.362265482098692,0.19212115356237325,0.47813987892121174
2024-01-01,2024-07-01,6,0.3965370552664885,0.4690292585692227,0.7103755276509829,0.4545089287078498,0.3428840706865004,0.2749933321830065,0.1398753764249663,0.3551995412960317,0.22993175009599554,0.4686252604835059
2024-01-01,2024-08-01,7,0.3888261078008355,0.4690555460126856,0.7163892265889593,0.4556763682792917,0.3360751755489727,0.2561909926945684,0.13603603845903167,0.3335489385174413,0.2742240303289587,0.4617728164213664
2024-01-01,2024-09-01,8,0.3940873319869071,0.4664855197137882,0.7212635416413443,0.4724808125602286,0.3306456880472935,0.2390914068292965,0.13043384787658097,0.3151644241933912,0.3153103211007314,0.45877499954497075
2024-01-01,2024-10-01,9,0.380092687248688,0.4693736569607809,0.7175338374590009,0.4736028720533904,0.3259272087284741,0.218238895737511,0.12154018436468376,0.2976716257793872,0.362549294118418,0.4487875998324785
2024-01-01,2024-11-01,10,0.3367218054754119,0.4491571889926623,0.7179455549454449,0.4447882867436794,0.3217702041994362,0.20872872281299396,0.11817661429284422,0.2827348054132062,0.3903598574809556,0.4299596820862202
2024-01-01,2024-12-01,11,0.2929488885931053,0.414581721355113,0.710020996154241,0.4359218214754862,0.3178949995637302,0.19853167176252154,0.11343395798049596,0.2674208951073472,0.42061347514963543,0.4131336182608366
2024-01-01,2025-01-01,12,0.3168293987828529,0.428743101314545,0.7117310264582009,0.4463726832313388,0.3134750923172498,0.19128123143446704,0.10899205060385189,0.25500878225261586,0.4447179357090653,0.4128204827737346
2024-02-01,2024-03-01,1,0.440676836492891,0.4732543421879707,0.6510491747508077,0.4575557379121699,0.4329824041225137,0.4387933111517476,0.11458750724644066,0.3681927110920611,0.0784264705097507,0.48468891122091484
2024-02-01,2024-04-01,2,0.4724459797148317,0.4838326486135115,0.6621055661880565,0.4723032335223769,0.4299281163223191,0.4039992200870652,0.12745611037162308,0.36210763007849894,0.10643703946281285,0.4966422932666199
2024-02-01,2024-05-01,3,0.4465886868979503,0.4761362151028571,0.6625591924916908,0.4580556599195448,0.4262138262511359,0.3705797698536257,0.13418567561637648,0.3690718727006014,0.12616268182939652,0.4881801414523595
2024-02-01,2024-06-01,4,0.4115390021082221,0.467291275226515,0.6686228816585017,0.4431115838479949,0.4221966324788319,0.3359044936890249,0.1439381672822411,0.36075478861377036,0.15940255041496368,0.48035943715628815
2024-02-01,2024-07-01,5,0.3965370552664885,0.4639836002800108,0.6705491977422345,0.4408348998818225,0.417924561985423,0.301933718320353,0.1388196305318201,0.3648238918282141,0.1944227593196129,0.47525883591342755
2024-02-01,2024-08-01,6,0.3888261078008355,0.4646149066724134,0.6763440283154017,0.4469971745083003,0.4137484268338305,0.27624640812556545,0.13453809732946728,0.3565366115425901,0.23267888300237718,0.4749836176075382
2024-02-01,2024-09-01,7,0.3940873319869071,0.4626216162866482,0.6806408048265349,0.462007416735714,0.4095706599191548,0.2573132097544523,0.13135293417277485,0.33435538890361094,0.27697846716916186,0.4763597429010863
2024-02-01,2024-10-01,8,0.380092687248688,0.4659092202135147,0.6766919250677089,0.4635430863266506,0.405904040826739,0.24097199484800869,0.12678708129306282,0.3152356446784294,0.31700527918049914,0.47286589576403326
2024-02-01,2024-11-01,9,0.3367218054754119,0.446170453341301,0.6764569715272187,0.433020276129163,0.4018195894880977,0.21969333036226857,0.11860993995128892,0.29678499896845545,0.364911730717987,0.45339779761707444
2024-02-01,2024-12-01,10,0.2929488885931053,0.4121390372710009,0.6682568697174788,0.4292291481247619,0.3985804651553662,0.20905529334949174,0.11452062719401986,0.28071030115130435,0.3957137783051841,0.4409018684425118
2024-02-01,2025-01-01,11,0.3168293987828529,0.4263244512524977,0.6693045511259178,0.4429035715657182,0.3974955899489582,0.19943120744069187,0.10999869519921669,0.2635672702617304,0.42700282709836096,0.44511165340360764
2024-02-01,2025-02-01,12,0.3191737430920609,0.4218657139402985,0.6771771660670933,0.4467516398547037,0.3958065740619317,0.19168225777558937,0.10610475586975193,0.25215498329521885,0.4500580030594398,0.4435024590170924
2024-03-01,2024-04-01,1,0.4724459797148317,0.4515798047825671,0.6386000039358833,0.45472820119343,0.3767022014540093,0.4365810893809887,0.1088600127975776,0.37439791160711344,0.08016098621432015,0.46711531656875904
2024-03-01,2024-05-01,2,0.4465886868979503,0.441269990353163,0.6383549646928435,0.439276532479059,0.3676993567538293,0.40591570893290985,0.1226992853235203,0.36443726842087387,0.10694773732269579,0.45685747271344973
2024-03-01,2024-06-01,3,0.4115390021082221,0.4325340148513089,0.6433545331689792,0.4225270844442688,0.3594037973933019,0.371387990318631,0.12934560479760399,0.37201562253831066,0.1272507823454543,0.44677411046715515
2024-03-01,2024-07-01,4,0.3965370552664885,0.4283495497895109,0.6446295348937172,0.4182329314959846,0.3514676733950871,0.3359197817277289,0.13861310403288746,0.3638793979690272,0.16158771627035656,0.4422243940617061
2024-03-01,2024-08-01,5,0.3888261078008355,0.4282312691896904,0.649721156462366,0.4228352155311348,0.3445791745072253,0.30194475331764375,0.1343300781907996,0.3666974888784219,0.19702767961313472,0.43952352562899033
2024-03-01,2024-09-01,6,0.3940873319869071,0.4256328044370773,0.6537239340548713,0.4367586493146093,0.3406315165588182,0.2765430621380294,0.13077449085165285,0.357003215400899,0.23567923160941878,0.43940022996299416
2024-03-01,2024-10-01,7,0.380092687248688,0.4280676400273295,0.6503049232300726,0.4373320062279415,0.3382485782544123,0.2581408553921712,0.12819848991742672,0.3336875006797903,0.2799731540106118,0.4345026013252996
2024-03-01,2024-11-01,8,0.3367218054754119,0.4097054529765552,0.6504468751364515,0.4075558757651337,0.3367209842067302,0.24147510161156696,0.12417094493536347,0.31392529134039576,0.32042866211267385,0.4155374205159593
2024-03-01,2024-12-01,9,0.2929488885931053,0.3783439648267028,0.643050228514429,0.4042408107270671,0.3361973125928899,0.2206558366693149,0.1162936358818318,0.29641999262556196,0.3666305348232914,0.4013517118929606
2024-03-01,2025-01-01,10,0.3168293987828529,0.391138763773009,0.6446674139135414,0.4190326435378829,0.3346051883731698,0.21283458908143804,0.1135208718510539,0.2805507742693856,0.39309376479812247,0.4055222107501743
2024-03-01,2025-02-01,11,0.3191737430920609,0.3868544254129438,0.6528134455507859,0.4209998846844876,0.3370498176302951,0.20188767779304911,0.10898168253810474,0.26329673678620585,0.42583390288264034,0.4036209844023909
2024-03-01,2025-03-01,12,0.3376594765224253,0.3987654708608004,0.6614578104809725,0.4330483949712364,0.3378593781457166,0.1942052379544731,0.10520182989963718,0.25208009079767085,0.4485128413482189,0.4077260636129675
2024-04-01,2024-05-01,1,0.4465886868979503,0.4575637975375917,0.6312913579601508,0.4540449286163148,0.3809933356395872,0.43706766352055904,0.10574896181881953,0.37668626845770053,0.08049710620292089,0.46844609648503566
2024-04-01,2024-06-01,2,0.4115390021082221,0.4519437823197543,0.6357358912394788,0.4384884862157696,0.3734076998660079,0.40819801835862213,0.11839382680778307,0.36641619664698943,0.1069919581866053,0.46037066575862123
2024-04-01,2024-07-01,3,0.3965370552664885,0.4482419374103938,0.6364279927414708,0.4352337344764675,0.3664282294583896,0.37310509755790955,0.12428136473506204,0.3746549674993579,0.1279585702076705,0.4562876042506864
2024-04-01,2024-08-01,4,0.3888261078008355,0.4493573425044758,0.6408682235702026,0.440811727737617,0.3602751520124879,0.33734525079922084,0.1338525450161506,0.36614882621525835,0.16265337796937024,0.4573730753168028
2024-04-01,2024-09-01,5,0.3940873319869071,0.4473551345613955,0.6445128300677545,0.4572444005567811,0.3556712206204589,0.3032397226767776,0.13036021048095714,0.36810241605948335,0.19829765078278183,0.4585162112024428
2024-04-01,2024-10-01,6,0.380092687248688,0.450613511122123,0.6410974382870688,0.4610866471756765,0.3521054378236722,0.2782020774930907,0.12770078302300192,0.3575600083260608,0.23653713115784653,0.45538241533498913
2024-04-01,2024-11-01,7,0.3367218054754119,0.4317150994859999,0.6410185349768117,0.4299150924423367,0.3496330208350384,0.25941399785272096,0.12555860610878644,0.3335589195226997,0.2814684765157929,0.43429102106825335
2024-04-01,2024-12-01,8,0.2929488885931053,0.3988730697064224,0.6337726496769843,0.4278460150997789,0.3471872123379595,0.24204333201930933,0.12109738036738817,0.3133217666771004,0.32353752093620225,0.41967433376628827
2024-04-01,2025-01-01,9,0.3168293987828529,0.412812477306937,0.6360335829271075,0.4419668141398709,0.3444909136110216,0.22228736626036805,0.1137911540767112,0.2936958039531197,0.3702256757098011,0.4214811738397337
2024-04-01,2025-02-01,10,0.3191737430920609,0.4085232726616705,0.6446433955120384,0.4444562480769033,0.3434023913832183,0.2137570332292513,0.1113489467212357,0.2783901754305428,0.39650384461897015,0.41899770717845397
2024-04-01,2025-03-01,11,0.3376594765224253,0.4213486656996481,0.6528580925380901,0.4612192938919527,0.3427491951703295,0.20273890481848303,0.10694998021996868,0.2615344134508768,0.4287767015106715,0.4228345139649017
2024-04-01,2025-04-01,12,0.3603701319600901,0.435970125148434,0.667136234554126,0.4699339605838621,0.3425864958195088,0.1947954685010099,0.1034052873935843,0.25063304272321374,0.45116620138219204,0.42625484522930435
2024-05-01,2024-06-01,1,0.4115390021082221,0.4410378402564303,0.6217872345796039,0.4294593856570358,0.4197274572085717,0.43873814589131455,0.10165773124259943,0.3788489338786057,0.08075518898748038,0.4533050044154302
2024-05-01,2024-07-01,2,0.3965370552664885,0.4365437139270925,0.6219950029068853,0.4255556422948807,0.4148438936828642,0.4068503775414883,0.11437680355961716,0.37004658300889576,0.10872623588999888,0.45132960144061063
2024-05-01,2024-08-01,3,0.3888261078008355,0.4374555050647921,0.6257077901006687,0.4288051262743094,0.4103936564326297,0.3721828470584476,0.12071777063092463,0.3769733440058954,0.13012603830473235,0.4533984878592289
2024-05-01,2024-09-01,4,0.3940873319869071,0.4352736941352524,0.6286101080463822,0.4427089141188209,0.4061450441051583,0.3374323708034615,0.13048086302603076,0.36697973525920335,0.1651070309113045,0.45841962641697515
2024-05-01,2024-10-01,5,0.380092687248688,0.4382941729190888,0.6250485811680058,0.4462633407620504,0.4025927029228729,0.3048114958324042,0.1278023637655164,0.3667606401430278,0.20062550025905165,0.45792197955844816
2024-05-01,2024-11-01,6,0.3367218054754119,0.4197479368318307,0.6246175855455857,0.4179559782020339,0.3994092744722894,0.2794914268516018,0.1258012650591648,0.3548091553347191,0.23989815275451443,0.44000578695486314
2024-05-01,2024-12-01,7,0.2929488885931053,0.3877032780943657,0.6173243065932713,0.4150749848568006,0.3970961038394177,0.2597360581363507,0.12319421152043349,0.33110350740429745,0.2859662229389184,0.4277401586625194
2024-05-01,2025-01-01,8,0.3168293987828529,0.4011452874161922,0.6200030449784978,0.4285054274048372,0.3964216520417311,0.24396215172067362,0.11927607062920519,0.3080593976704466,0.3287023799796746,0.43412565882028276
2024-05-01,2025-02-01,9,0.3191737430920609,0.3969120502572877,0.6288920579584051,0.4300394275534264,0.3951852821999044,0.22337827816801234,0.11221497442783503,0.28943322559032814,0.3749735218138245,0.43188435225557414
2024-05-01,2025-03-01,10,0.3376594765224253,0.4093604603589246,0.6369787835014099,0.4491089437509238,0.3945831868844903,0.21476159889385274,0.1097254227661943,0.2748655540724075,0.40064742426754557,0.4393409894509166
2024-05-01,2025-04-01,11,0.3603701319600901,0.4235174552135747,0.6510657722093135,0.4583668224381704,0.3941969706210351,0.2033982732099337,0.10549262209368987,0.2584391468839704,0.4326699578124059,0.44384247172973856
2024-05-01,2025-05-01,12,0.3460407383831954,0.416062286048507,0.6502312323653896,0.4520128232241757,0.3933004536903044,0.19535419569479456,0.10210392326960992,0.248696576646464,0.45384530438913157,0.43858227896449886
2024-06-01,2024-07-01,1,0.3965370552664885,0.408710715075898,0.5969925283938348,0.4077855633847307,0.4124911586610416,0.4370075788837842,0.09791206366917528,0.38297969719362085,0.08210066025341967,0.4271018385690813
2024-06-01,2024-08-01,2,0.3888261078008355,0.4065400148792648,0.6000335333241447,0.4090987269278541,0.4074371200862422,0.4056335183998279,0.11088178081154197,0.37298485332083575,0.1104998474677944,0.4290484116065909
2024-06-01,2024-09-01,3,0.3940873319869071,0.4039448105154967,0.6023022132500006,0.4195078807565492,0.4024195922194639,0.3717284656256539,0.11764396743917951,0.3784713743804604,0.13215619255470618,0.4329689718850072
2024-06-01,2024-10-01,4,0.380092687248688,0.4057950082104865,0.5977839842612203,0.4206236991407635,0.3980741540846578,0.338746347521178,0.1276060998127117,0.36675259832111673,0.16689495434499346,0.434443861982902
2024-06-01,2024-11-01,5,0.3367218054754119,0.387936498698499,0.5968145995737147,0.39265275717152,0.3937660441260942,0.30596423460864614,0.1257273396538022,0.36506748593096383,0.20324093980658783,0.4171047415485744
2024-06-01,2024-12-01,6,0.2929488885931053,0.3577075349162468,0.5898434986756493,0.3894897937803069,0.3905048286993627,0.2803911713127649,0.1236956857402537,0.3532246197501014,0.24268852319688003,0.40560755523357633
2024-06-01,2025-01-01,7,0.3168293987828529,0.3697370475883059,0.591831975372468,0.4011827758055067,0.3894114327716931,0.26298975139680236,0.12193039975616506,0.3274261224987208,0.2876537263483118,0.41277273398776543
2024-06-01,2025-02-01,8,0.3191737430920609,0.3655021033200017,0.6013275708487185,0.4013269742426188,0.3874993140951849,0.2461952590489449,0.11811316855075835,0.30585316264794665,0.3298384097523501,0.411568871608993
2024-06-01,2025-03-01,9,0.3376594765224253,0.3767930779914058,0.6091248827342103,0.419484937392204,0.3860688472596305,0.22579638135913405,0.1112606857490573,0.2880468025845438,0.374896130307265,0.41841717750947566
2024-06-01,2025-04-01,10,0.3603701319600901,0.3896486782477424,0.6228712249601723,0.4303066122075185,0.3846828053510196,0.21649186917363342,0.10875521665263972,0.2731930105426806,0.4015599036310462,0.4241262147827978
2024-06-01,2025-05-01,11,0.3460407383831954,0.3825747235965048,0.6221425679277104,0.4222358779172359,0.3826038058446728,0.20431126829896526,0.10435417892183421,0.2571514085291133,0.43418314425008725,0.41778617800717954
2024-06-01,2025-06-01,12,0.3377324980625161,0.3740978591019583,0.6235047576930904,0.4202142100243413,0.3809103099091865,0.19661367589722265,0.10122179879991101,0.24783203854916072,0.45433248675370563,0.41386750098613756
2024-07-01,2024-08-01,1,0.3888261078008355,0.3973295173876944,0.5983976060709353,0.4006451816367157,0.4122994260736762,0.43842619079654077,0.09426832467692715,0.3846737825393645,0.08263170198716768,0.4187963073954721
2024-07-01,2024-09-01,2,0.3940873319869071,0.3925520075642404,0.6002281982312911,0.409642916390527,0.4096170862743473,0.40707232899284446,0.10749701983756549,0.37415853638290164,0.11127211478668847,0.42317015598113833
2024-07-01,2024-10-01,3,0.380092687248688,0.3938771080620916,0.5952493437983819,0.4106748905711688,0.4077708014589851,0.3735381390213817,0.11480356932958674,0.3787752142185385,0.13288307743049296,0.4252041798922237
2024-07-01,2024-11-01,4,0.3367218054754119,0.3757854103772823,0.5935384759770661,0.3837439328726095,0.4061171208789267,0.34029089753374603,0.1251202290428637,0.36653207820059686,0.16805679522279335,0.41104522767006335
2024-07-01,2024-12-01,5,0.2929488885931053,0.3460665554493802,0.5857888649386704,0.3792262505301759,0.4053135458766178,0.307256601638206,0.12322910126064508,0.36472626053738033,0.20478803656376865,0.39983460662915643
2024-07-01,2025-01-01,6,0.3168293987828529,0.3572810325201746,0.5875237742818695,0.3870638364910413,0.4056508017851207,0.28378537295720563,0.12201487569899751,0.350028611657224,0.24417113968657292,0.40760940724980443
2024-07-01,2025-02-01,7,0.3191737430920609,0.3528649241211831,0.5970226052640103,0.3873784966951363,0.4061514734439051,0.2651700460348605,0.12042174658112914,0.32595299531225047,0.28845521207175995,0.4088874037704656
2024-07-01,2025-03-01,8,0.3376594765224253,0.3634680406359779,0.6054656324205434,0.4036876603466608,0.4068712362695203,0.24823567715241543,0.11668277520272699,0.3051508517245097,0.3299306959203479,0.41829808898907006
2024-07-01,2025-04-01,9,0.3603701319600901,0.3756321961935394,0.6194383855175911,0.4159870146681952,0.4075687449481479,0.2273344730866619,0.11008991946563926,0.28711926862923814,0.3754563388184608,0.4260502255774601
2024-07-01,2025-05-01,10,0.3460407383831954,0.3686386297571264,0.6188765711367842,0.4065108152360644,0.4081997667212154,0.21733106518690307,0.10751720065814892,0.2724807197045824,0.4026710144503656,0.4217930762229512
2024-07-01,2025-06-01,11,0.3377324980625161,0.3603373620662721,0.620365021109689,0.4008397977865604,0.4091453180154966,0.20531927479438142,0.10329308698703431,0.25675276944023695,0.4346348687783474,0.41880917374046844
2024-07-01,2025-07-01,12,0.3244310532726457,0.3555492211648592,0.6207705809434163,0.3996240581934909,0.4098895496133822,0.19783541760332043,0.10033077576466717,0.24761383510496218,0.45421997152705024,0.41775508780974613
2024-08-01,2024-09-01,1,0.3940873319869071,0.3822855397564813,0.5788093698492082,0.3943929727599054,0.4497341103741382,0.4402619085619008,0.09068667939300837,0.38597341360321025,0.0830779984418806,0.410384272820171
2024-08-01,2024-10-01,2,0.380092687248688,0.3836428734798998,0.5734233993455403,0.3941651257023382,0.4524559996223531,0.40891047479470016,0.1043839028657988,0.3749517842832481,0.11175383805625283,0.4150883736582288
2024-08-01,2024-11-01,3,0.3367218054754119,0.3660431050035509,0.5711930357975149,0.364803710358539,0.4558453198336362,0.3755008106461291,0.11213012847947564,0.37869957375923735,0.13366948711515797,0.4005810508753909
2024-08-01,2024-12-01,4,0.2929488885931053,0.3371823063546431,0.5630431983566048,0.357395372013563,0.4612895107749091,0.3419559667931458,0.12213660848783056,0.3667879117989833,0.16911951292004035,0.3931710477993131
2024-08-01,2025-01-01,5,0.3168293987828529,0.3481653668568135,0.5640283743978183,0.3646342465936742,0.470838587985271,0.3112130850751784,0.12117011706300894,0.3617824946118771,0.20583430324993562,0.40553002214319606
2024-08-01,2025-02-01,6,0.3191737430920609,0.3439170099470527,0.5733675998914088,0.3679863933639578,0.4797650954630883,0.286353417112868,0.12025667453619886,0.3490776349288832,0.24431227342205,0.4131014129139554
2024-08-01,2025-03-01,7,0.3376594765224253,0.3543035662453551,0.581713895423557,0.3819741694947712,0.4887211824978948,0.2676125236014834,0.11881194037263801,0.3259616222362693,0.2876139137896093,0.4290025601318962
2024-08-01,2025-04-01,8,0.3603701319600901,0.366197133304303,0.59534366049132,0.3931570439987725,0.4966529369779039,0.25018153337417554,0.11536456754904427,0.30522472644938026,0.3292291726274001,0.44381121099331994
2024-08-01,2025-05-01,9,0.3460407383831954,0.3594065099842807,0.595059308908254,0.3827403274806035,0.5021692713159096,0.22861254949956414,0.1089007752338338,0.28727910705993837,0.3752075682066638,0.4453382692374761
2024-08-01,2025-06-01,10,0.3377324980625161,0.351333282598232,0.5967484527883147,0.381850802387245,0.5067464089627369,0.2190439273358282,0.10660465671027827,0.27328616784665355,0.40106524810724004,0.4481665026876661
2024-08-01,2025-07-01,11,0.3244310532726457,0.3466859953206453,0.5971510507807928,0.3818829700732544,0.5106149277844336,0.20753475888825065,0.10274475221520209,0.25830353539554124,0.43141695350100595,0.45223318903049126
2024-08-01,2025-08-01,12,0.316052449531476,0.347606299670881,0.6011550436009491,0.3907875786229751,0.5139782224176677,0.20091139420371235,0.10027782265747398,0.24998897890108285,0.44882180423773077,0.45849780602431556
2024-09-01,2024-10-01,1,0.380092687248688,0.3960580292044987,0.5836506914105986,0.3971185311478726,0.4064927079717541,0.4408354140966235,0.08821806459902319,0.38770535852425586,0.08324116278009733,0.4138868478772937
2024-09-01,2024-11-01,2,0.3367218054754119,0.3786518690442071,0.580652568329461,0.367494363487271,0.4068906962155098,0.41057350423143946,0.101925118714273,0.37579255317922894,0.11170882387505864,0.3982024329697876
2024-09-01,2024-12-01,3,0.2929488885931053,0.3489474770478064,0.5713866174690857,0.3618047967856988,0.4077151456336975,0.3769190277614391,0.1094964032534617,0.3802834408458398,0.13330112813925948,0.3860269851773225
2024-09-01,2025-01-01,4,0.3168293987828529,0.3604910400661892,0.5721638721888,0.3710128921207793,0.4094570787456131,0.3456631670249608,0.12000094239326578,0.36666986940410756,0.16766602117766588,0.39795996639691067
2024-09-01,2025-02-01,5,0.3191737430920609,0.3562297861467058,0.580231654308907,0.3736987845620304,0.4111328634211573,0.31433431632812875,0.11967256144041084,0.36329860799523434,0.2026945142362261,0.40051167886269096
2024-09-01,2025-03-01,6,0.3376594765224253,0.3671485135857336,0.5897729499240452,0.3842063170630502,0.4131206096833372,0.29014418278104925,0.11928137680532472,0.3516274172822368,0.2389470231313893,0.4106863497535461
2024-09-01,2025-04-01,7,0.3603701319600901,0.3795595343028876,0.603637609616383,0.3963777453836496,0.4151381889149081,0.2715419538278131,0.11845141552991612,0.3293922952405752,0.28061433540169567,0.42162556918116156
2024-09-01,2025-05-01,8,0.3460407383831954,0.3725926836705794,0.6033706418709296,0.38538952322378,0.4166074005789859,0.2540273865360973,0.1154118039401201,0.3092938361745859,0.3212669733491967,0.4173256426164049
2024-09-01,2025-06-01,9,0.3377324980625161,0.3642732822980764,0.6051492707858579,0.3862777586490007,0.4180389360529412,0.23476279534199276,0.11019067563063614,0.29438935124695825,0.3606571777804128,0.4166844226749684
2024-09-01,2025-07-01,10,0.3244310532726457,0.3595215480871175,0.6057513822057081,0.3830665122242966,0.4195971910225078,0.22676840691216943,0.10877046075953174,0.2821702022853659,0.38229093004293296,0.41591414130102666
2024-09-01,2025-08-01,11,0.316052449531476,0.3605182208681483,0.6099560355000753,0.3892828797484946,0.4211786059926293,0.21789370397232727,0.10632459483143258,0.2701664431779022,0.4056152580183378,0.4194156187872128
2024-09-01,2025-09-01,12,0.3233193408934277,0.3594530357160227,0.6147517777044694,0.3952506675108969,0.4225570178374634,0.2129867470446812,0.10480438052136919,0.2635083300253371,0.4187005424086125,0.42206410793352656
2024-10-01,2024-11-01,1,0.3367218054754119,0.3632157844125556,0.5620473792257119,0.3512184190761787,0.4779498332600266,0.44170035575307726,0.08572634833840719,0.3887341788269181,0.0838391170815976,0.38521630636263515
2024-10-01,2024-12-01,2,0.2929488885931053,0.3336198689188145,0.5527420048846231,0.3441714433674018,0.4938448745145789,0.40899436106909487,0.09939924243460901,0.3785214061019305,0.11308499039436568,0.37751348325007195
2024-10-01,2025-01-01,3,0.3168293987828529,0.3444543891938242,0.5521215904819059,0.3501923247607542,0.5165401413704545,0.378930684998237,0.10764799337379062,0.3780502398411096,0.13537108178686286,0.39227400905156445
2024-10-01,2025-02-01,4,0.3191737430920609,0.340036446305111,0.5601945391752194,0.3504675895900835,0.5320944495369031,0.34732007594057934,0.11785820515615615,0.36642613504293564,0.16839558386032893,0.40214784708864243
2024-10-01,2025-03-01,5,0.3376594765224253,0.3501876551867019,0.5686735670419041,0.3592781816454573,0.544056013128615,0.3163752490838248,0.11772999827228592,0.3630749183356734,0.2028198343082159,0.4185308915989593
2024-10-01,2025-04-01,6,0.3603701319600901,0.3618243090447705,0.5819131222157921,0.370812416064974,0.5514769255242333,0.29170399451252155,0.11761102465869509,0.35188566300498114,0.23879931782380218,0.4361608813144894
2024-10-01,2025-05-01,7,0.3460407383831954,0.3550342021145148,0.5818011114811953,0.3594950955628205,0.550956941987605,0.2726297041857463,0.11695233132506538,0.32991918300004613,0.28049878148914215,0.43798294495465917
2024-10-01,2025-06-01,8,0.3377324980625161,0.3469949106057124,0.5838443553734989,0.3592012614931543,0.5490290736854406,0.25542230222758106,0.11415960552578967,0.31035869141487393,0.3200594008317553,0.44248483006062544
2024-10-01,2025-07-01,9,0.3244310532726457,0.342351606061074,0.5846162799302197,0.3562144805278834,0.5485342770519557,0.2367048141676326,0.10934312436307898,0.2958692986612758,0.3580827628080127,0.4467736418422035
2024-10-01,2025-08-01,10,0.316052449531476,0.3432155779097271,0.5887927164082271,0.3643762668192395,0.5496341219365253,0.22935062626336927,0.10829892891428121,0.28429477849998236,0.37805566632236726,0.4538648925447297
2024-10-01,2025-09-01,11,0.3233193408934277,0.3421131008573057,0.5933812580413944,0.3685417982050485,0.5512401680371044,0.22112348192294523,0.10628367243395985,0.2727651056709995,0.3998277399720954,0.4596424324308395
2024-10-01,2025-10-01,12,0.3124621138840524,0.3420883319754632,0.59142848291567,0.3635896739231253,0.5527731829829656,0.21597122651613632,0.10477537940477025,0.2658894752401589,0.4133639188389346,0.46101953707094745
2024-11-01,2024-12-01,1,0.2929488885931053,0.3075138541521351,0.5113854655132304,0.3259066598360268,0.4201727940101303,0.44062390362832976,0.08334723047659401,0.39242440799937306,0.0836044578957033,0.341142563807764
2024-11-01,2025-01-01,2,0.3168293987828529,0.3161583184670745,0.5108877907201586,0.3301126537052862,0.4223719770858686,0.41171783900597053,0.09759854599211264,0.3785896388566817,0.11209397614523513,0.3523525098746198
2024-11-01,2025-02-01,3,0.3191737430920609,0.3118420764352186,0.5170930754760628,0.3256993752023191,0.4236488230686469,0.3816582829247722,0.10585005148656364,0.37990271260351244,0.13258895298515175,0.3536566701151418
2024-11-01,2025-03-01,4,0.3376594765224253,0.3208432643862352,0.524917765275665,0.3295885152531618,0.426780885019535,0.3508489525757924,0.11624951970331526,0.36920598907439933,0.163695538646493,0.36513714196684843
2024-11-01,2025-04-01,5,0.3603701319600901,0.3312984409739997,0.5370626086187936,0.3400597412263944,0.4315704513513348,0.320135762182569,0.11683223126855627,0.3669289156725097,0.19610309087636507,0.3782167533599331
2024-11-01,2025-05-01,6,0.3460407383831954,0.3248700543207983,0.5367641849815703,0.3340209914787507,0.4355678619071398,0.29551601793077686,0.11728218609414241,0.35637200325730845,0.2308297927177723,0.3785349509713397
2024-11-01,2025-06-01,7,0.3377324980625161,0.3173444585447418,0.5385164182268948,0.3317588868210565,0.4407784470205698,0.27806063647231805,0.11743532014929717,0.33639458191254257,0.2681094614658423,0.3812606141884173
2024-11-01,2025-07-01,8,0.3244310532726457,0.3129753455560499,0.5393296174925704,0.3284792770011864,0.4475091180141491,0.26260875809643786,0.11560102146248995,0.31884732022794615,0.3029429002131261,0.38484156880365883
2024-11-01,2025-08-01,9,0.316052449531476,0.3136701480817221,0.5434082898404093,0.3339006910985482,0.455093259109291,0.24641921379319212,0.11213785781777144,0.30759571381280104,0.33384721457623545,0.39286903117091754
2024-11-01,2025-09-01,10,0.3233193408934277,0.3125904783777556,0.5479718688770827,0.3437638757534026,0.4627015544926874,0.24034102676346175,0.11184130437682846,0.29712629780174005,0.3506913710579697,0.40082093536309316
2024-11-01,2025-10-01,11,0.3124621138840524,0.312511827427555,0.5463543004015409,0.3409757085709521,0.4699545247222081,0.2323629637072405,0.1101979275322122,0.28598008391692287,0.3714590248436245,0.4049043972421074
2024-11-01,2025-11-01,12,0.3138688590875396,0.3007014343419215,0.5421854693373372,0.339217644876331,0.4774792260972935,0.2284868632069326,0.1094318339274703,0.28065247888075606,0.381428823984841,0.405365290335139
2024-12-01,2025-01-01,1,0.3168293987828529,0.3088171853207423,0.5335406526928597,0.3048497334479904,0.393099718966257,0.4444537316438076,0.08148259947240234,0.3903992642177584,0.08366440466603178,0.33263079531392914
2024-12-01,2025-02-01,2,0.3191737430920609,0.3001663571380006,0.5389240707493762,0.2971799145670913,0.3912923106228093,0.41328897467421827,0.09577630928512171,0.3794166272755771,0.11151808876508272,0.3320627759627673
2024-12-01,2025-03-01,3,0.3376594765224253,0.3081072207154557,0.5467229166040061,0.3003566681821434,0.3899369355245605,0.38284052693442616,0.10415237548778955,0.3811087548197722,0.13189834275801215,0.34079901261746604
2024-12-01,2025-04-01,4,0.3603701319600901,0.3166383333984929,0.5594091934220787,0.3111144907978583,0.3887699313926968,0.35162069710705957,0.11491845023652567,0.37032230184063525,0.16313855081577947,0.3542590266529203
2024-12-01,2025-05-01,5,0.3460407383831954,0.3092526206932799,0.55881375006171,0.3010856369326005,0.3877515721395427,0.32055343899511407,0.11593986797506997,0.3677124492292819,0.19579424380053398,0.3505532463200657
2024-12-01,2025-06-01,6,0.3377324980625161,0.3009633604549478,0.5602668137463414,0.2892815379502932,0.3872875709714667,0.2964300826702376,0.11641766112747849,0.35764521800010124,0.2295070382021826,0.3467849279338825
2024-12-01,2025-07-01,7,0.3244310532726457,0.2959811736253824,0.5611269644830221,0.2871159423713615,0.3871354187518429,0.2794299133543658,0.11678585063336293,0.33824292989080523,0.2655413061214661,0.3481530658684246
2024-12-01,2025-08-01,8,0.316052449531476,0.2960413965578683,0.5655188188874934,0.288496984276851,0.3874584536696828,0.2649259293751249,0.1153224966797625,0.3217049600953354,0.2980466138497772,0.35193767516822805
2024-12-01,2025-09-01,9,0.3233193408934277,0.2945044744152114,0.5706780329898077,0.3021009835653385,0.3876320783653688,0.24979108378216347,0.11238496455469235,0.3116400751229963,0.32618387654014785,0.3582863295581367
2024-12-01,2025-10-01,10,0.3124621138840524,0.2940262626563398,0.5692891908578146,0.2953441247277068,0.3881652345439288,0.24376917576814683,0.1123055703822862,0.30121679623229636,0.3427084576172706,0.3575990068613891
2024-12-01,2025-11-01,11,0.3138688590875396,0.282349366645108,0.5649307718701386,0.2838144565985165,0.38866250600232,0.23695885551162674,0.11125511396211472,0.29134093972223013,0.3604450908040283,0.3525348829400685
2024-12-01,2025-12-01,12,0.2722659019140298,0.257866832242461,0.5533728561650418,0.272336839024438,0.3886118207532325,0.23331301934618096,0.11077336882262177,0.28641038673875635,0.3695032250924409,0.34305608517768615
