target,origin,forecast_date,horizon,weight_source,n_past_origins,w_sarimax,w_tbats_prophet,w_var,w_bilstm
unemployment,2022-12-01,2023-01-01,1,equal_weights,0,0.25,0.25,0.25,0.25
unemployment,2022-12-01,2023-02-01,2,equal_weights,0,0.25,0.25,0.25,0.25
unemployment,2022-12-01,2023-03-01,3,equal_weights,0,0.25,0.25,0.25,0.25
unemployment,2022-12-01,2023-04-01,4,equal_weights,0,0.25,0.25,0.25,0.25
unemployment,2022-12-01,2023-05-01,5,equal_weights,0,0.25,0.25,0.25,0.25
unemployment,2022-12-01,2023-06-01,6,equal_weights,0,0.25,0.25,0.25,0.25
unemployment,2022-12-01,2023-07-01,7,equal_weights,0,0.25,0.25,0.25,0.25
unemployment,2022-12-01,2023-08-01,8,equal_weights,0,0.25,0.25,0.25,0.25
unemployment,2022-12-01,2023-09-01,9,equal_weights,0,0.25,0.25,0.25,0.25
unemployment,2022-12-01,2023-10-01,10,equal_weights,0,0.25,0.25,0.25,0.25
unemployment,2022-12-01,2023-11-01,11,equal_weights,0,0.25,0.25,0.25,0.25
unemployment,2022-12-01,2023-12-01,12,equal_weights,0,0.25,0.25,0.25,0.25
unemployment,2023-01-01,2023-02-01,1,equal_weights,1,0.25,0.25,0.25,0.25
unemployment,2023-01-01,2023-03-01,2,equal_weights,1,0.25,0.25,0.25,0.25
unemployment,2023-01-01,2023-04-01,3,equal_weights,1,0.25,0.25,0.25,0.25
unemployment,2023-01-01,2023-05-01,4,equal_weights,1,0.25,0.25,0.25,0.25
unemployment,2023-01-01,2023-06-01,5,equal_weights,1,0.25,0.25,0.25,0.25
unemployment,2023-01-01,2023-07-01,6,equal_weights,1,0.25,0.25,0.25,0.25
unemployment,2023-01-01,2023-08-01,7,equal_weights,1,0.25,0.25,0.25,0.25
unemployment,2023-01-01,2023-09-01,8,equal_weights,1,0.25,0.25,0.25,0.25
unemployment,2023-01-01,2023-10-01,9,equal_weights,1,0.25,0.25,0.25,0.25
unemployment,2023-01-01,2023-11-01,10,equal_weights,1,0.25,0.25,0.25,0.25
unemployment,2023-01-01,2023-12-01,11,equal_weights,1,0.25,0.25,0.25,0.25
unemployment,2023-01-01,2024-01-01,12,equal_weights,1,0.25,0.25,0.25,0.25
unemployment,2023-02-01,2023-03-01,1,equal_weights,2,0.25,0.25,0.25,0.25
unemployment,2023-02-01,2023-04-01,2,equal_weights,2,0.25,0.25,0.25,0.25
unemployment,2023-02-01,2023-05-01,3,equal_weights,2,0.25,0.25,0.25,0.25
unemployment,2023-02-01,2023-06-01,4,equal_weights,2,0.25,0.25,0.25,0.25
unemployment,2023-02-01,2023-07-01,5,equal_weights,2,0.25,0.25,0.25,0.25
unemployment,2023-02-01,2023-08-01,6,equal_weights,2,0.25,0.25,0.25,0.25
unemployment,2023-02-01,2023-09-01,7,equal_weights,2,0.25,0.25,0.25,0.25
unemployment,2023-02-01,2023-10-01,8,equal_weights,2,0.25,0.25,0.25,0.25
unemployment,2023-02-01,2023-11-01,9,equal_weights,2,0.25,0.25,0.25,0.25
unemployment,2023-02-01,2023-12-01,10,equal_weights,2,0.25,0.25,0.25,0.25
unemployment,2023-02-01,2024-01-01,11,equal_weights,2,0.25,0.25,0.25,0.25
unemployment,2023-02-01,2024-02-01,12,equal_weights,2,0.25,0.25,0.25,0.25
unemployment,2023-03-01,2023-04-01,1,same_horizon_past_rmse,3,0.2321410233543687,0.2362942823183635,0.14600117396548887,0.38556352036177893
unemployment,2023-03-01,2023-05-01,2,same_horizon_past_rmse,3,0.22541744615258075,0.22894046959015416,0.11476006903052885,0.4308820152267363
unemployment,2023-03-01,2023-06-01,3,same_horizon_past_rmse,3,0.2934940601865671,0.2941442378822874,0.08761642955835021,0.3247452723727952
unemployment,2023-03-01,2023-07-01,4,same_horizon_past_rmse,3,0.23647341970005997,0.23396032099971117,0.15643048450613153,0.3731357747940973
unemployment,2023-03-01,2023-08-01,5,same_horizon_past_rmse,3,0.16081941551505013,0.16005012685480288,0.26042486913760726,0.41870558849253975
unemployment,2023-03-01,2023-09-01,6,same_horizon_past_rmse,3,0.12254232135560908,0.12231185817525052,0.3102027946641747,0.44494302580496575
unemployment,2023-03-01,2023-10-01,7,same_horizon_past_rmse,3,0.0996179875770683,0.09944704765578626,0.277290892806972,0.5236440719601735
unemployment,2023-03-01,2023-11-01,8,same_horizon_past_rmse,3,0.07982693326858967,0.07960850937958938,0.4175946625132792,0.4229698948385418
unemployment,2023-03-01,2023-12-01,9,same_horizon_past_rmse,3,0.06506421503145433,0.06492367758996528,0.601979537856924,0.2680325695216565
unemployment,2023-03-01,2024-01-01,10,same_horizon_past_rmse,3,0.07980350815216886,0.07969143866137741,0.5067024140768641,0.33380263910958974
unemployment,2023-03-01,2024-02-01,11,same_horizon_past_rmse,3,0.08967856281433992,0.0895811449350135,0.5103903497317754,0.3103499425188712
unemployment,2023-03-01,2024-03-01,12,same_horizon_past_rmse,3,0.0823790872949884,0.08226941697379538,0.3880038619182162,0.4473476338130002
unemployment,2023-04-01,2023-05-01,1,same_horizon_past_rmse,4,0.24996144799904876,0.25410735556619496,0.15032312618026047,0.34560807025449586
unemployment,2023-04-01,2023-06-01,2,same_horizon_past_rmse,4,0.20265806733067415,0.20471224148142578,0.12256430361231754,0.4700653875755825
unemployment,2023-04-01,2023-07-01,3,same_horizon_past_rmse,4,0.20043055618802094,0.20052605740833307,0.15017122743242683,0.44887215897121907
unemployment,2023-04-01,2023-08-01,4,same_horizon_past_rmse,4,0.1782884117507222,0.17768973209250255,0.19670711739802707,0.4473147387587483
unemployment,2023-04-01,2023-09-01,5,same_horizon_past_rmse,4,0.1399571798507293,0.13954634709542912,0.2785286067663011,0.4419678662875405
unemployment,2023-04-01,2023-10-01,6,same_horizon_past_rmse,4,0.11416302504194034,0.11402758394447307,0.342004269703668,0.42980512130991866
unemployment,2023-04-01,2023-11-01,7,same_horizon_past_rmse,4,0.08540308823494053,0.08533218384571607,0.2181190967642617,0.6111456311550817
unemployment,2023-04-01,2023-12-01,8,same_horizon_past_rmse,4,0.09828235624873345,0.09813535068374868,0.2710046983593436,0.5325775947081743
unemployment,2023-04-01,2024-01-01,9,same_horizon_past_rmse,4,0.11672300515172299,0.11656551607552809,0.3660238794570771,0.40068759931567177
unemployment,2023-04-01,2024-02-01,10,same_horizon_past_rmse,4,0.11798967130257777,0.11786819986837713,0.4862619519943349,0.27788017683471017
unemployment,2023-04-01,2024-03-01,11,same_horizon_past_rmse,4,0.1316606965976773,0.13157197264494414,0.3780527281668381,0.3587146025905405
unemployment,2023-04-01,2024-04-01,12,same_horizon_past_rmse,4,0.11914037720320285,0.11904926078083224,0.2824775845494664,0.4793327774664985
unemployment,2023-05-01,2023-06-01,1,same_horizon_past_rmse,5,0.2915710152093058,0.2963396428546812,0.2201263768391229,0.19196296509689015
unemployment,2023-05-01,2023-07-01,2,same_horizon_past_rmse,5,0.2619902758666106,0.2640477351808321,0.22887014654186746,0.2450918424106898
unemployment,2023-05-01,2023-08-01,3,same_horizon_past_rmse,5,0.24377059876425755,0.24446416067637064,0.23472691084164912,0.27703832971772274
unemployment,2023-05-01,2023-09-01,4,same_horizon_past_rmse,5,0.21037555746415904,0.2102815399257196,0.25258554042330206,0.3267573621868192
unemployment,2023-05-01,2023-10-01,5,same_horizon_past_rmse,5,0.17253646135599332,0.1724362681421907,0.32566782510621495,0.32935944539560097
unemployment,2023-05-01,2023-11-01,6,same_horizon_past_rmse,5,0.1733520171942728,0.1734399109905966,0.32486449499226594,0.3283435768228647
unemployment,2023-05-01,2023-12-01,7,same_horizon_past_rmse,5,0.16117101894377284,0.16123276913353896,0.28074502309239824,0.3968511888302901
unemployment,2023-05-01,2024-01-01,8,same_horizon_past_rmse,5,0.14693310607721544,0.1468945006398153,0.2650002381688804,0.44117215511408897
unemployment,2023-05-01,2024-02-01,9,same_horizon_past_rmse,5,0.13076993830737155,0.130707854746035,0.2851549478351557,0.4533672591114377
unemployment,2023-05-01,2024-03-01,10,same_horizon_past_rmse,5,0.15011451438846452,0.1500922779871724,0.3092068809249795,0.3905863266993836
unemployment,2023-05-01,2024-04-01,11,same_horizon_past_rmse,5,0.14422614651100346,0.14424034565349342,0.255839577900789,0.45569392993471414
unemployment,2023-05-01,2024-05-01,12,same_horizon_past_rmse,5,0.11787075847726616,0.11786196450485666,0.20484569363920815,0.5594215833786691
unemployment,2023-06-01,2023-07-01,1,same_horizon_past_rmse,6,0.2916657091381857,0.29556158644050845,0.24728821456614675,0.16548448985515915
unemployment,2023-06-01,2023-08-01,2,same_horizon_past_rmse,6,0.2688898166533876,0.2699979543825003,0.23953686451320252,0.22157536445090947
unemployment,2023-06-01,2023-09-01,3,same_horizon_past_rmse,6,0.2501962691974272,0.2504971591900205,0.240242176209661,0.2590643954028911
unemployment,2023-06-01,2023-10-01,4,same_horizon_past_rmse,6,0.22012677567392588,0.2197722029745498,0.26450034131046946,0.29560068004105483
unemployment,2023-06-01,2023-11-01,5,same_horizon_past_rmse,6,0.2021242577273814,0.2017908027150918,0.3025906895994362,0.2934942499580906
unemployment,2023-06-01,2023-12-01,6,same_horizon_past_rmse,6,0.19673496108260982,0.19664024619850623,0.2916440950208988,0.3149806976979852
unemployment,2023-06-01,2024-01-01,7,same_horizon_past_rmse,6,0.18272211870919225,0.1826547623115392,0.26666696284900465,0.3679561561302639
unemployment,2023-06-01,2024-02-01,8,same_horizon_past_rmse,6,0.15975142085584948,0.1596340988480276,0.25555959820114865,0.4250548820949744
unemployment,2023-06-01,2024-03-01,9,same_horizon_past_rmse,6,0.15683752260129477,0.15669230017224206,0.26185125288471,0.42461892434175325
unemployment,2023-06-01,2024-04-01,10,same_horizon_past_rmse,6,0.16889199222851384,0.1687877815412676,0.2658005767039841,0.3965196495262345
unemployment,2023-06-01,2024-05-01,11,same_horizon_past_rmse,6,0.15303816107707024,0.1529854126088771,0.23028763888326995,0.4636887874307827
unemployment,2023-06-01,2024-06-01,12,same_horizon_past_rmse,6,0.12153798181484664,0.12148498173531012,0.18176588360588714,0.5752111528439562
unemployment,2023-07-01,2023-08-01,1,same_horizon_past_rmse,7,0.3052442040240102,0.3089113812542548,0.2538206852330608,0.1320237294886742
unemployment,2023-07-01,2023-09-01,2,same_horizon_past_rmse,7,0.27817013847691663,0.27918237248150557,0.24615241359359577,0.19649507544798203
unemployment,2023-07-01,2023-10-01,3,same_horizon_past_rmse,7,0.2605305965308599,0.26042755990344224,0.25201306752257574,0.22702877604312227
unemployment,2023-07-01,2023-11-01,4,same_horizon_past_rmse,7,0.2374982945797341,0.2364004210514334,0.28854408814183335,0.23755719622699914
unemployment,2023-07-01,2023-12-01,5,same_horizon_past_rmse,7,0.21917844474835707,0.21836879072630083,0.30723794267505955,0.25521482185028255
unemployment,2023-07-01,2024-01-01,6,same_horizon_past_rmse,7,0.2107031209403138,0.21027561325878466,0.2942231335355272,0.2847981322653745
unemployment,2023-07-01,2024-02-01,7,same_horizon_past_rmse,7,0.19247566599252047,0.19220932724738146,0.2773955220819097,0.33791948467818844
unemployment,2023-07-01,2024-03-01,8,same_horizon_past_rmse,7,0.18281690805844902,0.18245755437909128,0.2792569781419531,0.35546855942050665
unemployment,2023-07-01,2024-04-01,9,same_horizon_past_rmse,7,0.18290730724130405,0.18253000132579758,0.28151191217447474,0.3530507792584237
unemployment,2023-07-01,2024-05-01,10,same_horizon_past_rmse,7,0.18402095627038018,0.1837348517593776,0.27411671164948753,0.35812748032075475
unemployment,2023-07-01,2024-06-01,11,same_horizon_past_rmse,7,0.17411645139421927,0.17390645171449737,0.2503726943279241,0.40160440256335933
unemployment,2023-07-01,2024-07-01,12,same_horizon_past_rmse,7,0.1643641318631658,0.16416077346278427,0.23216443621818786,0.4393106584558621
unemployment,2023-08-01,2023-09-01,1,same_horizon_past_rmse,8,0.3099283985776515,0.3141319268242146,0.25852318376205746,0.11741649083607651
unemployment,2023-08-01,2023-10-01,2,same_horizon_past_rmse,8,0.2857693455248623,0.28662516640192076,0.2519705686103495,0.17563491946286752
unemployment,2023-08-01,2023-11-01,3,same_horizon_past_rmse,8,0.26575338519782105,0.2647502446899951,0.2756516871985598,0.1938446829136239
unemployment,2023-08-01,2023-12-01,4,same_horizon_past_rmse,8,0.24278383951226334,0.24120805407620624,0.3058654657017276,0.21014264070980285
unemployment,2023-08-01,2024-01-01,5,same_horizon_past_rmse,8,0.22530764737077774,0.22418157221825438,0.31696172370272246,0.2335490567082454
unemployment,2023-08-01,2024-02-01,6,same_horizon_past_rmse,8,0.21391755106719848,0.213299961632789,0.3041476281658128,0.2686348591341997
unemployment,2023-08-01,2024-03-01,7,same_horizon_past_rmse,8,0.20166825774753158,0.20117618476397744,0.29706398625752345,0.30009157123096764
unemployment,2023-08-01,2024-04-01,8,same_horizon_past_rmse,8,0.1962801194914924,0.19571504275921814,0.30216944998057255,0.30583538776871694
unemployment,2023-08-01,2024-05-01,9,same_horizon_past_rmse,8,0.19287646854086699,0.19234451972487215,0.29847336114366074,0.31630565059060023
unemployment,2023-08-01,2024-06-01,10,same_horizon_past_rmse,8,0.19282607846706787,0.19240536675451247,0.28787489957769347,0.32689365520072616
unemployment,2023-08-01,2024-07-01,11,same_horizon_past_rmse,8,0.18877973582801372,0.18843746838000755,0.27005613986533156,0.3527266559266471
unemployment,2023-08-01,2024-08-01,12,same_horizon_past_rmse,8,0.17990393003725857,0.17959147874147852,0.2528250024566471,0.38767958876461595
unemployment,2023-09-01,2023-10-01,1,same_horizon_past_rmse,9,0.3103841315437466,0.3137214268814514,0.2685694100257455,0.10732503154905644
unemployment,2023-09-01,2023-11-01,2,same_horizon_past_rmse,9,0.2791913996271318,0.27945337530304387,0.280809898780784,0.16054532628904047
unemployment,2023-09-01,2023-12-01,3,same_horizon_past_rmse,9,0.2636913407268989,0.26276706634942415,0.29593887275692876,0.17760272016674825
unemployment,2023-09-01,2024-01-01,4,same_horizon_past_rmse,9,0.2460787783318861,0.24469303350719904,0.31661663178544236,0.19261155637547242
unemployment,2023-09-01,2024-02-01,5,same_horizon_past_rmse,9,0.22844862668351007,0.22735348295599458,0.3301179955279031,0.21407989483259227
unemployment,2023-09-01,2024-03-01,6,same_horizon_past_rmse,9,0.22061822476385323,0.22002284936718874,0.32317562577189296,0.23618330009706506
unemployment,2023-09-01,2024-04-01,7,same_horizon_past_rmse,9,0.21401392450726692,0.21354353068714912,0.31936405361053055,0.2530784911950535
unemployment,2023-09-01,2024-05-01,8,same_horizon_past_rmse,9,0.20845708403571148,0.20791947328345298,0.32181297491120114,0.26181046776963446
unemployment,2023-09-01,2024-06-01,9,same_horizon_past_rmse,9,0.20611137142878957,0.2056000244392623,0.3167767144610946,0.2715118896708535
unemployment,2023-09-01,2024-07-01,10,same_horizon_past_rmse,9,0.2078621483623803,0.20745526501178577,0.3061798319973425,0.27850275462849144
unemployment,2023-09-01,2024-08-01,11,same_horizon_past_rmse,9,0.20516971602800593,0.20482387491993118,0.29137024896647085,0.29863616008559213
unemployment,2023-09-01,2024-09-01,12,same_horizon_past_rmse,9,0.20302483311634043,0.20270157050252433,0.2817885589770711,0.31248503740406414
unemployment,2023-10-01,2023-11-01,1,same_horizon_past_rmse,10,0.2953588304551994,0.29837025948162427,0.2924901766958467,0.11378073336732963
unemployment,2023-10-01,2023-12-01,2,same_horizon_past_rmse,10,0.27479908884880055,0.27509427423547755,0.288948789330137,0.16115784758558493
unemployment,2023-10-01,2024-01-01,3,same_horizon_past_rmse,10,0.26140791000708935,0.2606798917921396,0.29850574511493516,0.17940645308583594
unemployment,2023-10-01,2024-02-01,4,same_horizon_past_rmse,10,0.24346697692925826,0.24221338682765794,0.32216734647120543,0.1921522897718784
unemployment,2023-10-01,2024-03-01,5,same_horizon_past_rmse,10,0.22458354509778722,0.22369777991843162,0.33642621502474224,0.21529245995903876
unemployment,2023-10-01,2024-04-01,6,same_horizon_past_rmse,10,0.2171885406499046,0.21673087588352696,0.3272889215756941,0.23879166189087447
unemployment,2023-10-01,2024-05-01,7,same_horizon_past_rmse,10,0.2110246008121622,0.2106435370556083,0.3217456539023205,0.2565862082299091
unemployment,2023-10-01,2024-06-01,8,same_horizon_past_rmse,10,0.20580686170791418,0.2053648721122918,0.3216503161117766,0.26717795006801737
unemployment,2023-10-01,2024-07-01,9,same_horizon_past_rmse,10,0.20387630192289172,0.2034630094714012,0.3136312778448975,0.27902941076080945
unemployment,2023-10-01,2024-08-01,10,same_horizon_past_rmse,10,0.20488756520684973,0.2045445551177936,0.3033007020364367,0.2872671776389199
unemployment,2023-10-01,2024-09-01,11,same_horizon_past_rmse,10,0.20179296348337522,0.20150623818851118,0.2870664598529764,0.3096343384751373
unemployment,2023-10-01,2024-10-01,12,same_horizon_past_rmse,10,0.19933865577024582,0.19905741161608564,0.27884274895589745,0.32276118365777096
unemployment,2023-11-01,2023-12-01,1,same_horizon_past_rmse,11,0.3000975053288834,0.30321920021019944,0.29378264813992616,0.10290064632099111
unemployment,2023-11-01,2024-01-01,2,same_horizon_past_rmse,11,0.27947171346804894,0.27954066360445745,0.28902080583808315,0.15196681708941046
unemployment,2023-11-01,2024-02-01,3,same_horizon_past_rmse,11,0.26294074421798974,0.2621973388127781,0.30002643593159634,0.17483548103763577
unemployment,2023-11-01,2024-03-01,4,same_horizon_past_rmse,11,0.2438750770004319,0.24238668739534153,0.3273657751180512,0.18637246048617537
unemployment,2023-11-01,2024-04-01,5,same_horizon_past_rmse,11,0.22502778451534597,0.2239384749027896,0.33975088256646757,0.21128285801539692
unemployment,2023-11-01,2024-05-01,6,same_horizon_past_rmse,11,0.21786554183306345,0.21724496393866086,0.32714519638893425,0.23774429783934142
unemployment,2023-11-01,2024-06-01,7,same_horizon_past_rmse,11,0.21112014668563167,0.21060792366811112,0.32131957902638086,0.2569523506198764
unemployment,2023-11-01,2024-07-01,8,same_horizon_past_rmse,11,0.2064059754484543,0.20585417360275882,0.3179961738245245,0.2697436771242625
unemployment,2023-11-01,2024-08-01,9,same_horizon_past_rmse,11,0.20359421060871186,0.20309703300773063,0.30989328211923417,0.2834154742643234
unemployment,2023-11-01,2024-09-01,10,same_horizon_past_rmse,11,0.20467096384106356,0.2042488151171789,0.2972579498244406,0.29382227121731685
unemployment,2023-11-01,2024-10-01,11,same_horizon_past_rmse,11,0.2006758733374545,0.2003268229632902,0.2833961002859169,0.3156012034133384
unemployment,2023-11-01,2024-11-01,12,same_horizon_past_rmse,11,0.1982093237567665,0.19786995554195932,0.27456149503128213,0.32935922566999215
unemployment,2023-12-01,2024-01-01,1,same_horizon_past_rmse,12,0.30214480260961446,0.3048607210724923,0.2940490675038422,0.09894540881405121
unemployment,2023-12-01,2024-02-01,2,same_horizon_past_rmse,12,0.28090446199395075,0.28115390753656266,0.286823529431889,0.15111810103759749
unemployment,2023-12-01,2024-03-01,3,same_horizon_past_rmse,12,0.2615271082358121,0.2603184040936191,0.3060981753572058,0.1720563123133631
unemployment,2023-12-01,2024-04-01,4,same_horizon_past_rmse,12,0.23907940670110162,0.2372346501837938,0.3377931897461142,0.18589275336899044
unemployment,2023-12-01,2024-05-01,5,same_horizon_past_rmse,12,0.2227084312899308,0.22137533431032877,0.34397156770062504,0.21194466669911535
unemployment,2023-12-01,2024-06-01,6,same_horizon_past_rmse,12,0.2157990404229124,0.21497487668185514,0.330366384357076,0.23885969853815653
unemployment,2023-12-01,2024-07-01,7,same_horizon_past_rmse,12,0.2094360670519961,0.20874587490921123,0.3227128157406898,0.25910524229810294
unemployment,2023-12-01,2024-08-01,8,same_horizon_past_rmse,12,0.204630223118754,0.2039502299002912,0.318471032305036,0.27294851467591885
unemployment,2023-12-01,2024-09-01,9,same_horizon_past_rmse,12,0.2024784046848029,0.20186667706702807,0.3076895736027831,0.28796534464538587
unemployment,2023-12-01,2024-10-01,10,same_horizon_past_rmse,12,0.20310604619097702,0.20259438609425848,0.2963819520902462,0.29791761562451835
unemployment,2023-12-01,2024-11-01,11,same_horizon_past_rmse,12,0.19930836933722634,0.1988728670616056,0.28215768497432864,0.3196610786268395
unemployment,2023-12-01,2024-12-01,12,same_horizon_past_rmse,12,0.19848662871571346,0.19805651936556393,0.2713646989098814,0.3320921530088411
unemployment,2024-01-01,2024-02-01,1,same_horizon_past_rmse,13,0.31209512048179827,0.31485296444528327,0.2696216624229726,0.1034302526499459
unemployment,2024-01-01,2024-03-01,2,same_horizon_past_rmse,13,0.27971002744475365,0.2798061083788217,0.2901409520039778,0.1503429121724469
unemployment,2024-01-01,2024-04-01,3,same_horizon_past_rmse,13,0.25242367162156837,0.2512727654350051,0.32247552951349945,0.1738280334299273
unemployment,2024-01-01,2024-05-01,4,same_horizon_past_rmse,13,0.2316835845785612,0.23001018770666382,0.3499979641833718,0.18830826353140315
unemployment,2024-01-01,2024-06-01,5,same_horizon_past_rmse,13,0.21608486375606106,0.2148602460788009,0.3544417053960318,0.21461318476910635
unemployment,2024-01-01,2024-07-01,6,same_horizon_past_rmse,13,0.20853667967175002,0.2077806573152779,0.3417627973571691,0.24191986565580306
unemployment,2024-01-01,2024-08-01,7,same_horizon_past_rmse,13,0.2039895446264348,0.20333546860930696,0.3300992994563636,0.26257568730789477
unemployment,2024-01-01,2024-09-01,8,same_horizon_past_rmse,13,0.1986292212902937,0.19800039336188008,0.32639994457461446,0.27697044077321176
unemployment,2024-01-01,2024-10-01,9,same_horizon_past_rmse,13,0.19841332826662286,0.1978253953246955,0.31215580368820683,0.29160547272047477
unemployment,2024-01-01,2024-11-01,10,same_horizon_past_rmse,13,0.19874240058043954,0.19825212679454063,0.30113896273036456,0.30186650989465524
unemployment,2024-01-01,2024-12-01,11,same_horizon_past_rmse,13,0.19459158626146633,0.19418903949327265,0.28774735348158803,0.323472020763673
unemployment,2024-01-01,2025-01-01,12,same_horizon_past_rmse,13,0.19485603890733053,0.19444212834278854,0.2746301686703429,0.336071664079538
unemployment,2024-02-01,2024-03-01,1,same_horizon_past_rmse,14,0.299049112368288,0.30017526098735325,0.28697599300397814,0.11379963364038076
unemployment,2024-02-01,2024-04-01,2,same_horizon_past_rmse,14,0.26456669541916583,0.26456717354882764,0.30841188300091654,0.16245424803108996
unemployment,2024-02-01,2024-05-01,3,same_horizon_past_rmse,14,0.24305659965125695,0.24219529623159441,0.33220770545352146,0.18254039866362717
unemployment,2024-02-01,2024-06-01,4,same_horizon_past_rmse,14,0.2270896921295504,0.2257852247789224,0.3480662731409625,0.19905880995056474
unemployment,2024-02-01,2024-07-01,5,same_horizon_past_rmse,14,0.21331719509597022,0.21236454357289,0.34857732468351316,0.22574093664762662
unemployment,2024-02-01,2024-08-01,6,same_horizon_past_rmse,14,0.20582574646092947,0.20518427144945872,0.3403600181186703,0.24862996397094156
unemployment,2024-02-01,2024-09-01,7,same_horizon_past_rmse,14,0.2026207017174703,0.20206734205465965,0.32555614213561945,0.2697558140922506
unemployment,2024-02-01,2024-10-01,8,same_horizon_past_rmse,14,0.197336466062449,0.19677083777345528,0.32279444204016094,0.28309825412393474
unemployment,2024-02-01,2024-11-01,9,same_horizon_past_rmse,14,0.1975200269108709,0.1969940482784877,0.30788116530073506,0.2976047595099063
unemployment,2024-02-01,2024-12-01,10,same_horizon_past_rmse,14,0.1998481143384188,0.19943029177001526,0.2938385306502236,0.3068830632413424
unemployment,2024-02-01,2025-01-01,11,same_horizon_past_rmse,14,0.1942156965390649,0.19384854060131107,0.28434683807947814,0.327588924780146
unemployment,2024-02-01,2025-02-01,12,same_horizon_past_rmse,14,0.19397684872945953,0.19359401170214413,0.2727523054258691,0.33967683414252725
unemployment,2024-03-01,2024-04-01,1,same_horizon_past_rmse,15,0.29139975362367176,0.2935462494203248,0.2963806658005585,0.11867333115544497
unemployment,2024-03-01,2024-05-01,2,same_horizon_past_rmse,15,0.2611780746274979,0.2611843362420738,0.31174407073224863,0.16589351839817945
unemployment,2024-03-01,2024-06-01,3,same_horizon_past_rmse,15,0.24056741404292087,0.239736248121232,0.3317687670671493,0.1879275707686978
unemployment,2024-03-01,2024-07-01,4,same_horizon_past_rmse,15,0.2238080505039253,0.22263198594056566,0.34540042977466057,0.20815953378084853
unemployment,2024-03-01,2024-08-01,5,same_horizon_past_rmse,15,0.21077401184924557,0.20987596644956957,0.3478809603753459,0.23146906132583894
unemployment,2024-03-01,2024-09-01,6,same_horizon_past_rmse,15,0.20499017871705813,0.2043844258726516,0.3338751030053393,0.2567502924049511
unemployment,2024-03-01,2024-10-01,7,same_horizon_past_rmse,15,0.20161982544715942,0.20108019114409645,0.3231348197086977,0.27416516370004645
unemployment,2024-03-01,2024-11-01,8,same_horizon_past_rmse,15,0.1969866767723285,0.1964408518141575,0.3188199272933694,0.2877525441201446
unemployment,2024-03-01,2024-12-01,9,same_horizon_past_rmse,15,0.1995394152721574,0.19905001645249257,0.3007973442229535,0.30061322405239654
unemployment,2024-03-01,2025-01-01,10,same_horizon_past_rmse,15,0.20022620328624055,0.1998189203357117,0.2910708874412007,0.3088839889368472
unemployment,2024-03-01,2025-02-01,11,same_horizon_past_rmse,15,0.19478447075683197,0.19442296556576905,0.28294810515531577,0.3278444585220833
unemployment,2024-03-01,2025-03-01,12,same_horizon_past_rmse,15,0.19458373188892802,0.19420496980745705,0.2724822770800446,0.33872902122357035
unemployment,2024-04-01,2024-05-01,1,same_horizon_past_rmse,16,0.2914948773085425,0.29357086639564484,0.29649977710801745,0.1184344791877953
unemployment,2024-04-01,2024-06-01,2,same_horizon_past_rmse,16,0.2614343531120426,0.26111123340870684,0.3105335455396115,0.16692086793963906
unemployment,2024-04-01,2024-07-01,3,same_horizon_past_rmse,16,0.23945167099727724,0.23815120350567842,0.33032619171070055,0.1920709337863438
unemployment,2024-04-01,2024-08-01,4,same_horizon_past_rmse,16,0.22237713637033452,0.2209443274525591,0.34597680470600733,0.210701731471099
unemployment,2024-04-01,2024-09-01,5,same_horizon_past_rmse,16,0.21057985514079205,0.20944651432784298,0.3423923886957208,0.23758124183564422
unemployment,2024-04-01,2024-10-01,6,same_horizon_past_rmse,16,0.20462766389949058,0.20388988276347997,0.3321575841539331,0.25932486918309644
unemployment,2024-04-01,2024-11-01,7,same_horizon_past_rmse,16,0.20122390505330884,0.20055263533550327,0.3203385741015585,0.2778848855096295
unemployment,2024-04-01,2024-12-01,8,same_horizon_past_rmse,16,0.19855476468773808,0.19784579514536685,0.31016092836649706,0.293438511800398
unemployment,2024-04-01,2025-01-01,9,same_horizon_past_rmse,16,0.19954220816857687,0.19895212839606938,0.297840160159773,0.3036655032755807
unemployment,2024-04-01,2025-02-01,10,same_horizon_past_rmse,16,0.20014946831649894,0.19966165978554914,0.2893478528039331,0.3108410190940188
unemployment,2024-04-01,2025-03-01,11,same_horizon_past_rmse,16,0.19482685335899994,0.19440182405421996,0.28190544698893305,0.3288658755978471
unemployment,2024-04-01,2025-04-01,12,same_horizon_past_rmse,16,0.19522564820812924,0.19477676631815272,0.27187635135407257,0.3381212341196455
unemployment,2024-05-01,2024-06-01,1,same_horizon_past_rmse,17,0.29211202436849804,0.29371197950690714,0.29409882609771776,0.12007717002687708
unemployment,2024-05-01,2024-07-01,2,same_horizon_past_rmse,17,0.25943657457187147,0.25869003931195367,0.309800774694622,0.17207261142155272
unemployment,2024-05-01,2024-08-01,3,same_horizon_past_rmse,17,0.2376511429538387,0.23617943574441524,0.3309263597494353,0.1952430615523108
unemployment,2024-05-01,2024-09-01,4,same_horizon_past_rmse,17,0.2229829505468246,0.2214324160024746,0.33678360363129756,0.21880102981940333
unemployment,2024-05-01,2024-10-01,5,same_horizon_past_rmse,17,0.21083936223446012,0.20963080132396636,0.3382012365572306,0.24132859988434296
unemployment,2024-05-01,2024-11-01,6,same_horizon_past_rmse,17,0.20538083160877063,0.20456925134398585,0.3264780451703108,0.2635718718769328
unemployment,2024-05-01,2024-12-01,7,same_horizon_past_rmse,17,0.20500271699200692,0.20425609742358347,0.3089852039593199,0.2817559816250897
unemployment,2024-05-01,2025-01-01,8,same_horizon_past_rmse,17,0.20025640727424013,0.19949680040939863,0.30497550901547665,0.29527128330088454
unemployment,2024-05-01,2025-02-01,9,same_horizon_past_rmse,17,0.20088903108578657,0.20025612810139065,0.29498910033875086,0.3038657404740719
unemployment,2024-05-01,2025-03-01,10,same_horizon_past_rmse,17,0.2014333555967112,0.20090993400032542,0.28802781939421257,0.30962889100875085
unemployment,2024-05-01,2025-04-01,11,same_horizon_past_rmse,17,0.1975855686227516,0.19712090569217144,0.28156406897294833,0.32372945671212866
unemployment,2024-05-01,2025-05-01,12,same_horizon_past_rmse,17,0.19930371751313286,0.1988137638846593,0.2727848220620787,0.3290976965401292
unemployment,2024-06-01,2024-07-01,1,same_horizon_past_rmse,18,0.28978557020848783,0.2913419564892395,0.30343644483281007,0.11543602846946266
unemployment,2024-06-01,2024-08-01,2,same_horizon_past_rmse,18,0.2603878769775797,0.25959699727788677,0.3157101652355597,0.1643049605089738
unemployment,2024-06-01,2024-09-01,3,same_horizon_past_rmse,18,0.240766816057673,0.2393010420490004,0.33403379888589474,0.18589834300743183
unemployment,2024-06-01,2024-10-01,4,same_horizon_past_rmse,18,0.22574709195948484,0.22417602426087316,0.34103595215591453,0.20904093162372755
unemployment,2024-06-01,2024-11-01,5,same_horizon_past_rmse,18,0.21543693522380064,0.21421178367827248,0.34266188496943895,0.22768939612848793
unemployment,2024-06-01,2024-12-01,6,same_horizon_past_rmse,18,0.21582044451267196,0.21500845711330935,0.3269586414004635,0.24221245697355523
unemployment,2024-06-01,2025-01-01,7,same_horizon_past_rmse,18,0.2110941114513985,0.21032883331596827,0.3137479446111023,0.26482911062153097
unemployment,2024-06-01,2025-02-01,8,same_horizon_past_rmse,18,0.20603542647817738,0.20525606583954523,0.3106775472425564,0.2780309604397211
unemployment,2024-06-01,2025-03-01,9,same_horizon_past_rmse,18,0.20589571068525564,0.20524490482354626,0.3006217571774583,0.28823762731373975
unemployment,2024-06-01,2025-04-01,10,same_horizon_past_rmse,18,0.20751794560671538,0.20697788429430308,0.29394107159558697,0.2915630985033946
unemployment,2024-06-01,2025-05-01,11,same_horizon_past_rmse,18,0.20530169449033456,0.20481976770206645,0.28851281384169936,0.3013657239658996
unemployment,2024-06-01,2025-06-01,12,same_horizon_past_rmse,18,0.20724222596611572,0.2067359543582129,0.2795396011563169,0.30648221851935453
unemployment,2024-07-01,2024-08-01,1,same_horizon_past_rmse,19,0.29176764587230214,0.293325272743489,0.3035181584534566,0.11138892293075228
unemployment,2024-07-01,2024-09-01,2,same_horizon_past_rmse,19,0.2637717079954407,0.262812359482534,0.31706653133951845,0.15634940118250695
unemployment,2024-07-01,2024-10-01,3,same_horizon_past_rmse,19,0.24287965307584,0.24138142582380442,0.33679428140898804,0.17894463969136748
unemployment,2024-07-01,2024-11-01,4,same_horizon_past_rmse,19,0.22950539059610034,0.22784534931889447,0.345597407955657,0.19705185212934817
unemployment,2024-07-01,2024-12-01,5,same_horizon_past_rmse,19,0.22531647721547718,0.22397431489162523,0.3414745060533593,0.20923470183953835
unemployment,2024-07-01,2025-01-01,6,same_horizon_past_rmse,19,0.22090879969958804,0.22003029728281975,0.330887624029482,0.22817327898811013
unemployment,2024-07-01,2025-02-01,7,same_horizon_past_rmse,19,0.21617599381729938,0.2153595294905189,0.3197242385146997,0.24874023817748198
unemployment,2024-07-01,2025-03-01,8,same_horizon_past_rmse,19,0.21112375469272426,0.21030281687994384,0.3176309315478485,0.26094249687948345
unemployment,2024-07-01,2025-04-01,9,same_horizon_past_rmse,19,0.2125889155680932,0.21188919765502437,0.30872933160318433,0.26679255517369815
unemployment,2024-07-01,2025-05-01,10,same_horizon_past_rmse,19,0.21501975723953098,0.2144305384910862,0.3018072177989374,0.2687424864704455
unemployment,2024-07-01,2025-06-01,11,same_horizon_past_rmse,19,0.21373849936191525,0.21320863320333897,0.29682366568280316,0.27622920175194265
unemployment,2024-07-01,2025-07-01,12,same_horizon_past_rmse,19,0.214418817222884,0.2138733388689024,0.28724652637649195,0.28446131753172177
unemployment,2024-08-01,2024-09-01,1,same_horizon_past_rmse,20,0.29494351576211025,0.2955855937194742,0.29786581033291404,0.11160508018550164
unemployment,2024-08-01,2024-10-01,2,same_horizon_past_rmse,20,0.2651107344083235,0.2640591863696874,0.31765933912454003,0.15317074009744922
unemployment,2024-08-01,2024-11-01,3,same_horizon_past_rmse,20,0.24494781270462973,0.24332625678404105,0.337360121533512,0.17436580897781723
unemployment,2024-08-01,2024-12-01,4,same_horizon_past_rmse,20,0.23683694081165824,0.23510702134044378,0.3351893108859349,0.19286672696196316
unemployment,2024-08-01,2025-01-01,5,same_horizon_past_rmse,20,0.22859965711148822,0.22718578043743592,0.3401430035331554,0.2040715589179204
unemployment,2024-08-01,2025-02-01,6,same_horizon_past_rmse,20,0.22312203068397277,0.22219270079820364,0.3324696119392566,0.22221565657856704
unemployment,2024-08-01,2025-03-01,7,same_horizon_past_rmse,20,0.2182623772383892,0.21740964222315184,0.3222254086463255,0.2421025718921335
unemployment,2024-08-01,2025-04-01,8,same_horizon_past_rmse,20,0.21442791129517746,0.2135646249435694,0.320607027026634,0.25140043673461915
unemployment,2024-08-01,2025-05-01,9,same_horizon_past_rmse,20,0.2165930854971095,0.21585088936896124,0.3113096670257986,0.2562463581081306
unemployment,2024-08-01,2025-06-01,10,same_horizon_past_rmse,20,0.21898237446560864,0.21835422108868857,0.3040920787467322,0.2585713256989707
unemployment,2024-08-01,2025-07-01,11,same_horizon_past_rmse,20,0.21702209534369188,0.21646098697872146,0.29948538143024833,0.2670315362473383
unemployment,2024-08-01,2025-08-01,12,same_horizon_past_rmse,20,0.2178773204225576,0.21730211133221397,0.2900059238658932,0.2748146443793352
unemployment,2024-09-01,2024-10-01,1,same_horizon_past_rmse,21,0.2948241470844907,0.295052560231377,0.2955960793763241,0.11452721330780835
unemployment,2024-09-01,2024-11-01,2,same_horizon_past_rmse,21,0.265683588988598,0.26462919139902435,0.3181236721014877,0.15156354751088988
unemployment,2024-09-01,2024-12-01,3,same_horizon_past_rmse,21,0.2473695191768053,0.24580850790258738,0.3350977488596116,0.17172422406099574
unemployment,2024-09-01,2025-01-01,4,same_horizon_past_rmse,21,0.23801675308408213,0.23627353678756646,0.3370293790217675,0.18868033110658394
unemployment,2024-09-01,2025-02-01,5,same_horizon_past_rmse,21,0.22975421187309725,0.2283280144793419,0.34247245043652447,0.19944532321103642
unemployment,2024-09-01,2025-03-01,6,same_horizon_past_rmse,21,0.22450128770670483,0.22356281775808826,0.3346790194587122,0.21725687507649477
unemployment,2024-09-01,2025-04-01,7,same_horizon_past_rmse,21,0.22069075359222987,0.2198246124083781,0.32635267880644625,0.2331319551929458
unemployment,2024-09-01,2025-05-01,8,same_horizon_past_rmse,21,0.21784563909851803,0.21696879143408307,0.3257384462576485,0.23944712320975053
unemployment,2024-09-01,2025-06-01,9,same_horizon_past_rmse,21,0.22022201094101754,0.21946785717344688,0.3162158949188544,0.24409423696668106
unemployment,2024-09-01,2025-07-01,10,same_horizon_past_rmse,21,0.22185206682274877,0.2212131389957991,0.30795584162633294,0.24897895255511926
unemployment,2024-09-01,2025-08-01,11,same_horizon_past_rmse,21,0.22025695346868707,0.2196851673325434,0.30347701399759586,0.2565808652011737
unemployment,2024-09-01,2025-09-01,12,same_horizon_past_rmse,21,0.22173193160321322,0.22114606914112453,0.29437253017105475,0.2627494690846075
unemployment,2024-10-01,2024-11-01,1,same_horizon_past_rmse,22,0.2937423862661341,0.2931736519186919,0.29788274474232423,0.11520121707284982
unemployment,2024-10-01,2024-12-01,2,same_horizon_past_rmse,22,0.26411730839611297,0.2629065075013237,0.3145512421017119,0.15842494200085153
unemployment,2024-10-01,2025-01-01,3,same_horizon_past_rmse,22,0.24856282566785454,0.2469433431438072,0.3355345699730077,0.16895926121533064
unemployment,2024-10-01,2025-02-01,4,same_horizon_past_rmse,22,0.2391190516629742,0.23734281795560755,0.33989772642130645,0.1836404039601118
unemployment,2024-10-01,2025-03-01,5,same_horizon_past_rmse,22,0.2312793581523504,0.22982205665749994,0.34506798834368096,0.19383059684646875
unemployment,2024-10-01,2025-04-01,6,same_horizon_past_rmse,22,0.22674628515983222,0.22577696679096515,0.33886199804975053,0.2086147499994523
unemployment,2024-10-01,2025-05-01,7,same_horizon_past_rmse,22,0.22427846967292892,0.22338344646485248,0.33071043773241443,0.22162764612980407
unemployment,2024-10-01,2025-06-01,8,same_horizon_past_rmse,22,0.2220983130235083,0.22119582014738734,0.32978585371329766,0.2269200131158067
unemployment,2024-10-01,2025-07-01,9,same_horizon_past_rmse,22,0.22368803361324419,0.22290968362458508,0.3200039268667729,0.23339835589539779
unemployment,2024-10-01,2025-08-01,10,same_horizon_past_rmse,22,0.22531401819962985,0.2246529189428147,0.31175037093164887,0.23828269192590662
unemployment,2024-10-01,2025-09-01,11,same_horizon_past_rmse,22,0.2244243030504952,0.2238305361118589,0.3076617782869913,0.24408338255065465
unemployment,2024-10-01,2025-10-01,12,same_horizon_past_rmse,22,0.22589878700009888,0.22529259459443587,0.2987159599051726,0.25009265850029266
unemployment,2024-11-01,2024-12-01,1,same_horizon_past_rmse,23,0.29045133960088604,0.29124090969002403,0.3048889246458638,0.11341882606322605
unemployment,2024-11-01,2025-01-01,2,same_horizon_past_rmse,23,0.2674325050831136,0.26628555538319715,0.31855833600275085,0.14772360353093836
unemployment,2024-11-01,2025-02-01,3,same_horizon_past_rmse,23,0.2516024173669893,0.24999402243895008,0.3404997633634644,0.15790379683059627
unemployment,2024-11-01,2025-03-01,4,same_horizon_past_rmse,23,0.24221588944523292,0.24042444968813745,0.34428930879710107,0.17307035206952864
unemployment,2024-11-01,2025-04-01,5,same_horizon_past_rmse,23,0.23478984007780274,0.23334449206174918,0.3519546110569644,0.1799110568034836
unemployment,2024-11-01,2025-05-01,6,same_horizon_past_rmse,23,0.23114982963732647,0.23020243322000744,0.3461422701774809,0.1925054669651852
unemployment,2024-11-01,2025-06-01,7,same_horizon_past_rmse,23,0.22930793547820494,0.2284320640681843,0.3384328954137101,0.2038271050399007
unemployment,2024-11-01,2025-07-01,8,same_horizon_past_rmse,23,0.22662226549681252,0.22572284994102007,0.3369609394915464,0.21069394507062095
unemployment,2024-11-01,2025-08-01,9,same_horizon_past_rmse,23,0.22829530922404612,0.22752088433586912,0.3270606156762698,0.21712319076381492
unemployment,2024-11-01,2025-09-01,10,same_horizon_past_rmse,23,0.2302309019231209,0.2295786747365376,0.31857271650274455,0.22161770683759693
unemployment,2024-11-01,2025-10-01,11,same_horizon_past_rmse,23,0.22935078660658723,0.22876420663449018,0.31430681018348405,0.2275781965754386
unemployment,2024-11-01,2025-11-01,12,same_horizon_past_rmse,23,0.2298985783531962,0.22929094534628952,0.3043247601335214,0.23648571616699285
unemployment,2024-12-01,2025-01-01,1,same_horizon_past_rmse,24,0.2857564751337595,0.28628375948337287,0.30753702994973436,0.12042273543313332
unemployment,2024-12-01,2025-02-01,2,same_horizon_past_rmse,24,0.26607059069506117,0.26568067371106613,0.3157875830049589,0.15246115258891385
unemployment,2024-12-01,2025-03-01,3,same_horizon_past_rmse,24,0.2523689577429426,0.2514316143822952,0.33289758785996926,0.16330184001479311
unemployment,2024-12-01,2025-04-01,4,same_horizon_past_rmse,24,0.24539472645291632,0.24383952706034046,0.3388318015926205,0.17193394489412278
unemployment,2024-12-01,2025-05-01,5,same_horizon_past_rmse,24,0.23714725159400513,0.23575106841573382,0.35274906339444384,0.17435261659581716
unemployment,2024-12-01,2025-06-01,6,same_horizon_past_rmse,24,0.2332047337488098,0.23225753154839876,0.34895936933001126,0.1855783653727802
unemployment,2024-12-01,2025-07-01,7,same_horizon_past_rmse,24,0.2312277641131088,0.23038248120544175,0.3397560060322021,0.19863374864924732
unemployment,2024-12-01,2025-08-01,8,same_horizon_past_rmse,24,0.22875607154018712,0.2278655687740464,0.33873783064468427,0.20464052904108218
unemployment,2024-12-01,2025-09-01,9,same_horizon_past_rmse,24,0.2305829263883317,0.22978852783973647,0.33021612722523086,0.20941241854670106
unemployment,2024-12-01,2025-10-01,10,same_horizon_past_rmse,24,0.2324009471614616,0.23172851298914965,0.3216480165955244,0.2142225232538643
unemployment,2024-12-01,2025-11-01,11,same_horizon_past_rmse,24,0.23103871660207942,0.23046319064170295,0.31613923120444454,0.222358861551773
unemployment,2024-12-01,2025-12-01,12,same_horizon_past_rmse,24,0.23092992790612674,0.2303720698483968,0.30432744711538534,0.23437055513009114
