target,origin,forecast_date,horizon,actual,sarimax_pred,tbats_prophet_pred,var_pred,bilstm_pred,train_end_date
unemployment,2022-12-01,2023-01-01,1,1083700.0,1049992.4502765606,1050283.129621511,1049085.6102249422,1066133.7802873803,2022-12-01
unemployment,2022-12-01,2023-02-01,2,1096300.0,1049830.4764993293,1050283.129621511,1065547.6403194324,1075872.0367762556,2022-12-01
unemployment,2022-12-01,2023-03-01,3,1079200.0,1049806.7763963067,1050283.129621511,1103972.529069014,1087692.8589025687,2022-12-01
unemployment,2022-12-01,2023-04-01,4,1080700.0,1049803.3083208278,1050283.129621511,1130547.000105094,1099786.794387905,2022-12-01
unemployment,2022-12-01,2023-05-01,5,1111300.0,1049802.8008259716,1050283.129621511,1159673.3712930526,1112846.3105923417,2022-12-01
unemployment,2022-12-01,2023-06-01,6,1153200.0,1049802.726562465,1050283.129621511,1171418.159106623,1127318.397838757,2022-12-01
unemployment,2022-12-01,2023-07-01,7,1172200.0,1049802.715695223,1050283.129621511,1185074.8913072865,1142611.779445277,2022-12-01
unemployment,2022-12-01,2023-08-01,8,1164700.0,1049802.7141049814,1050283.129621511,1187245.6783557397,1158089.6344550718,2022-12-01
unemployment,2022-12-01,2023-09-01,9,1181400.0,1049802.7138722755,1050283.129621511,1197886.4519101,1177454.648183539,2022-12-01
unemployment,2022-12-01,2023-10-01,10,1235900.0,1049802.7138382217,1050283.129621511,1208646.2811499287,1201697.2536561165,2022-12-01
unemployment,2022-12-01,2023-11-01,11,1253300.0,1049802.713833239,1050283.129621511,1215736.5483016442,1230167.6966745935,2022-12-01
unemployment,2022-12-01,2023-12-01,12,1263300.0,1049802.71383251,1050283.129621511,1221302.098040957,1260242.4456817284,2022-12-01
unemployment,2023-01-01,2023-02-01,1,1096300.0,1088538.6996341955,1089096.8023937922,1098816.3829904064,1083606.0624433933,2023-01-01
unemployment,2023-01-01,2023-03-01,2,1079200.0,1089246.261613706,1089096.8023937922,1131920.626852195,1095743.3578386763,2023-01-01
unemployment,2023-01-01,2023-04-01,3,1080700.0,1089349.5030025614,1089096.8023937922,1158274.5935945068,1107225.2288946295,2023-01-01
unemployment,2023-01-01,2023-05-01,4,1111300.0,1089364.562313321,1089096.8023937922,1184359.8169127486,1119270.7761916248,2023-01-01
unemployment,2023-01-01,2023-06-01,5,1153200.0,1089366.7588386207,1089096.8023937922,1194577.418813659,1131340.7912757492,2023-01-01
unemployment,2023-01-01,2023-07-01,6,1172200.0,1089367.0792178742,1089096.8023937922,1196248.9576163644,1143462.614781713,2023-01-01
unemployment,2023-01-01,2023-08-01,7,1164700.0,1089367.1259474815,1089096.8023937922,1203490.9390146001,1155642.4399854173,2023-01-01
unemployment,2023-01-01,2023-09-01,8,1181400.0,1089367.1327633292,1089096.8023937922,1212601.984675904,1168117.1621396414,2023-01-01
unemployment,2023-01-01,2023-10-01,9,1235900.0,1089367.133757469,1089096.8023937922,1221476.9562247663,1179674.7477440692,2023-01-01
unemployment,2023-01-01,2023-11-01,10,1253300.0,1089367.1339024722,1089096.8023937922,1220929.095358093,1190867.7843211645,2023-01-01
unemployment,2023-01-01,2023-12-01,11,1263300.0,1089367.1339236211,1089096.8023937922,1224868.466942073,1200547.2129487318,2023-01-01
unemployment,2023-01-01,2024-01-01,12,1246400.0,1089367.1339267057,1089096.8023937922,1227555.441179433,1208952.7437594975,2023-01-01
unemployment,2023-02-01,2023-03-01,1,1079200.0,1098155.75568208,1097447.5957227382,1131435.9402928883,1069491.2931082644,2023-02-01
unemployment,2023-02-01,2023-04-01,2,1080700.0,1098427.5353320225,1097447.5957227382,1159493.3087381457,1084395.8770298634,2023-02-01
unemployment,2023-02-01,2023-05-01,3,1111300.0,1098467.305160567,1097447.5957227382,1187130.3473739268,1100093.8101636996,2023-02-01
unemployment,2023-02-01,2023-06-01,4,1153200.0,1098473.1240207127,1097447.5957227382,1201186.9708304845,1116434.2196293788,2023-02-01
unemployment,2023-02-01,2023-07-01,5,1172200.0,1098473.975383035,1097447.5957227382,1204086.3231566339,1133720.4565386972,2023-02-01
unemployment,2023-02-01,2023-08-01,6,1164700.0,1098474.0999462488,1097447.5957227382,1214833.1244260843,1151725.2306791332,2023-02-01
unemployment,2023-02-01,2023-09-01,7,1181400.0,1098474.1181711438,1097447.5957227382,1224793.4554059603,1175159.433860065,2023-02-01
unemployment,2023-02-01,2023-10-01,8,1235900.0,1098474.1208376356,1097447.5957227382,1236302.982927675,1200907.512212492,2023-02-01
unemployment,2023-02-01,2023-11-01,9,1253300.0,1098474.1212277713,1097447.5957227382,1237383.0143871384,1230465.456506649,2023-02-01
unemployment,2023-02-01,2023-12-01,10,1263300.0,1098474.1212848523,1097447.5957227382,1243078.5833065524,1264111.259634544,2023-02-01
unemployment,2023-02-01,2024-01-01,11,1246400.0,1098474.1212932037,1097447.5957227382,1246450.087240335,1304174.0213295773,2023-02-01
unemployment,2023-02-01,2024-02-01,12,1300900.0,1098474.121294425,1097447.5957227382,1247099.8997866355,1349478.2745434216,2023-02-01
unemployment,2023-03-01,2023-04-01,1,1080700.0,1076727.6737550816,1076326.6718506592,1101002.9742935507,1096765.2303819146,2023-03-01
unemployment,2023-03-01,2023-05-01,2,1111300.0,1076367.459571251,1076326.6718506592,1132316.8343068645,1112146.0718663344,2023-03-01
unemployment,2023-03-01,2023-06-01,3,1153200.0,1076314.9179630596,1076326.6718506592,1142514.9582394105,1130899.4929493226,2023-03-01
unemployment,2023-03-01,2023-07-01,4,1172200.0,1076307.2528771532,1076326.6718506592,1139509.1612726015,1152575.3792407683,2023-03-01
unemployment,2023-03-01,2023-08-01,5,1164700.0,1076306.134621594,1076326.6718506592,1148568.674167151,1177172.0159953344,2023-03-01
unemployment,2023-03-01,2023-09-01,6,1181400.0,1076305.9714792804,1076326.6718506592,1165538.6754051137,1207148.0650231745,2023-03-01
unemployment,2023-03-01,2023-10-01,7,1235900.0,1076305.947678435,1076326.6718506592,1168281.8579829722,1242112.6966938898,2023-03-01
unemployment,2023-03-01,2023-11-01,8,1253300.0,1076305.9442061263,1076326.6718506592,1164012.2620282287,1284977.0691213745,2023-03-01
unemployment,2023-03-01,2023-12-01,9,1263300.0,1076305.9436995517,1076326.6718506592,1167356.7885326033,1331085.4172340706,2023-03-01
unemployment,2023-03-01,2024-01-01,10,1246400.0,1076305.943625647,1076326.6718506592,1177663.1498320403,1373423.3479486657,2023-03-01
unemployment,2023-03-01,2024-02-01,11,1300900.0,1076305.943614866,1076326.6718506592,1180170.3590057797,1408540.4072074923,2023-03-01
unemployment,2023-03-01,2024-03-01,12,1350400.0,1076305.9436132924,1076326.6718506592,1182664.3222296305,1438381.4667700545,2023-03-01
unemployment,2023-04-01,2023-05-01,1,1111300.0,1080918.827947407,1081396.1410349698,1105704.4139733624,1041064.9961853849,2023-04-01
unemployment,2023-04-01,2023-06-01,2,1153200.0,1080950.730038403,1081396.1410349698,1115286.0038141594,1055243.6663170755,2023-04-01
unemployment,2023-04-01,2023-07-01,3,1172200.0,1080955.380461662,1081396.1410349698,1108565.9098708257,1069834.4534440679,2023-04-01
unemployment,2023-04-01,2023-08-01,4,1164700.0,1080956.0583521524,1081396.1410349698,1108810.634587236,1084758.838338698,2023-04-01
unemployment,2023-04-01,2023-09-01,5,1181400.0,1080956.1571677926,1081396.1410349698,1122862.2439689976,1101124.9653516286,2023-04-01
unemployment,2023-04-01,2023-10-01,6,1235900.0,1080956.1715720766,1081396.1410349698,1123862.1018168088,1119458.6670965613,2023-04-01
unemployment,2023-04-01,2023-11-01,7,1253300.0,1080956.1736717797,1081396.1410349698,1114982.695028739,1141022.8178905249,2023-04-01
unemployment,2023-04-01,2023-12-01,8,1263300.0,1080956.173977852,1081396.1410349698,1112081.9770973136,1167311.8776582193,2023-04-01
unemployment,2023-04-01,2024-01-01,9,1246400.0,1080956.174022467,1081396.1410349698,1118450.8670977922,1200411.479807772,2023-04-01
unemployment,2023-04-01,2024-02-01,10,1300900.0,1080956.1740289708,1081396.1410349698,1121466.7234948315,1243333.182337294,2023-04-01
unemployment,2023-04-01,2024-03-01,11,1350400.0,1080956.1740299193,1081396.1410349698,1123755.1039983488,1302456.9806559102,2023-04-01
unemployment,2023-04-01,2024-04-01,12,1360600.0,1080956.1740300576,1081396.1410349698,1127271.8718720104,1375839.0091196275,2023-04-01
unemployment,2023-05-01,2023-06-01,1,1153200.0,1115834.8227016903,1116133.828888215,1121015.666328044,1073632.108475295,2023-05-01
unemployment,2023-05-01,2023-07-01,2,1172200.0,1116497.769396649,1116133.828888215,1113407.1445070347,1085341.392121386,2023-05-01
unemployment,2023-05-01,2023-08-01,3,1164700.0,1116594.4928309936,1116133.828888215,1113684.6055272166,1096956.4401485843,2023-05-01
unemployment,2023-05-01,2023-09-01,4,1181400.0,1116608.6006078746,1116133.828888215,1127686.4575223657,1109164.2502692118,2023-05-01
unemployment,2023-05-01,2023-10-01,5,1235900.0,1116610.6582367492,1116133.828888215,1128603.5167873255,1121954.6098205594,2023-05-01
unemployment,2023-05-01,2023-11-01,6,1253300.0,1116610.9583414674,1116133.828888215,1118363.7641206551,1136525.4081133706,2023-05-01
unemployment,2023-05-01,2023-12-01,7,1263300.0,1116611.0021116354,1116133.828888215,1116071.2101235217,1153481.766306059,2023-05-01
unemployment,2023-05-01,2024-01-01,8,1246400.0,1116611.0084954987,1116133.828888215,1122534.7400147712,1171779.8971866472,2023-05-01
unemployment,2023-05-01,2024-02-01,9,1300900.0,1116611.0094265821,1116133.828888215,1125531.985388534,1194634.8514582673,2023-05-01
unemployment,2023-05-01,2024-03-01,10,1350400.0,1116611.0095623806,1116133.828888215,1126880.7895538665,1225855.2594000013,2023-05-01
unemployment,2023-05-01,2024-04-01,11,1360600.0,1116611.009582186,1116133.828888215,1130142.2812355433,1269048.32617252,2023-05-01
unemployment,2023-05-01,2024-05-01,12,1380700.0,1116611.0095850737,1116133.828888215,1131968.0352803788,1324311.125319002,2023-05-01
unemployment,2023-06-01,2023-07-01,1,1172200.0,1159523.9472061368,1159278.8641927224,1151061.0354809081,1074369.6702385664,2023-06-01
unemployment,2023-06-01,2023-08-01,2,1164700.0,1160461.3472938605,1159278.8641927224,1149582.1909543297,1084229.2226061858,2023-06-01
unemployment,2023-06-01,2023-09-01,3,1181400.0,1160599.9273229705,1159278.8641927224,1167885.747186121,1095652.702478811,2023-06-01
unemployment,2023-06-01,2023-10-01,4,1235900.0,1160620.4061308173,1159278.8641927224,1177049.9148131951,1106610.3865713656,2023-06-01
unemployment,2023-06-01,2023-11-01,5,1253300.0,1160623.4322312,1159278.8641927224,1168329.0308296098,1118048.9398558962,2023-06-01
unemployment,2023-06-01,2023-12-01,6,1263300.0,1160623.8793863547,1159278.8641927224,1164402.961612098,1130374.678726159,2023-06-01
unemployment,2023-06-01,2024-01-01,7,1246400.0,1160623.9454606592,1159278.8641927224,1177211.7095403215,1143934.3116259389,2023-06-01
unemployment,2023-06-01,2024-02-01,8,1300900.0,1160623.9552241887,1159278.8641927224,1186680.480522802,1158637.9208945911,2023-06-01
unemployment,2023-06-01,2024-03-01,9,1350400.0,1160623.9566669057,1159278.8641927224,1191375.7237510532,1175303.336875927,2023-06-01
unemployment,2023-06-01,2024-04-01,10,1360600.0,1160623.95688009,1159278.8641927224,1192143.9595479327,1190934.9571334242,2023-06-01
unemployment,2023-06-01,2024-05-01,11,1380700.0,1160623.9569115906,1159278.8641927224,1193568.3818024131,1204837.1520519555,2023-06-01
unemployment,2023-06-01,2024-06-01,12,1423000.0,1160623.9569162459,1159278.8641927224,1193663.028851025,1219268.7038448812,2023-06-01
unemployment,2023-07-01,2023-08-01,1,1164700.0,1175050.0297039622,1174301.7559570891,1175535.895672258,1079161.8108858338,2023-07-01
unemployment,2023-07-01,2023-09-01,2,1181400.0,1175474.1407807376,1174301.7559570891,1193924.578914785,1092523.005266293,2023-07-01
unemployment,2023-07-01,2023-10-01,3,1235900.0,1175537.1775970627,1174301.7559570891,1206442.1966853158,1105421.4669208971,2023-07-01
unemployment,2023-07-01,2023-11-01,4,1253300.0,1175546.5452824917,1174301.7559570891,1204695.4574951055,1118033.4591782948,2023-07-01
unemployment,2023-07-01,2023-12-01,5,1263300.0,1175547.9373456454,1174301.7559570891,1202514.110185854,1130641.3601700983,2023-07-01
unemployment,2023-07-01,2024-01-01,6,1246400.0,1175548.144209154,1174301.7559570891,1216119.6949074136,1143135.383159206,2023-07-01
unemployment,2023-07-01,2024-02-01,7,1300900.0,1175548.1749494884,1174301.7559570891,1230581.3815378405,1154998.6989934512,2023-07-01
unemployment,2023-07-01,2024-03-01,8,1350400.0,1175548.1795175627,1174301.7559570891,1241035.5014490373,1167450.8537936392,2023-07-01
unemployment,2023-07-01,2024-04-01,9,1360600.0,1175548.1801963868,1174301.7559570891,1244800.4539401762,1179191.1159540133,2023-07-01
unemployment,2023-07-01,2024-05-01,10,1380700.0,1175548.1802972613,1174301.7559570891,1245201.8535972363,1189609.1974328612,2023-07-01
unemployment,2023-07-01,2024-06-01,11,1423000.0,1175548.1803122524,1174301.7559570891,1245362.0309007734,1200516.2012841632,2023-07-01
unemployment,2023-07-01,2024-07-01,12,1422200.0,1175548.1803144806,1174301.7559570891,1240898.0354441234,1213675.815730215,2023-07-01
unemployment,2023-08-01,2023-09-01,1,1181400.0,1163591.8300918383,1163152.6826495202,1182446.8797197528,1089426.0515654448,2023-08-01
unemployment,2023-08-01,2023-10-01,2,1235900.0,1163427.5763317074,1163152.6826495202,1196303.146266048,1092825.5527645587,2023-08-01
unemployment,2023-08-01,2023-11-01,3,1253300.0,1163403.2191821302,1163152.6826495202,1194385.1967119097,1095582.9779380378,2023-08-01
unemployment,2023-08-01,2023-12-01,4,1263300.0,1163399.6070170752,1163152.6826495202,1192036.3975409742,1098491.7074451223,2023-08-01
unemployment,2023-08-01,2024-01-01,5,1246400.0,1163399.0713275475,1163152.6826495202,1205530.6864101114,1102574.031380524,2023-08-01
unemployment,2023-08-01,2024-02-01,6,1300900.0,1163398.991883862,1163152.6826495202,1222184.4719587816,1105324.929020665,2023-08-01
unemployment,2023-08-01,2024-03-01,7,1350400.0,1163398.9801022224,1163152.6826495202,1231228.9307587328,1108431.9506609587,2023-08-01
unemployment,2023-08-01,2024-04-01,8,1360600.0,1163398.9783549854,1163152.6826495202,1234455.385549536,1109800.4645924903,2023-08-01
unemployment,2023-08-01,2024-05-01,9,1380700.0,1163398.9780958672,1163152.6826495202,1234715.7991514688,1108498.4348899052,2023-08-01
unemployment,2023-08-01,2024-06-01,10,1423000.0,1163398.9780574385,1163152.6826495202,1236557.188148162,1105450.8126974567,2023-08-01
unemployment,2023-08-01,2024-07-01,11,1422200.0,1163398.9780517388,1163152.6826495202,1232517.9640817917,1100953.1069768034,2023-08-01
unemployment,2023-08-01,2024-08-01,12,1460100.0,1163398.9780508936,1163152.6826495202,1232903.4530188087,1095273.4267734801,2023-08-01
unemployment,2023-09-01,2023-10-01,1,1235900.0,1183893.5339985746,1184371.5770122027,1199238.7078230965,1131249.82771959,2023-09-01
unemployment,2023-09-01,2023-11-01,2,1253300.0,1184263.2719141366,1184371.5770122027,1199948.6182480438,1144554.944900245,2023-09-01
unemployment,2023-09-01,2023-12-01,3,1263300.0,1184318.0396719426,1184371.5770122027,1200232.6694000892,1159287.7155714605,2023-09-01
unemployment,2023-09-01,2024-01-01,4,1246400.0,1184326.150956118,1184371.5770122027,1220569.9664896205,1176128.104369716,2023-09-01
unemployment,2023-09-01,2024-02-01,5,1300900.0,1184327.352236684,1184371.5770122027,1239467.6050744574,1194512.7239689894,2023-09-01
unemployment,2023-09-01,2024-03-01,6,1350400.0,1184327.5301456484,1184371.5770122027,1253863.8580482805,1216881.8605733002,2023-09-01
unemployment,2023-09-01,2024-04-01,7,1360600.0,1184327.5564938502,1184371.5770122027,1259111.427090158,1239214.4046398934,2023-09-01
unemployment,2023-09-01,2024-05-01,8,1380700.0,1184327.5603960021,1184371.5770122027,1263923.5171638627,1261072.5842311636,2023-09-01
unemployment,2023-09-01,2024-06-01,9,1423000.0,1184327.560973909,1184371.5770122027,1268548.9822841939,1286305.2528979946,2023-09-01
unemployment,2023-09-01,2024-07-01,10,1422200.0,1184327.5610594975,1184371.5770122027,1266844.8866520475,1317849.5959586564,2023-09-01
unemployment,2023-09-01,2024-08-01,11,1460100.0,1184327.5610721728,1184371.5770122027,1268238.1941713903,1355699.8816261245,2023-09-01
unemployment,2023-09-01,2024-09-01,12,1435900.0,1184327.5610740494,1184371.5770122027,1268865.8549930246,1394908.1167328057,2023-09-01
unemployment,2023-10-01,2023-11-01,1,1253300.0,1244253.7000000984,1244508.8467665822,1237304.5175402986,1137618.7370044284,2023-10-01
unemployment,2023-10-01,2023-12-01,2,1263300.0,1245506.3269511133,1244508.8467665822,1232091.0712677168,1155600.9244681045,2023-10-01
unemployment,2023-10-01,2024-01-01,3,1246400.0,1245693.5396254612,1244508.8467665822,1252936.6368897718,1175665.4195175504,2023-10-01
unemployment,2023-10-01,2024-02-01,4,1300900.0,1245721.5059335048,1244508.8467665822,1271292.3946927877,1197960.8306155817,2023-10-01
unemployment,2023-10-01,2024-03-01,5,1350400.0,1245725.6833051862,1244508.8467665822,1285319.9608179273,1223029.3870373077,2023-10-01
unemployment,2023-10-01,2024-04-01,6,1360600.0,1245726.307278956,1244508.8467665822,1281323.514391404,1247439.9743265565,2023-10-01
unemployment,2023-10-01,2024-05-01,7,1380700.0,1245726.4004817307,1244508.8467665822,1290362.05122129,1270954.0068906492,2023-10-01
unemployment,2023-10-01,2024-06-01,8,1423000.0,1245726.414403397,1244508.8467665822,1295671.5152603718,1294769.5686676942,2023-10-01
unemployment,2023-10-01,2024-07-01,9,1422200.0,1245726.4164828712,1244508.8467665822,1293891.0153887672,1321574.0948294858,2023-10-01
unemployment,2023-10-01,2024-08-01,10,1460100.0,1245726.416793481,1244508.8467665822,1288766.8098317913,1349268.4548582223,2023-10-01
unemployment,2023-10-01,2024-09-01,11,1435900.0,1245726.4168398757,1244508.8467665822,1287621.7043877789,1374072.0817307623,2023-10-01
unemployment,2023-10-01,2024-10-01,12,1467300.0,1245726.4168468064,1244508.8467665822,1288962.1274227488,1390325.7539984416,2023-10-01
unemployment,2023-11-01,2023-12-01,1,1263300.0,1255931.83325696,1254740.1608314535,1251169.38020482,1182940.553591275,2023-11-01
unemployment,2023-11-01,2024-01-01,2,1246400.0,1256327.2029436429,1254740.1608314535,1271654.8652960618,1201800.5180760385,2023-11-01
unemployment,2023-11-01,2024-02-01,3,1300900.0,1256386.5368830594,1254740.1608314535,1292323.1773414053,1221335.1077830144,2023-11-01
unemployment,2023-11-01,2024-03-01,4,1350400.0,1256395.439879341,1254740.1608314535,1311158.5440810816,1243120.9903976982,2023-11-01
unemployment,2023-11-01,2024-04-01,5,1360600.0,1256396.7757338977,1254740.1608314535,1308277.4051819667,1264803.4385054805,2023-11-01
unemployment,2023-11-01,2024-05-01,6,1380700.0,1256396.9761721727,1254740.1608314535,1317023.2431675228,1285514.0621167845,2023-11-01
unemployment,2023-11-01,2024-06-01,7,1423000.0,1256397.006246915,1254740.1608314535,1325711.7749759185,1306639.6618494813,2023-11-01
unemployment,2023-11-01,2024-07-01,8,1422200.0,1256397.0107594766,1254740.1608314535,1327469.8378883952,1328100.4801367656,2023-11-01
unemployment,2023-11-01,2024-08-01,9,1460100.0,1256397.0114365635,1254740.1608314535,1324134.881478391,1347746.7515741966,2023-11-01
unemployment,2023-11-01,2024-09-01,10,1435900.0,1256397.0115381577,1254740.1608314535,1321774.9387002974,1362990.5168575116,2023-11-01
unemployment,2023-11-01,2024-10-01,11,1467300.0,1256397.0115534011,1254740.1608314535,1323062.620006386,1375094.002990067,2023-11-01
unemployment,2023-11-01,2024-11-01,12,1559700.0,1256397.0115556887,1254740.1608314535,1318008.5501908069,1387708.5119605686,2023-11-01
unemployment,2023-12-01,2024-01-01,1,1246400.0,1264809.0158678058,1264707.112420528,1296722.3018763056,1207963.58435464,2023-12-01
unemployment,2023-12-01,2024-02-01,2,1300900.0,1265035.8466120819,1264707.112420528,1323761.7081485558,1233150.3198701206,2023-12-01
unemployment,2023-12-01,2024-03-01,3,1350400.0,1265069.9232449147,1264707.112420528,1351781.5945536976,1262747.0793086605,2023-12-01
unemployment,2023-12-01,2024-04-01,4,1360600.0,1265075.0421063262,1264707.112420528,1370160.39618076,1289367.120934376,2023-12-01
unemployment,2023-12-01,2024-05-01,5,1380700.0,1265075.8110319814,1264707.112420528,1385683.2455690326,1316265.2889871595,2023-12-01
unemployment,2023-12-01,2024-06-01,6,1423000.0,1265075.9265353023,1264707.112420528,1407483.2212935132,1343264.7930421678,2023-12-01
unemployment,2023-12-01,2024-07-01,7,1422200.0,1265075.9438855008,1264707.112420528,1417481.9180786312,1367621.9534662247,2023-12-01
unemployment,2023-12-01,2024-08-01,8,1460100.0,1265075.9464917416,1264707.112420528,1429103.581832062,1390633.7371030494,2023-12-01
unemployment,2023-12-01,2024-09-01,9,1435900.0,1265075.9468832356,1264707.112420528,1435449.5046182405,1408617.8115368097,2023-12-01
unemployment,2023-12-01,2024-10-01,10,1467300.0,1265075.9469420433,1264707.112420528,1442437.758708575,1423577.6740413376,2023-12-01
unemployment,2023-12-01,2024-11-01,11,1559700.0,1265075.9469508773,1264707.112420528,1440026.4455295394,1437056.4213157292,2023-12-01
unemployment,2023-12-01,2024-12-01,12,1502600.0,1265075.946952203,1264707.112420528,1435411.0803896803,1447450.391257889,2023-12-01
unemployment,2024-01-01,2024-02-01,1,1300900.0,1243885.0237678946,1243432.1734542144,1261078.0470765103,1225990.3448468072,2024-01-01
unemployment,2024-01-01,2024-03-01,2,1350400.0,1243508.2827132884,1243432.1734542144,1288876.9623015744,1245651.576281237,2024-01-01
unemployment,2024-01-01,2024-04-01,3,1360600.0,1243451.7915108334,1243432.1734542144,1298650.838591834,1265121.0004092213,2024-01-01
unemployment,2024-01-01,2024-05-01,4,1380700.0,1243443.3195685293,1243432.1734542144,1296286.7458619424,1283930.4622564067,2024-01-01
unemployment,2024-01-01,2024-06-01,5,1423000.0,1243442.0490096298,1243432.1734542144,1311615.499903472,1302126.3290606837,2024-01-01
unemployment,2024-01-01,2024-07-01,6,1422200.0,1243441.8584600203,1243432.1734542144,1320126.7542560648,1318021.776087155,2024-01-01
unemployment,2024-01-01,2024-08-01,7,1460100.0,1243441.8298826974,1243432.1734542144,1319992.7285396263,1333233.196468574,2024-01-01
unemployment,2024-01-01,2024-09-01,8,1435900.0,1243441.825596867,1243432.1734542144,1313327.9511754676,1345625.5347024326,2024-01-01
unemployment,2024-01-01,2024-10-01,9,1467300.0,1243441.8249541067,1243432.1734542144,1312643.029880235,1356429.261816783,2024-01-01
unemployment,2024-01-01,2024-11-01,10,1559700.0,1243441.8248577102,1243432.1734542144,1312695.9888735006,1366568.4537387113,2024-01-01
unemployment,2024-01-01,2024-12-01,11,1502600.0,1243441.8248432537,1243432.1734542144,1308342.6205422026,1374672.710822235,2024-01-01
unemployment,2024-01-01,2025-01-01,12,1495300.0,1243441.8248410847,1243432.1734542144,1310904.5819164044,1383457.800286015,2024-01-01
unemployment,2024-02-01,2024-03-01,1,1350400.0,1309206.702608339,1310463.4685391425,1331963.546824904,1324425.7309990819,2024-02-01
unemployment,2024-02-01,2024-04-01,2,1360600.0,1310446.654538799,1310463.4685391425,1336819.2264260482,1350352.4623956017,2024-02-01
unemployment,2024-02-01,2024-05-01,3,1380700.0,1310631.1688929559,1310463.4685391425,1335762.5419323163,1369840.1182934535,2024-02-01
unemployment,2024-02-01,2024-06-01,4,1423000.0,1310658.613338754,1310463.4685391425,1353898.9933739004,1384729.5890855668,2024-02-01
unemployment,2024-02-01,2024-07-01,5,1422200.0,1310662.695112021,1310463.4685391425,1363395.5149954082,1394397.418836012,2024-02-01
unemployment,2024-02-01,2024-08-01,6,1460100.0,1310663.3021821207,1310463.4685391425,1355538.6889720093,1400542.892892587,2024-02-01
unemployment,2024-02-01,2024-09-01,7,1435900.0,1310663.3924697288,1310463.4685391425,1353966.8265897816,1401099.768304729,2024-02-01
unemployment,2024-02-01,2024-10-01,8,1467300.0,1310663.4058979158,1310463.4685391425,1355751.3710648655,1397464.4251455131,2024-02-01
unemployment,2024-02-01,2024-11-01,9,1559700.0,1310663.4078950477,1310463.4685391425,1356931.1552514315,1394248.897640684,2024-02-01
unemployment,2024-02-01,2024-12-01,10,1502600.0,1310663.4081920735,1310463.4685391425,1346736.869721043,1388727.326260657,2024-02-01
unemployment,2024-02-01,2025-01-01,11,1495300.0,1310663.408236249,1310463.4685391425,1347666.5388419682,1380463.8340338892,2024-02-01
unemployment,2024-02-01,2025-02-01,12,1483800.0,1310663.408242819,1310463.4685391425,1346146.5995789352,1368499.3301533929,2024-02-01
unemployment,2024-03-01,2024-04-01,1,1360600.0,1358059.479974448,1357080.2325553969,1358502.2350544722,1340707.2567324599,2024-03-01
unemployment,2024-03-01,2024-05-01,2,1380700.0,1359223.3225061095,1357080.2325553969,1356474.0639033073,1367948.6787632152,2024-03-01
unemployment,2024-03-01,2024-06-01,3,1423000.0,1359399.6782901331,1357080.2325553969,1377109.2171320787,1393230.3795354022,2024-03-01
unemployment,2024-03-01,2024-07-01,4,1422200.0,1359426.3901088322,1357080.2325553969,1391612.2162676472,1414549.2853072297,2024-03-01
unemployment,2024-03-01,2024-08-01,5,1460100.0,1359430.4357716383,1357080.2325553969,1384981.235802832,1430071.4896002242,2024-03-01
unemployment,2024-03-01,2024-09-01,6,1435900.0,1359431.0485052974,1357080.2325553969,1382527.463888109,1438244.8426205628,2024-03-01
unemployment,2024-03-01,2024-10-01,7,1467300.0,1359431.1413064064,1357080.2325553969,1387844.1042275478,1440293.0021421476,2024-03-01
unemployment,2024-03-01,2024-11-01,8,1559700.0,1359431.1553615232,1357080.2325553969,1392693.8426438526,1441539.1198630868,2024-03-01
unemployment,2024-03-01,2024-12-01,9,1502600.0,1359431.1574902306,1357080.2325553969,1384215.8802234153,1439096.5780885143,2024-03-01
unemployment,2024-03-01,2025-01-01,10,1495300.0,1359431.157812633,1357080.2325553969,1383760.7051601985,1433362.5398601757,2024-03-01
unemployment,2024-03-01,2025-02-01,11,1483800.0,1359431.1578614612,1357080.2325553969,1382043.2271527278,1422121.1875624137,2024-03-01
unemployment,2024-03-01,2025-03-01,12,1520600.0,1359431.1578688554,1357080.2325553969,1384499.5849250152,1412346.0793877165,2024-03-01
unemployment,2024-04-01,2024-05-01,1,1380700.0,1362153.003916667,1361181.9000324246,1356375.8091975274,1364112.922839458,2024-04-01
unemployment,2024-04-01,2024-06-01,2,1423000.0,1362388.589897752,1361181.9000324246,1375148.888922207,1384725.0445811544,2024-04-01
unemployment,2024-04-01,2024-07-01,3,1422200.0,1362424.3076679374,1361181.9000324246,1387849.8561146366,1403336.959597558,2024-04-01
unemployment,2024-04-01,2024-08-01,4,1460100.0,1362429.7224694882,1361181.9000324246,1377170.383170768,1416903.2054414384,2024-04-01
unemployment,2024-04-01,2024-09-01,5,1435900.0,1362430.5433410103,1361181.9000324246,1373556.096006221,1419322.3127424628,2024-04-01
unemployment,2024-04-01,2024-10-01,6,1467300.0,1362430.6677830112,1361181.9000324246,1375486.0125271347,1414474.469821671,2024-04-01
unemployment,2024-04-01,2024-11-01,7,1559700.0,1362430.686648092,1361181.9000324246,1379262.417991522,1410362.8951191402,2024-04-01
unemployment,2024-04-01,2024-12-01,8,1502600.0,1362430.6895079887,1361181.9000324246,1368275.4159956456,1402667.0175706674,2024-04-01
unemployment,2024-04-01,2025-01-01,9,1495300.0,1362430.689941542,1361181.9000324246,1366230.3711018227,1391809.3029589425,2024-04-01
unemployment,2024-04-01,2025-02-01,10,1483800.0,1362430.6900072664,1361181.9000324246,1362789.0996888273,1372961.687718883,2024-04-01
unemployment,2024-04-01,2025-03-01,11,1520600.0,1362430.69001723,1361181.9000324246,1364512.6854412362,1356760.706638234,2024-04-01
unemployment,2024-04-01,2025-04-01,12,1553500.0,1362430.6900187402,1361181.9000324246,1362587.7628547042,1342520.2299218792,2024-04-01
unemployment,2024-05-01,2024-06-01,1,1423000.0,1383777.1544657324,1383951.9523239941,1402064.8200173853,1301891.979809045,2024-05-01
unemployment,2024-05-01,2024-07-01,2,1422200.0,1384244.8844483634,1383951.9523239941,1412365.4401515033,1305494.5662437833,2024-05-01
unemployment,2024-05-01,2024-08-01,3,1460100.0,1384315.9025294578,1383951.9523239941,1403035.6096200198,1306319.7258487113,2024-05-01
unemployment,2024-05-01,2024-09-01,4,1435900.0,1384326.6838253306,1383951.9523239941,1402102.4679810414,1301924.9414076277,2024-05-01
unemployment,2024-05-01,2024-10-01,5,1467300.0,1384328.3204990611,1383951.9523239941,1404848.418697344,1295244.5918481133,2024-05-01
unemployment,2024-05-01,2024-11-01,6,1559700.0,1384328.5689562731,1383951.9523239941,1405135.3243903536,1288716.2798865747,2024-05-01
unemployment,2024-05-01,2024-12-01,7,1502600.0,1384328.6066735955,1383951.9523239941,1397522.504734397,1281560.7140055008,2024-05-01
unemployment,2024-05-01,2025-01-01,8,1495300.0,1384328.6123993155,1383951.9523239941,1398030.2879602413,1275075.5265704186,2024-05-01
unemployment,2024-05-01,2025-02-01,9,1483800.0,1384328.6132685158,1383951.9523239941,1395728.0595716222,1264912.4156140985,2024-05-01
unemployment,2024-05-01,2025-03-01,10,1520600.0,1384328.6134004665,1383951.9523239941,1394401.4720732064,1257795.3634701571,2024-05-01
unemployment,2024-05-01,2025-04-01,11,1553500.0,1384328.613420498,1383951.9523239941,1391792.3337162451,1253473.929534471,2024-05-01
unemployment,2024-05-01,2025-05-01,12,1571000.0,1384328.61342354,1383951.9523239941,1385333.857805149,1249158.3444370956,2024-05-01
unemployment,2024-06-01,2024-07-01,1,1422200.0,1429569.9780016174,1429593.2836533682,1437180.11084812,1330135.6525596497,2024-06-01
unemployment,2024-06-01,2024-08-01,2,1460100.0,1430575.5266480627,1429593.2836533682,1426678.0891237934,1329688.2422562833,2024-06-01
unemployment,2024-06-01,2024-09-01,3,1435900.0,1430729.0822520289,1429593.2836533682,1428506.997038308,1322804.2445145238,2024-06-01
unemployment,2024-06-01,2024-10-01,4,1467300.0,1430752.5234139941,1429593.2836533682,1436863.3326520175,1310920.0627880276,2024-06-01
unemployment,2024-06-01,2024-11-01,5,1559700.0,1430756.1016570504,1429593.2836533682,1438721.5057909966,1298840.9326576092,2024-06-01
unemployment,2024-06-01,2024-12-01,6,1502600.0,1430756.647863801,1429593.2836533682,1430241.4760260477,1286083.093021841,2024-06-01
unemployment,2024-06-01,2025-01-01,7,1495300.0,1430756.7312403196,1429593.2836533682,1434840.401537494,1271549.8285378728,2024-06-01
unemployment,2024-06-01,2025-02-01,8,1483800.0,1430756.7439674463,1429593.2836533682,1436888.1118521322,1254694.9798542047,2024-06-01
unemployment,2024-06-01,2025-03-01,9,1520600.0,1430756.7459101968,1429593.2836533682,1437844.8546659092,1238869.5576032905,2024-06-01
unemployment,2024-06-01,2025-04-01,10,1553500.0,1430756.7462067509,1429593.2836533682,1433617.0702404769,1225261.99450096,2024-06-01
unemployment,2024-06-01,2025-05-01,11,1571000.0,1430756.746252018,1429593.2836533682,1426971.7065850645,1212591.77068585,2024-06-01
unemployment,2024-06-01,2025-06-01,12,1548400.0,1430756.7462589284,1429593.2836533682,1424643.0381490407,1203168.8310571176,2024-06-01
unemployment,2024-07-01,2024-08-01,1,1460100.0,1422078.1776857446,1420980.496640748,1412793.5444780365,1351075.0910395647,2024-07-01
unemployment,2024-07-01,2024-09-01,2,1435900.0,1422059.6217444942,1420980.496640748,1417736.5683504727,1351074.3631382827,2024-07-01
unemployment,2024-07-01,2024-10-01,3,1467300.0,1422056.7951903977,1420980.496640748,1426928.4779484433,1348192.851812512,2024-07-01
unemployment,2024-07-01,2024-11-01,4,1559700.0,1422056.3646297005,1420980.496640748,1431376.4623388029,1343391.5111537366,2024-07-01
unemployment,2024-07-01,2024-12-01,5,1502600.0,1422056.29904359,1420980.496640748,1423813.3020154256,1337413.6508136946,2024-07-01
unemployment,2024-07-01,2025-01-01,6,1495300.0,1422056.2890530399,1420980.496640748,1433605.6154443156,1332380.0726339142,2024-07-01
unemployment,2024-07-01,2025-02-01,7,1483800.0,1422056.2875312073,1420980.496640748,1434754.229344297,1323147.695502165,2024-07-01
unemployment,2024-07-01,2025-03-01,8,1520600.0,1422056.2872993913,1420980.496640748,1436885.0711022173,1314994.56521287,2024-07-01
unemployment,2024-07-01,2025-04-01,9,1553500.0,1422056.2872640793,1420980.496640748,1433743.392451517,1307868.229091175,2024-07-01
unemployment,2024-07-01,2025-05-01,10,1571000.0,1422056.2872587014,1420980.496640748,1430474.815517681,1299568.405142003,2024-07-01
unemployment,2024-07-01,2025-06-01,11,1548400.0,1422056.2872578828,1420980.496640748,1429124.4919751314,1292844.0622697538,2024-07-01
unemployment,2024-07-01,2025-07-01,12,1559900.0,1422056.2872577591,1420980.496640748,1425460.8695802314,1289017.9585265024,2024-07-01
unemployment,2024-08-01,2024-09-01,1,1435900.0,1465960.0147280088,1466671.0201447215,1469481.5630097927,1419299.8356497881,2024-08-01
unemployment,2024-08-01,2024-10-01,2,1467300.0,1466854.538013388,1466671.0201447215,1473887.672393362,1408737.0665651113,2024-08-01
unemployment,2024-08-01,2024-11-01,3,1559700.0,1466990.8190041122,1466671.0201447215,1481638.5982229048,1398761.7310029177,2024-08-01
unemployment,2024-08-01,2024-12-01,4,1502600.0,1467011.5752845998,1466671.0201447215,1478905.5719747043,1385852.526227009,2024-08-01
unemployment,2024-08-01,2025-01-01,5,1495300.0,1467014.7364271032,1466671.0201447215,1490248.1391309306,1368619.9651119432,2024-08-01
unemployment,2024-08-01,2025-02-01,6,1483800.0,1467015.2178598389,1466671.0201447215,1484662.3355177487,1348112.6811703139,2024-08-01
unemployment,2024-08-01,2025-03-01,7,1520600.0,1467015.2911805564,1466671.0201447215,1494047.6965339512,1331268.0427327675,2024-08-01
unemployment,2024-08-01,2025-04-01,8,1553500.0,1467015.3023470726,1466671.0201447215,1495911.223300861,1317752.911665981,2024-08-01
unemployment,2024-08-01,2025-05-01,9,1571000.0,1467015.3040476989,1466671.0201447215,1494624.568834945,1305323.4326250504,2024-08-01
unemployment,2024-08-01,2025-06-01,10,1548400.0,1467015.3043066985,1466671.0201447215,1487141.218102185,1294487.2902496487,2024-08-01
unemployment,2024-08-01,2025-07-01,11,1559900.0,1467015.3043461447,1466671.0201447215,1482306.455143213,1285529.2386364944,2024-08-01
unemployment,2024-08-01,2025-08-01,12,1590100.0,1467015.3043521512,1466671.0201447215,1482229.3291976557,1277970.124381759,2024-08-01
unemployment,2024-09-01,2024-10-01,1,1467300.0,1432276.42903644,1430924.4829708156,1438760.3418172423,1390760.2877557867,2024-09-01
unemployment,2024-09-01,2024-11-01,2,1559700.0,1431729.4014205004,1430924.4829708156,1450697.3502491931,1379517.904216607,2024-09-01
unemployment,2024-09-01,2024-12-01,3,1502600.0,1431646.7180871156,1430924.4829708156,1446918.1862988735,1365693.7627207933,2024-09-01
unemployment,2024-09-01,2025-01-01,4,1495300.0,1431634.2181519829,1430924.4829708156,1456987.5979881152,1348643.684936207,2024-09-01
unemployment,2024-09-01,2025-02-01,5,1483800.0,1431632.3283783025,1430924.4829708156,1451434.6564859087,1328791.2503029406,2024-09-01
unemployment,2024-09-01,2025-03-01,6,1520600.0,1431632.0426760367,1430924.4829708156,1467029.718111593,1311124.729183849,2024-09-01
unemployment,2024-09-01,2025-04-01,7,1553500.0,1431631.9994825905,1430924.4829708156,1464698.510953448,1295342.0298079776,2024-09-01
unemployment,2024-09-01,2025-05-01,8,1571000.0,1431631.9929524565,1430924.4829708156,1461651.2369771805,1281577.8496395478,2024-09-01
unemployment,2024-09-01,2025-06-01,9,1548400.0,1431631.9919652082,1430924.4829708156,1453833.6045668256,1268099.4699892811,2024-09-01
unemployment,2024-09-01,2025-07-01,10,1559900.0,1431631.9918159517,1430924.4829708156,1453984.3105684528,1255516.3868796732,2024-09-01
unemployment,2024-09-01,2025-08-01,11,1590100.0,1431631.9917933866,1430924.4829708156,1455076.8282599293,1243605.0045092013,2024-09-01
unemployment,2024-09-01,2025-09-01,12,1596100.0,1431631.9917899764,1430924.4829708156,1453881.0237100061,1233966.73653202,2024-09-01
unemployment,2024-10-01,2024-11-01,1,1559700.0,1472080.287330311,1473287.3945848574,1483595.093134242,1333047.10630349,2024-10-01
unemployment,2024-10-01,2024-12-01,2,1502600.0,1472800.3914302273,1473287.3945848574,1477901.7675623808,1320354.0886099306,2024-10-01
unemployment,2024-10-01,2025-01-01,3,1495300.0,1472908.6959115195,1473287.3945848574,1491347.1538782525,1305251.1276982832,2024-10-01
unemployment,2024-10-01,2025-02-01,4,1483800.0,1472924.9811370724,1473287.3945848574,1491729.4727906666,1288131.8114380646,2024-10-01
unemployment,2024-10-01,2025-03-01,5,1520600.0,1472927.42978036,1473287.3945848574,1509427.6562912783,1269901.838719989,2024-10-01
unemployment,2024-10-01,2025-04-01,6,1553500.0,1472927.7979558902,1473287.3945848574,1505217.5020973694,1252526.104671565,2024-10-01
unemployment,2024-10-01,2025-05-01,7,1571000.0,1472927.853314345,1473287.3945848574,1507213.4241330405,1235020.7648787918,2024-10-01
unemployment,2024-10-01,2025-06-01,8,1548400.0,1472927.8616379779,1473287.3945848574,1504392.9007000325,1216753.2538754437,2024-10-01
unemployment,2024-10-01,2025-07-01,9,1559900.0,1472927.862889511,1473287.3945848574,1507094.705939404,1200656.0866457738,2024-10-01
unemployment,2024-10-01,2025-08-01,10,1590100.0,1472927.863077691,1473287.3945848574,1505716.5000853708,1187680.2700985149,2024-10-01
unemployment,2024-10-01,2025-09-01,11,1596100.0,1472927.8631059853,1473287.3945848574,1504324.9987929154,1178070.8864080005,2024-10-01
unemployment,2024-10-01,2025-10-01,12,1550700.0,1472927.8631102396,1473287.3945848574,1504261.6684598913,1169839.7208432928,2024-10-01
unemployment,2024-11-01,2024-12-01,1,1502600.0,1574332.9738343742,1574512.6639793683,1560073.192980217,1431515.8518595905,2024-11-01
unemployment,2024-11-01,2025-01-01,2,1495300.0,1576582.5804691974,1574512.6639793683,1566062.4854152035,1419055.4228283183,2024-11-01
unemployment,2024-11-01,2025-02-01,3,1483800.0,1576926.852492044,1574512.6639793683,1571371.8980510386,1402369.8553746606,2024-11-01
unemployment,2024-11-01,2025-03-01,4,1520600.0,1576979.5019734371,1574512.6639793683,1597715.763352778,1387100.6740679303,2024-11-01
unemployment,2024-11-01,2025-04-01,5,1553500.0,1576987.5527942576,1574512.6639793683,1595092.5129080622,1373580.5853022882,2024-11-01
unemployment,2024-11-01,2025-05-01,6,1571000.0,1576988.7838540408,1574512.6639793683,1586091.417713723,1361737.4353928198,2024-11-01
unemployment,2024-11-01,2025-06-01,7,1548400.0,1576988.9720962637,1574512.6639793683,1594477.7973652547,1350261.6032743303,2024-11-01
unemployment,2024-11-01,2025-07-01,8,1559900.0,1576989.000880506,1574512.6639793683,1605679.5402305613,1338431.276190198,2024-11-01
unemployment,2024-11-01,2025-08-01,9,1590100.0,1576989.0052819233,1574512.6639793683,1607945.8358315814,1325585.5392663395,2024-11-01
unemployment,2024-11-01,2025-09-01,10,1596100.0,1576989.0059549462,1574512.6639793683,1596438.235692299,1314329.6867232139,2024-11-01
unemployment,2024-11-01,2025-10-01,11,1550700.0,1576989.0060578573,1574512.6639793683,1594410.8258909867,1302549.6668286892,2024-11-01
unemployment,2024-11-01,2025-11-01,12,1483900.0,1576989.006073595,1574512.6639793683,1586587.5567096889,1293157.4163108158,2024-11-01
unemployment,2024-12-01,2025-01-01,1,1495300.0,1494376.3784595411,1491423.4756447983,1513570.8365166492,1451066.6079617837,2024-12-01
unemployment,2024-12-01,2025-02-01,2,1483800.0,1493170.1274114961,1491423.4756447983,1530916.8109991555,1447347.7339464512,2024-12-01
unemployment,2024-12-01,2025-03-01,3,1520600.0,1492992.7171621579,1491423.4756447983,1559902.8933869204,1442846.2369129586,2024-12-01
unemployment,2024-12-01,2025-04-01,4,1553500.0,1492966.614111026,1491423.4756447983,1568937.0966900894,1438374.9921174939,2024-12-01
unemployment,2024-12-01,2025-05-01,5,1571000.0,1492962.7732456506,1491423.4756447983,1563427.3228978869,1432343.93958533,2024-12-01
unemployment,2024-12-01,2025-06-01,6,1548400.0,1492962.2080866997,1491423.4756447983,1592373.3672803207,1425434.7601685715,2024-12-01
unemployment,2024-12-01,2025-07-01,7,1559900.0,1492962.1249270428,1491423.4756447983,1599747.588069562,1419923.0987683358,2024-12-01
unemployment,2024-12-01,2025-08-01,8,1590100.0,1492962.1126906103,1491423.4756447983,1607935.9941588303,1413628.5721961416,2024-12-01
unemployment,2024-12-01,2025-09-01,9,1596100.0,1492962.1108900933,1491423.4756447983,1600455.1773058928,1408254.9922415377,2024-12-01
unemployment,2024-12-01,2025-10-01,10,1550700.0,1492962.1106251576,1491423.4756447983,1611861.1250777808,1401705.3854240293,2024-12-01
unemployment,2024-12-01,2025-11-01,11,1483900.0,1492962.1105861755,1491423.4756447983,1609750.2055123209,1396200.18386753,2024-12-01
unemployment,2024-12-01,2025-12-01,12,1551700.0,1492962.110580439,1491423.4756447983,1606550.7180194934,1394946.8186968695,2024-12-01
